championnat,saison,joueur,clubs,minutes,matchs,titularisations,entrees,date_naissance,postes,nationalite,jiff
top14,2013/2014,Abdellatif Boutaty,Bayonne,548,17,4,13,1983-06-04,4,France,
top14,2013/2014,Adam Jaulhac,Union Bordeaux-Begles,760,15,12,3,1988-01-31,"4,5",France,
top14,2013/2014,Addison Lockley,Biarritz Olympique,599,15,5,10,1991-10-25,"3,4,5,6",Angleterre,
top14,2013/2014,Adrien Planté,Racing 92,1326,19,18,1,1985-04-21,"10,14",France,
top14,2013/2014,Agustin Figuerola,Oyonnax,1482,24,20,4,1985-01-27,9,Argentine,
top14,2013/2014,Akapusi Qera,Stade Toulousain,649,10,8,2,1984-04-24,"6,7,8",Fidji,
top14,2013/2014,Alasdair Strokosch,USAP,1585,22,20,2,1983-02-21,"5,6,7",Ecosse,
top14,2013/2014,Alban Placines,Biarritz Olympique,37,2,0,2,1993-04-23,"6,7",France,
top14,2013/2014,Albertus Buckle,Grenoble,1099,24,16,8,1983-09-09,"1,3",Afrique du Sud,
top14,2013/2014,Aled Brew,Biarritz Olympique,1100,19,12,7,1986-08-09,"6,11,12,14,15",Pays de Galles,
top14,2013/2014,Aled de Malmanche,Stade Francais Paris,263,10,2,8,1984-09-11,"1,2",Nouvelle Zélande,
top14,2013/2014,Alex Tulou,Montpellier Herault Rugby,1600,22,20,2,1987-03-21,"5,6,8",Samoa,
top14,2013/2014,Alexandre Bias,Montpellier Herault Rugby,1588,22,20,2,1981-04-21,"6,7,8",France,
top14,2013/2014,Alexandre Dardet,Grenoble,64,2,0,2,1993-01-31,1,France,
top14,2013/2014,Alexandre Dumoulin,Racing 92,430,11,5,6,1989-08-24,"10,12,14",France,
top14,2013/2014,Alexandre Flanquart,Stade Francais Paris,1124,20,15,5,1989-10-09,4,France,
top14,2013/2014,Alexandre Lapandry,ASM Clermont Auvergne,946,15,12,3,1989-04-13,"6,7",France,
top14,2013/2014,Alexandre Menini,Biarritz Olympique|RC Toulon,729,16,10,6,1983-08-05,1,France,
top14,2013/2014,Alexis Palisson,RC Toulon,352,9,5,4,1987-09-09,"11,12,14,15",France,
top14,2013/2014,Alfie Mafi,CA Brive,533,12,5,7,1988-06-08,"10,11,14,15",Tonga,
top14,2013/2014,Ali Williams,RC Toulon,1163,17,14,3,1981-04-30,"4,5",Nouvelle Zélande,
top14,2013/2014,Aliki Fakate,Union Bordeaux-Begles,1240,24,14,10,1985-09-04,"4,5",France,
top14,2013/2014,Anderson Neisen,CA Brive,52,1,1,0,1993-04-03,10,France,
top14,2013/2014,Andrew Farley,Grenoble,970,21,12,9,1980-08-21,"4,5",Australie,
top14,2013/2014,Andrew Mailei,CA Brive,1110,19,16,3,1980-05-24,"12,13",Nouvelle Zélande,
top14,2013/2014,Andrew Sheridan,RC Toulon,454,11,9,2,1979-11-01,1,Angleterre,
top14,2013/2014,Anthony Etrillard,Bayonne,241,12,1,11,1993-03-21,2,France,
top14,2013/2014,Anthony Floch,Montpellier Herault Rugby,758,14,9,5,1983-02-12,15,France,
top14,2013/2014,Anthony Hegarty,Grenoble,770,21,11,10,1987-05-11,"1,2",Australie,
top14,2013/2014,Anthony Tuitavake,Montpellier Herault Rugby,1503,23,19,4,1982-02-12,"10,11,12,13,14",Tonga,
top14,2013/2014,Antoine Battut,Racing 92,1373,20,19,1,1984-01-01,"6,7",France,
top14,2013/2014,Antoine Burban,Stade Francais Paris,1169,18,16,2,1987-07-22,"6,7,8",France,
top14,2013/2014,Antoine Guillamon,Oyonnax|Stade Toulousain,199,7,2,5,1991-06-04,"1,3",France,
top14,2013/2014,Antoine Tichit,Oyonnax,1050,24,12,12,1989-06-13,"1,3",France,
top14,2013/2014,Anton Peikrishvili,Castres Olympique,518,15,5,10,1987-09-18,3,Géorgie,
top14,2013/2014,Anton van Zyl,Stade Francais Paris,318,7,5,2,1980-02-23,"4,6",Afrique du Sud,
top14,2013/2014,Antonie Claassen,Castres Olympique,1777,26,23,3,1984-10-20,"6,8",France,
top14,2013/2014,Apisai Naikatini,CA Brive,49,1,1,0,1985-04-04,4,Fidji,
top14,2013/2014,Aranos Coetzee,CA Brive,637,16,5,11,1988-03-14,"1,3",Namibie,
top14,2013/2014,Aretz Iguiniz,Bayonne,1056,24,12,12,1983-06-03,"1,3",France,
top14,2013/2014,Arnaud Heguy,Biarritz Olympique,735,16,10,6,1985-01-23,2,France,
top14,2013/2014,Arnaud Mela,CA Brive,1804,25,23,2,1980-01-19,"4,5",France,
top14,2013/2014,Arnaud Mignardi,CA Brive,1604,22,21,1,1986-11-01,13,France,
top14,2013/2014,Arthur Bonneval,Stade Toulousain,84,4,0,4,1995-05-31,"12,15",France,
top14,2013/2014,Arthur Roulin,ASM Clermont Auvergne,69,2,1,1,1990-11-10,"7,8",France,
top14,2013/2014,Augustin Saint-Antoine,Biarritz Olympique,8,1,0,1,1994-05-25,7,France,
top14,2013/2014,Aurelien Rougerie,ASM Clermont Auvergne,1109,14,14,0,1980-09-26,"13,14",France,
top14,2013/2014,Bakkies Botha,RC Toulon,911,16,14,2,1979-09-22,4,Afrique du Sud,
top14,2013/2014,Baptiste Delage,CA Brive,235,3,3,0,2001-04-30,"11,13",France,
top14,2013/2014,Baptiste Serin,Union Bordeaux-Begles,40,2,0,2,1994-06-20,9,France,
top14,2013/2014,Barry Fa'amausili,Montpellier Herault Rugby,30,2,1,1,1988-05-14,3,Samoa,
top14,2013/2014,Bastien Fuster,Bayonne,650,9,8,1,1992-01-21,"10,11,14",Espagne,
top14,2013/2014,Bastien Le Picaut,Montpellier Herault Rugby,4,1,0,1,1991-04-19,,France,
top14,2013/2014,Ben Broster,Biarritz Olympique,595,16,6,10,1982-05-07,3,Angleterre,
top14,2013/2014,Ben Hand,Grenoble,1214,23,16,7,1982-04-24,"4,5,6",Australie,
top14,2013/2014,Benat Auzqui,Union Bordeaux-Begles,218,6,2,4,1983-08-01,"1,2",France,
top14,2013/2014,Benjamin Chabert,Stade Francais Paris,3,1,0,1,1989-02-13,3,France,
top14,2013/2014,Benjamin Dambielle,Racing 92,421,7,5,2,1985-07-15,"10,14,15",France,
top14,2013/2014,Benjamin Desroches,Castres Olympique,222,6,3,3,1989-10-29,"4,5",France,
top14,2013/2014,Benjamin Fall,Racing 92,924,15,11,4,1989-04-29,"11,14,15",France,
top14,2013/2014,Benjamin Kayser,ASM Clermont Auvergne,698,15,8,7,1984-07-26,2,France,
top14,2013/2014,Benjamin Lapeyre,Racing 92,1320,19,16,3,1986-09-24,"11,15",France,
top14,2013/2014,Benjamin Macome,Stade Francais Paris,255,6,3,3,1986-01-10,"6,7,8",Argentine,
top14,2013/2014,Benjamin Noirot,RC Toulon,642,17,6,11,1980-12-17,2,France,
top14,2013/2014,Benjamin Sa,Union Bordeaux-Begles,694,17,9,8,1980-01-30,3,Nouvelle Zélande,
top14,2013/2014,Benjamin Thiery,Grenoble,1588,22,21,1,1984-06-02,"11,14,15",France,
top14,2013/2014,Benjamin Urdapilleta,Oyonnax,1550,23,20,3,1986-03-11,10,Argentine,
top14,2013/2014,Benoit Baby,Biarritz Olympique,763,13,10,3,1983-09-07,"10,12,13",France,
top14,2013/2014,Benoit Cabello,ASM Clermont Auvergne,423,14,6,8,1980-08-27,2,France,
top14,2013/2014,Benoit Guyot,Biarritz Olympique,1520,22,22,0,1989-01-18,"6,7",France,
top14,2013/2014,Benoit Paillaugue,Montpellier Herault Rugby,978,23,10,13,1987-11-17,"9,10",France,
top14,2013/2014,Benoit Sicart,Montpellier Herault Rugby,350,8,4,4,1990-04-23,"14,15",France,
top14,2013/2014,Benson Stanley,ASM Clermont Auvergne,1426,22,18,4,1984-09-11,"12,13,15",France,
top14,2013/2014,Bernard Le Roux,Racing 92,1288,21,15,6,1989-06-04,"5,6,7,8",France,
top14,2013/2014,Bertrand Guiry,USAP,319,9,4,5,1988-07-30,"6,7,8",France,
top14,2013/2014,Blair Connor,Union Bordeaux-Begles,1749,22,22,0,1988-09-29,11,Australie,
top14,2013/2014,Blair Stewart,Grenoble,1417,21,21,0,1983-10-02,10,Nouvelle Zélande,
top14,2013/2014,Brian Mujati,Racing 92,613,21,6,15,1984-09-28,"1,3",Afrique du Sud,
top14,2013/2014,Brice Dulin,Castres Olympique,1290,18,16,2,1990-04-13,"14,15",France,
top14,2013/2014,Brice Mach,Castres Olympique,1273,23,17,6,1986-04-02,2,France,
top14,2013/2014,Brock James,ASM Clermont Auvergne,1554,24,18,6,1981-10-22,10,France,
top14,2013/2014,Bruce Reihana,Union Bordeaux-Begles,457,6,6,0,1976-04-06,15,France,
top14,2013/2014,Bryan Habana,RC Toulon,466,7,6,1,1983-06-12,"11,14",Afrique du Sud,
top14,2013/2014,Cameron Treloar,Union Bordeaux-Begles,407,13,6,7,1980-05-13,"4,5,8",Australie,
top14,2013/2014,Camille Gerondeau,Racing 92,584,13,7,6,1988-03-12,"6,7,8",France,
top14,2013/2014,Camille Lopez,USAP,769,11,11,0,1989-04-03,10,France,
top14,2013/2014,Carl Hayman,RC Toulon,1313,25,17,8,1979-11-14,3,Nouvelle Zélande,
top14,2013/2014,Carl Wegner,Stade Francais Paris,88,4,1,3,1991-02-07,"4,5",Afrique du Sud,
top14,2013/2014,Cedric Beal,Grenoble,324,9,4,5,1986-10-17,"6,7,8",France,
top14,2013/2014,Census Johnston,Stade Toulousain,1181,24,18,6,1981-05-06,3,Samoa,
top14,2013/2014,Chad Slade,Oyonnax,471,8,8,0,1982-01-08,8,Samoa,
top14,2013/2014,Charles Brousse,Union Bordeaux-Begles,562,12,7,5,1990-11-30,"12,13,14,15",France,
top14,2013/2014,Charles Geli,Montpellier Herault Rugby,1016,23,14,9,1987-03-26,2,France,
top14,2013/2014,Charles Gimenez,Biarritz Olympique,1077,16,14,2,1988-02-11,"12,13",France,
top14,2013/2014,Charles Ollivon,Bayonne,443,9,6,3,1993-05-11,"4,7,8",France,
top14,2013/2014,Chiliboy Ralepelle,Stade Toulousain,392,10,5,5,1986-09-11,2,Afrique du Sud,
top14,2013/2014,Chris Masoe,RC Toulon,722,11,9,2,1979-05-15,"6,8",Nouvelle Zélande,
top14,2013/2014,Christophe Andre,Oyonnax,590,13,6,7,1986-10-05,"4,6,7,8",France,
top14,2013/2014,Christophe Loustalot,Bayonne,30,2,0,2,1992-04-07,9,France,
top14,2013/2014,Christophe Samson,Castres Olympique,1210,20,13,7,1984-03-01,4,France,
top14,2013/2014,Christopher Tolofua,Stade Toulousain,1304,27,15,12,1993-12-31,"1,2",France,
top14,2013/2014,Clement Ancely,Bayonne,80,1,1,0,1993-03-04,7,France,
top14,2013/2014,Clement Andrieux,ASM Clermont Auvergne,11,1,0,1,1993-10-12,2,France,
top14,2013/2014,Clement Baiocco,Oyonnax,658,18,8,10,1979-12-02,"1,3",France,
top14,2013/2014,Clement Maynadier,Union Bordeaux-Begles,647,23,8,15,1988-10-11,"2,7",France,
top14,2013/2014,Clement Poitrenaud,Stade Toulousain,1383,20,19,1,1982-05-20,"11,12,15",France,
top14,2013/2014,Clément Ric,ASM Clermont Auvergne,711,22,8,14,1988-07-18,3,France,
top14,2013/2014,Conrad Barnard,Oyonnax,296,7,2,5,1979-07-27,"10,11,15",Afrique du Sud,
top14,2013/2014,Craig Burden,RC Toulon,687,14,13,1,1985-05-13,2,Afrique du Sud,
top14,2013/2014,Cyril Baille,Stade Toulousain,534,15,5,10,1993-09-15,"1,2",France,
top14,2013/2014,Cédric Garcia,Castres Olympique,195,10,1,9,1982-12-28,9,France,
top14,2013/2014,Damian Browne,Oyonnax,1210,19,15,4,1980-05-17,"4,5",Irlande,
top14,2013/2014,Damien Chouly,ASM Clermont Auvergne,1016,19,11,8,1985-11-27,"6,7,8",France,
top14,2013/2014,Damien Lagrange,Oyonnax,833,21,9,12,1987-07-04,"4,5,6,7,8",France,
top14,2013/2014,Damien Lavergne,CA Brive,189,5,1,4,1991-12-15,1,France,
top14,2013/2014,Damien Neveu,CA Brive,459,18,3,15,1986-06-29,"9,10,12,15",France,
top14,2013/2014,Damien Traille,Biarritz Olympique,1291,18,16,2,1979-06-12,"12,15",France,
top14,2013/2014,Dan Lydiate,Racing 92,558,11,6,5,1987-12-18,"6,7",Pays de Galles,
top14,2013/2014,Danie Rossouw,RC Toulon,653,16,7,9,1978-05-06,"4,5,6,7,8",Afrique du Sud,
top14,2013/2014,Daniel Kilioni,Grenoble,149,3,2,1,1993-02-22,"10,11,14",Tonga,
top14,2013/2014,Daniel Kirkpatrick,Castres Olympique,1077,22,12,10,1988-08-28,"10,12,13",Nouvelle Zélande,
top14,2013/2014,Daniel Kotze,ASM Clermont Auvergne,568,14,8,6,1987-03-28,3,France,
top14,2013/2014,Daniel Leo,USAP,1158,20,14,6,1982-10-02,"4,5,6,8",Samoa,
top14,2013/2014,Daniel Waenga,Biarritz Olympique,1079,17,13,4,1985-11-06,"10,12,13",Nouvelle Zélande,
top14,2013/2014,Darly Domvo,Union Bordeaux-Begles,1630,25,20,5,1992-04-03,"11,13,15",France,
top14,2013/2014,David Attoub,Stade Francais Paris,603,16,8,8,1981-06-07,"1,3",France,
top14,2013/2014,David Lyons,Stade Francais Paris,550,10,6,4,1980-06-15,"6,7,8",Australie,
top14,2013/2014,David Marty,USAP,1154,22,15,7,1982-10-30,"11,12,13",France,
top14,2013/2014,David Roumieu,Bayonne,1642,25,23,2,1981-10-15,2,France,
top14,2013/2014,David Smith,RC Toulon,1311,18,16,2,1986-10-12,"11,14",Samoa,
top14,2013/2014,Davit Khinchagishvili,Racing 92,564,13,8,5,1982-07-24,1,France,
top14,2013/2014,Davit Kubriashvili,Stade Francais Paris,262,11,2,9,1986-12-03,3,Géorgie,
top14,2013/2014,Davit Zirakashvili,ASM Clermont Auvergne,818,15,11,4,1983-10-10,3,Géorgie,
top14,2013/2014,Dayna Edwards,Grenoble,1149,24,18,6,1985-03-14,3,Nouvelle Zélande,
top14,2013/2014,Delon Armitage,RC Toulon,1806,23,23,0,1983-12-15,15,Angleterre,
top14,2013/2014,Dewald Senekal,Bayonne,1300,23,20,3,1981-01-12,"4,5,6",France,
top14,2013/2014,Dewaldt Duvenage,USAP,1016,21,13,8,1988-05-22,"6,9,10",Afrique du Sud,
top14,2013/2014,Digby Ioane,Stade Francais Paris,659,10,8,2,1985-07-14,"11,13",Australie,
top14,2013/2014,Dimitri Szarzewski,Racing 92,1076,19,16,3,1983-01-26,2,France,
top14,2013/2014,Dimitri Yachvili,Biarritz Olympique,1361,22,17,5,1980-09-19,"9,10",France,
top14,2013/2014,Djibril Camara,Stade Francais Paris,790,12,11,1,1989-06-22,"11,14,15",France,
top14,2013/2014,Dominiko Waqaniburotu,CA Brive,1537,20,20,0,1986-04-20,"4,6,7",Fidji,
top14,2013/2014,Dorian Aldegheri,Stade Toulousain,27,3,0,3,1993-08-04,3,France,
top14,2013/2014,Drew Mitchell,RC Toulon,1412,19,18,1,1984-03-26,"11,14,15",Australie,
top14,2013/2014,Dug Codjo,Oyonnax,385,6,5,1,1987-04-22,"11,14",France,
top14,2013/2014,Dwayne Haare,Bayonne,933,21,12,9,1980-06-09,"4,6,7,8,11",Nouvelle Zélande,
top14,2013/2014,Eddy Ben Arous,Racing 92,655,20,5,15,1990-08-25,1,France,
top14,2013/2014,Edwin Maka,Stade Toulousain,67,5,0,5,1993-02-25,"4,5",France,
top14,2013/2014,Elvis Vermeulen,ASM Clermont Auvergne,236,8,4,4,1979-04-05,"6,8",France,
top14,2013/2014,Emmanuel Felsina,RC Toulon,251,7,2,5,1985-02-22,1,France,
top14,2013/2014,Emmanuel Saubusse,Union Bordeaux-Begles,623,20,5,15,1989-11-23,"9,10",France,
top14,2013/2014,Enzo Selponi,Montpellier Herault Rugby,134,3,2,1,1993-06-16,10,France,
top14,2013/2014,Eric Dos Santos Madeira,Biarritz Olympique,116,5,2,3,1993-05-06,"4,5,7",France,
top14,2013/2014,Eric Escande,Montpellier Herault Rugby,273,9,3,6,1992-11-18,9,France,
top14,2013/2014,Erik Lund,Biarritz Olympique,1732,24,24,0,1979-07-03,4,Norvège,
top14,2013/2014,Erwan Iapteff,Oyonnax,158,6,1,5,1988-03-17,"1,3",France,
top14,2013/2014,Etienne Falgoux,ASM Clermont Auvergne,44,2,0,2,1993-01-19,1,France,
top14,2013/2014,Eugene van Staden,Biarritz Olympique,460,17,3,14,1980-12-16,"1,3",Afrique du Sud,
top14,2013/2014,Fabien Alexandre,Grenoble,1100,18,14,4,1985-05-14,"6,7,8",France,
top14,2013/2014,Fabien Barcella,Biarritz Olympique,722,16,10,6,1983-10-27,1,France,
top14,2013/2014,Fabien Cibray,Oyonnax,573,19,6,13,1985-10-15,9,France,
top14,2013/2014,Fabien Gengenbacher,Grenoble,1380,20,17,3,1984-01-13,"10,11,15",France,
top14,2013/2014,Fabien Laurent,CA Brive,53,1,1,0,1984-07-20,6,France,
top14,2013/2014,Fabrice Estebanez,Racing 92,1400,24,15,9,1981-12-26,"10,12,13",France,
top14,2013/2014,Fabrice Metz,Racing 92,633,19,6,13,1991-01-23,"4,5",France,
top14,2013/2014,Facundo Isa,RC Toulon,11,1,0,1,1993-09-21,7,Argentine,
top14,2013/2014,Felix le Bourhis,Union Bordeaux-Begles,1369,18,18,0,1988-04-07,"11,13",France,
top14,2013/2014,Flavien Nouhaillaguet,Grenoble,110,2,1,1,1989-03-16,8,France,
top14,2013/2014,Florian Chabaud,Grenoble,24,1,0,1,1992-01-16,6,France,
top14,2013/2014,Florian Denos,Oyonnax,741,12,11,1,1985-05-20,"11,15",France,
top14,2013/2014,Florian Faure,Grenoble,1079,19,15,4,1983-03-23,"4,6,8",France,
top14,2013/2014,Florian Fresia,RC Toulon,275,10,0,10,1992-01-17,"1,3",France,
top14,2013/2014,Florian Fritz,Stade Toulousain,1013,16,13,3,1984-01-17,"10,12,13,15",France,
top14,2013/2014,Florian Lescadieu,Grenoble,91,2,1,1,1991-06-14,2,France,
top14,2013/2014,Florian Ninard,Grenoble,224,4,4,0,1981-10-19,11,France,
top14,2013/2014,Francisco Gomez Kodela,Biarritz Olympique,1208,25,17,8,1985-07-03,3,France,
top14,2013/2014,Francois Da Ros,CA Brive,825,22,7,15,1983-09-29,2,France,
top14,2013/2014,Francois Trinh-Duc,Montpellier Herault Rugby,1856,24,23,1,1986-11-11,10,France,
top14,2013/2014,Francois van der Merwe,Racing 92,1532,24,22,2,1983-10-04,"4,5",France,
top14,2013/2014,Fred Quercy,Montpellier Herault Rugby,87,3,1,2,1991-07-06,"6,7",Espagne,
top14,2013/2014,Fritz Lee,ASM Clermont Auvergne,793,12,11,1,1988-08-29,"6,7,8",Samoa,
top14,2013/2014,Frédéric Michalak,RC Toulon,663,12,9,3,1982-10-16,"9,10",France,
top14,2013/2014,Fulgence Ouedraogo,Montpellier Herault Rugby,656,10,7,3,1986-07-21,"6,7",France,
top14,2013/2014,Gaby Lovobalavu,Bayonne,712,11,11,0,1985-06-20,12,Fidji,
top14,2013/2014,Gael Fickou,Stade Toulousain,1418,21,14,7,1994-03-26,"12,13,14,15",France,
top14,2013/2014,Gaetan Germain,CA Brive,1897,25,24,1,1990-07-02,"11,15",France,
top14,2013/2014,Gautier Gibouin,Union Bordeaux-Begles,166,3,2,1,1989-03-24,"6,7",France,
top14,2013/2014,Gavin Hume,ASM Clermont Auvergne,205,5,2,3,1980-03-25,"10,12,13",Afrique du Sud,
top14,2013/2014,Geoffrey Doumayrou,Stade Francais Paris,1157,16,15,1,1989-09-16,13,France,
top14,2013/2014,Geoffrey Nouhaillaguet,Grenoble,80,1,1,0,1991-12-15,7,France,
top14,2013/2014,Geoffrey Palis,Castres Olympique,1115,16,15,1,1991-07-08,"11,14,15",France,
top14,2013/2014,Geoffrey Sella,Biarritz Olympique,125,5,1,4,1992-12-14,"12,13",France,
top14,2013/2014,Geoffroy Messina,Grenoble,1243,19,15,4,1982-05-29,"11,12,13,14",France,
top14,2013/2014,Gerhard Mostert,Stade Francais Paris,1088,24,12,12,1984-10-04,"4,5,8",Afrique du Sud,
top14,2013/2014,Gerhard Vosloo,ASM Clermont Auvergne,1462,23,18,5,1979-05-10,"6,7,8",France,
top14,2013/2014,Gert Muller,Bayonne,777,24,10,14,1986-02-05,"1,3",Afrique du Sud,
top14,2013/2014,Gillian Galan,Stade Toulousain,910,21,14,7,1991-08-07,"7,8",France,
top14,2013/2014,Giorgi Jgenti,USAP,989,20,16,4,1985-11-13,"1,3",Géorgie,
top14,2013/2014,Goderdzi Shvelidze,CA Brive,637,16,11,5,1978-04-17,1,Géorgie,
top14,2013/2014,Gregory Lamboley,Stade Toulousain,550,11,8,3,1982-01-12,"4,6,7",France,
top14,2013/2014,Grégory Arganese,Bayonne,193,8,2,6,1982-09-15,2,France,
top14,2013/2014,Guilhem Guirado,USAP,1140,19,18,1,1986-06-17,2,France,
top14,2013/2014,Guillaume Bernad,Bayonne,198,5,2,3,1983-06-08,"6,7",France,
top14,2013/2014,Guillaume Bousses,Oyonnax,1083,18,13,5,1981-10-12,"11,12,13,15",France,
top14,2013/2014,Guillaume Namy,CA Brive,1820,23,23,0,1989-04-03,14,France,
top14,2013/2014,Guillaume Ribes,CA Brive,1063,23,17,6,1984-11-18,2,France,
top14,2013/2014,Guillaume Rouet,Bayonne,822,20,10,10,1988-08-13,9,Espagne,
top14,2013/2014,Guillaume Vilaceca,USAP,578,14,6,8,1983-11-07,"4,5,6,8",France,
top14,2013/2014,Gurthro Steenkamp,Stade Toulousain,646,15,9,6,1981-06-12,1,Afrique du Sud,
top14,2013/2014,Hamish Gard,Montpellier Herault Rugby,150,3,2,1,1985-06-21,"12,14",Nouvelle Zélande,
top14,2013/2014,Heini Adams,Union Bordeaux-Begles,1416,21,21,0,1980-05-29,9,Afrique du Sud,
top14,2013/2014,Heinke van der Merwe,Stade Francais Paris,1449,24,22,2,1985-05-03,1,Afrique du Sud,
top14,2013/2014,Hemani Paea,Oyonnax,445,13,6,7,1985-07-30,"10,12,14",Tonga,
top14,2013/2014,Hendrik Roodt,Grenoble,1342,23,17,6,1987-11-06,"4,5,7",Afrique du Sud,
top14,2013/2014,Henry Chavancy,Racing 92,1779,27,22,5,1988-05-22,"11,12,13",France,
top14,2013/2014,Henry Vanderglas,Grenoble,407,11,4,7,1985-05-09,"6,7,8",Australie,
top14,2013/2014,Hosea Gear,Stade Toulousain,1936,26,24,2,1984-03-16,"11,12,13,14,15",Nouvelle Zélande,
top14,2013/2014,Hugh Chalmers,Union Bordeaux-Begles,1558,24,20,4,1984-11-28,"6,7,8",Nouvelle Zélande,
top14,2013/2014,Hugo Bonneval,Stade Francais Paris,1400,19,18,1,1990-11-19,"11,14,15",France,
top14,2013/2014,Hugues Briatte,CA Brive,671,15,7,8,1990-03-11,"4,6,7,8",France,
top14,2013/2014,Ibrahim Diarra,Castres Olympique,1118,19,16,3,1983-05-25,"5,6,7,8",France,
top14,2013/2014,Ilian Perraux,Montpellier Herault Rugby,59,1,1,0,1992-04-04,10,France,
top14,2013/2014,Imanol Harinordoquy,Biarritz Olympique,829,14,12,2,1980-02-20,"7,8",France,
top14,2013/2014,JC Janse van Rensburg,Bayonne,1016,23,14,9,1986-01-09,1,Afrique du Sud,
top14,2013/2014,JP du Plessis,Montpellier Herault Rugby,7,1,0,1,1991-04-29,11,Afrique du Sud,
top14,2013/2014,Jaba Bregvadze,Stade Toulousain,348,7,6,1,1987-04-23,2,Géorgie,
top14,2013/2014,Jacques Cronje,Racing 92,1298,17,17,0,1982-08-04,8,France,
top14,2013/2014,James Hart,Grenoble,1136,21,16,5,1991-07-28,"9,15",France,
top14,2013/2014,James Hook,USAP,1741,23,22,1,1985-06-27,"10,11,15",Pays de Galles,
top14,2013/2014,Jamie Cudmore,ASM Clermont Auvergne,919,14,13,1,1978-09-06,"4,5",France,
top14,2013/2014,Jamie Roberts,Racing 92,920,14,14,0,1986-11-08,12,Pays de Galles,
top14,2013/2014,Jandre Marais,Union Bordeaux-Begles,1594,23,19,4,1989-06-14,"4,5",Afrique du Sud,
top14,2013/2014,Jannie Bornman,Castres Olympique,1639,25,18,7,1980-07-20,"6,7,8",Afrique du Sud,
top14,2013/2014,Jano Vermaak,Stade Toulousain,892,16,10,6,1985-01-01,"9,10,14",Afrique du Sud,
top14,2013/2014,Jean Baptiste Chauveau,Racing 92,7,1,0,1,1990-05-21,,France,
top14,2013/2014,Jean Monribot,Bayonne,926,21,11,10,1987-10-11,"4,6,7,8,10",France,
top14,2013/2014,Jean-Baptiste Custoja,USAP,29,1,0,1,1993-05-20,3,France,
top14,2013/2014,Jean-Baptiste Lamotte,Union Bordeaux-Begles,137,2,2,0,1990-12-28,12,France,
top14,2013/2014,Jean-Baptiste Pejoine,CA Brive,1290,22,19,3,1980-07-17,"9,12",France,
top14,2013/2014,Jean-Baptiste Peyras-Loustalet,Union Bordeaux-Begles,80,1,1,0,1984-01-05,14,France,
top14,2013/2014,Jean-Baptiste Poux,Union Bordeaux-Begles,1131,22,16,6,1979-09-26,1,France,
top14,2013/2014,Jean-Blaise Lespinasse,Union Bordeaux-Begles,50,1,1,0,1994-01-05,7,France,
top14,2013/2014,Jean-Charles Fidinde,Union Bordeaux-Begles,14,1,0,1,1992-05-10,2,France,
top14,2013/2014,Jean-Charles Orioli,RC Toulon,740,19,7,12,1989-08-09,2,France,
top14,2013/2014,Jean-Francois Coux,Oyonnax,380,5,5,0,1980-12-23,11,France,
top14,2013/2014,Jean-Joseph Marmouyet,Bayonne,605,16,7,9,1984-08-09,"4,5,6,7,8",France,
top14,2013/2014,Jean-Marc Doussain,Stade Toulousain,1222,18,15,3,1991-02-12,"9,10",France,
top14,2013/2014,Jean-Marcellin Buttin,ASM Clermont Auvergne,1316,23,15,8,1991-12-16,"11,14,15",France,
top14,2013/2014,Jean-Pascal Barraque,Stade Toulousain,338,7,5,2,1991-04-24,"4,10,13,15",France,
top14,2013/2014,Jean-Philipe Genevois,Biarritz Olympique,1067,19,14,5,1987-02-03,"2,6",France,
top14,2013/2014,Jean-Pierre Perez,USAP,1069,20,15,5,1984-04-03,"6,7,8,12",France,
top14,2013/2014,Jefferson Poirot,Union Bordeaux-Begles,482,14,5,9,1992-11-01,1,France,
top14,2013/2014,Jens Torfs,USAP,40,2,0,2,1992-05-26,"11,15",Belgique,
top14,2013/2014,Jeremie Maurouard,Racing 92,74,8,0,8,1992-09-23,2,France,
top14,2013/2014,Jeremy Sinzelle,Stade Francais Paris,86,2,1,1,1990-07-02,"13,14",France,
top14,2013/2014,Jerome Fillol,Stade Francais Paris,854,21,10,11,1978-02-10,9,France,
top14,2013/2014,Jim Hamilton,Montpellier Herault Rugby,726,12,9,3,1982-11-17,"4,5",Ecosse,
top14,2013/2014,Jocelino Suta,RC Toulon,1565,24,20,4,1982-11-18,"4,5,6",France,
top14,2013/2014,Jody Jenneker,Oyonnax,1466,24,19,5,1984-04-10,2,Afrique du Sud,
top14,2013/2014,Joe El Abd,Oyonnax,722,12,11,1,1980-02-23,6,Angleterre,
top14,2013/2014,Joe Pietersen,Biarritz Olympique,859,13,11,2,1984-05-18,"11,15",Afrique du Sud,
top14,2013/2014,Joe Rokocoko,Bayonne,1937,25,25,0,1983-06-06,13,Nouvelle Zélande,
top14,2013/2014,Joe Tekori,Stade Toulousain,1342,26,16,10,1983-12-17,"4,5,6,7,8,10",Samoa,
top14,2013/2014,Joe Van Niekerk,RC Toulon,220,8,2,6,1980-05-14,"4,6,7,8",Afrique du Sud,
top14,2013/2014,Joffrey Michel,USAP,1304,21,18,3,1987-03-04,"4,11,14,15",France,
top14,2013/2014,Johan Aliouat,Montpellier Herault Rugby,13,2,0,2,1993-01-22,5,France,
top14,2013/2014,Johann Authier,Oyonnax,12,1,0,1,1981-12-16,9,France,
top14,2013/2014,Johann Lourdelet,Biarritz Olympique,5,1,0,1,1991-06-21,1,France,
top14,2013/2014,John Beattie,Montpellier Herault Rugby,400,8,5,3,1985-11-21,"6,8",Ecosse,
top14,2013/2014,Johnny Sexton,Racing 92,1448,21,17,4,1985-07-11,"10,12",Irlande,
top14,2013/2014,Jon Elissalde,Bayonne,54,1,1,0,1992-12-02,15,France,
top14,2013/2014,Jonathan Best,Grenoble,1581,24,20,4,1983-08-02,"6,7,8",France,
top14,2013/2014,Jonathan Bousquet,Oyonnax,677,9,8,1,1988-03-05,"11,14",France,
top14,2013/2014,Jonathan Danty,Stade Francais Paris,878,15,10,5,1992-10-07,"12,13,14,15",France,
top14,2013/2014,Jonathan Pelissie,Montpellier Herault Rugby,876,18,13,5,1988-06-06,"9,15",France,
top14,2013/2014,Jonathan Traini,Oyonnax,93,2,1,1,1988-09-13,"12,13",France,
top14,2013/2014,Jonathan Wisniewski,Racing 92,308,9,5,4,1985-07-16,"10,11",France,
top14,2013/2014,Jone Qovu Nailiko,Racing 92,217,6,2,4,1985-07-26,"5,8",Fidji,
top14,2013/2014,Jonnah Dabti,Biarritz Olympique,38,2,0,2,1993-02-19,2,France,
top14,2013/2014,Jonny Wilkinson,RC Toulon,1496,22,19,3,1979-05-25,"10,13",Angleterre,
top14,2013/2014,Jordan Michallet,Grenoble,320,7,3,4,1993-01-10,"8,10,15",France,
top14,2013/2014,Joshua Furno,Biarritz Olympique,719,18,5,13,1989-10-21,"4,5,6,7,8",Italie,
top14,2013/2014,Josua Tuisova,RC Toulon,403,6,5,1,1994-02-04,"11,14,15",Fidji,
top14,2013/2014,Juan Imhoff,Racing 92,820,11,11,0,1988-05-11,"11,14",Argentine,
top14,2013/2014,Juan Martin Fernandez Lobbe,RC Toulon,596,9,8,1,1981-11-19,"7,8",Argentine,
top14,2013/2014,Juan Martin Hernandez,Racing 92,721,12,9,3,1982-08-07,"10,12,14,15",Argentine,
top14,2013/2014,Juan Smith,RC Toulon,1212,19,16,3,1981-07-30,"6,7,8",Afrique du Sud,
top14,2013/2014,Juandre Kruger,Racing 92,1533,20,20,0,1985-09-06,"4,5",Afrique du Sud,
top14,2013/2014,Julen Goia,Biarritz Olympique,76,1,1,0,1991-12-12,14,Espagne,
top14,2013/2014,Jules Plisson,Stade Francais Paris,1305,21,16,5,1991-08-20,"10,12,14,15",France,
top14,2013/2014,Julien Arias,Stade Francais Paris,1356,21,18,3,1983-10-26,"11,13,14,15",France,
top14,2013/2014,Julien Bardy,ASM Clermont Auvergne,753,13,10,3,1986-04-03,"6,7",Portugal,
top14,2013/2014,Julien Bonnaire,ASM Clermont Auvergne,973,13,12,1,1978-09-20,"6,8",France,
top14,2013/2014,Julien Brugnaut,Racing 92,673,15,10,5,1981-11-17,"1,3",France,
top14,2013/2014,Julien Caminati,Grenoble,1277,21,15,6,1985-10-28,"10,11,12,15",France,
top14,2013/2014,Julien Dupuy,Stade Francais Paris,1123,21,15,6,1983-12-19,9,France,
top14,2013/2014,Julien Kazubek,ASM Clermont Auvergne,111,3,2,1,1992-06-16,7,France,
top14,2013/2014,Julien Ledevedec,CA Brive,1379,23,18,5,1986-06-04,"4,8",France,
top14,2013/2014,Julien Malzieu,ASM Clermont Auvergne,583,8,7,1,1983-05-04,"11,12,14",France,
top14,2013/2014,Julien Peyrelongue,Biarritz Olympique,620,15,8,7,1981-04-02,"10,13",France,
top14,2013/2014,Julien Pierre,ASM Clermont Auvergne,1280,24,17,7,1981-07-31,"4,5",France,
top14,2013/2014,Julien Puricelli,Bayonne,960,16,13,3,1981-08-01,7,France,
top14,2013/2014,Julien Rey,Union Bordeaux-Begles,1289,19,17,2,1986-09-01,"12,13",France,
top14,2013/2014,Julien Tomas,Castres Olympique,567,13,9,4,1985-04-21,9,France,
top14,2013/2014,Justin Purll,USAP,1240,20,16,4,1979-11-13,"6,7,8",Australie,
top14,2013/2014,Jérôme Porical,Stade Francais Paris,461,12,6,6,1985-09-20,"11,14,15",France,
top14,2013/2014,Karena Wihongi,Castres Olympique,950,19,15,4,1979-09-29,"1,3",France,
top14,2013/2014,Karim Ghezal,Racing 92,720,17,8,9,1981-04-29,"4,5,8",France,
top14,2013/2014,Karl Chateau,USAP,290,8,2,6,1992-06-15,"5,6,8",France,
top14,2013/2014,Karlen Asieshvili,CA Brive,918,22,12,10,1987-04-21,1,Géorgie,
top14,2013/2014,Kelian Galletier,Montpellier Herault Rugby,661,13,8,5,1992-03-18,"6,7,8",France,
top14,2013/2014,Kenan Mutapcic,Grenoble,795,19,9,10,1979-11-06,"1,2,3",France,
top14,2013/2014,Kevin Buys,CA Brive,711,18,8,10,1986-04-26,"1,3",Afrique du Sud,
top14,2013/2014,Kevin Firmin,Stade Toulousain,11,1,0,1,1992-04-20,2,France,
top14,2013/2014,Kevin Goze,Grenoble,160,5,1,4,1992-11-04,"1,3",France,
top14,2013/2014,Kevin Haget,Biarritz Olympique,78,1,1,0,1992-09-25,12,France,
top14,2013/2014,Kieran Murphy,CA Brive,385,9,4,5,1988-01-19,"6,7,8",Pays de Galles,
top14,2013/2014,Kisi Pulu,USAP,710,20,10,10,1979-01-31,"1,3",Tonga,
top14,2013/2014,Konstantine Mikautadze,RC Toulon,326,10,3,7,1991-07-01,"4,5,6,7",Géorgie,
top14,2013/2014,Laurent Bouchet,Grenoble,429,11,6,5,1988-01-23,2,France,
top14,2013/2014,Laurent Delboulbes,Union Bordeaux-Begles,318,11,3,8,1986-11-17,1,France,
top14,2013/2014,Laurent Ferreres,CA Brive,205,6,2,4,1980-08-30,"10,11,15",France,
top14,2013/2014,Laurent Magnaval,Racing 92,293,9,3,6,1991-03-24,9,France,
top14,2013/2014,Laurent Sempere,Stade Francais Paris,1024,18,15,3,1985-07-09,2,France,
top14,2013/2014,Lee Byrne,ASM Clermont Auvergne,924,17,14,3,1980-06-01,15,Pays de Galles,
top14,2013/2014,Levan Chilachava,RC Toulon,198,7,3,4,1991-08-17,3,Géorgie,
top14,2013/2014,Lifeimi Mafi,USAP,1061,18,13,5,1982-08-15,"10,12,13",Tonga,
top14,2013/2014,Lilian Saseras,Grenoble,21,1,0,1,1994-06-27,11,France,
top14,2013/2014,Lionel Beauxis,Stade Toulousain,790,15,11,4,1985-10-24,10,France,
top14,2013/2014,Lisiate Fa'aoso,Bayonne,1874,24,24,0,1983-03-18,"4,5",Tonga,
top14,2013/2014,Loic Jacquet,ASM Clermont Auvergne,800,19,9,10,1985-03-31,"4,5",France,
top14,2013/2014,Louis Acosta,CA Brive,158,5,2,3,1991-05-25,2,France,
top14,2013/2014,Louis Marrou,Grenoble,80,1,1,0,1993-09-14,13,France,
top14,2013/2014,Louis Picamoles,Stade Toulousain,1058,18,14,4,1986-02-05,"6,7,8",France,
top14,2013/2014,Louis-Benoit Madaule,Union Bordeaux-Begles,1704,22,22,0,1988-09-24,6,France,
top14,2013/2014,Luc Ducalcon,Racing 92,1551,25,22,3,1984-01-02,"1,3",France,
top14,2013/2014,Lucas Dupont,Montpellier Herault Rugby,718,12,8,4,1990-03-19,"6,11,14",France,
top14,2013/2014,Lucas Gonzalez Amorosino,Oyonnax,720,9,9,0,1985-11-02,"11,15",Argentine,
top14,2013/2014,Lucas Lyons,CA Brive,8,1,0,1,1993-04-09,8,France,
top14,2013/2014,Ludovic Radosavljevic,ASM Clermont Auvergne,499,16,7,9,1989-08-17,"9,10,12",France,
top14,2013/2014,Luix Roussarie,Biarritz Olympique,101,3,2,1,1991-01-15,9,France,
top14,2013/2014,Lukas Rapant,Oyonnax,875,23,13,10,1982-11-16,"1,3,7",République Tchèque,
top14,2013/2014,Luke Charteris,USAP,641,9,8,1,1983-03-09,"4,5",Pays de Galles,
top14,2013/2014,Luke McAlister,Stade Toulousain,734,12,10,2,1983-08-28,"10,12",Nouvelle Zélande,
top14,2013/2014,Luke Narraway,USAP,840,16,10,6,1983-09-07,"6,7,8",Angleterre,
top14,2013/2014,Mahamadou Diaby,Oyonnax,406,9,5,4,1990-08-15,"6,8",France,
top14,2013/2014,Malakai Bakaniceva,CA Brive,1241,21,17,4,1985-05-06,"11,13,14",Fidji,
top14,2013/2014,Mamuka Gorgodze,Montpellier Herault Rugby,843,12,11,1,1984-07-14,"5,7",France,
top14,2013/2014,Manu Ahotaeiloa,Bayonne,541,13,5,8,1986-01-12,"12,13,15",Tonga,
top14,2013/2014,Marc Andreu,Racing 92,1352,18,17,1,1985-12-27,"11,14",France,
top14,2013/2014,Marc Clerc,Oyonnax,1143,24,15,9,1987-06-09,"1,3",France,
top14,2013/2014,Marc-Antoine Rallier,Castres Olympique,634,14,6,8,1988-12-02,2,France,
top14,2013/2014,Marcel Garvey,Castres Olympique,1189,17,15,2,1983-04-21,"7,11,14",Angleterre,
top14,2013/2014,Mark Chisholm,Bayonne,1381,18,17,1,1981-09-18,"4,5,6",Australie,
top14,2013/2014,Martens Van Der Heever,Stade Toulousain,105,6,1,5,1990-11-20,2,Afrique du Sud,
top14,2013/2014,Martin Castrogiovanni,RC Toulon,676,18,7,11,1981-10-21,3,Italie,
top14,2013/2014,Martin Moyano,Bayonne,1456,21,18,3,1985-07-12,"14,15",Argentine,
top14,2013/2014,Martin Rodriguez,Stade Francais Paris,141,2,2,0,1985-12-04,"12,15",Argentine,
top14,2013/2014,Marvin O'Connor,Bayonne,1754,23,22,1,1991-04-18,"11,14",France,
top14,2013/2014,Mathias Marie,Biarritz Olympique,494,10,8,2,1991-01-09,5,France,
top14,2013/2014,Mathieu Bastareaud,RC Toulon,1320,20,16,4,1988-09-17,"9,13",France,
top14,2013/2014,Mathieu Belie,Bayonne,736,18,10,8,1988-02-20,"9,13",Espagne,
top14,2013/2014,Mathieu Bonello,Castres Olympique,433,13,6,7,1982-09-23,2,France,
top14,2013/2014,Mathieu Loree,Grenoble,252,7,2,5,1987-06-18,9,France,
top14,2013/2014,Matt Giteau,RC Toulon,1599,24,19,5,1982-09-29,"10,12,13",Australie,
top14,2013/2014,Matt Graham,Union Bordeaux-Begles,260,11,2,9,1990-07-02,"4,5,6,7,8,11",Nouvelle Zélande,
top14,2013/2014,Matthew Clarkin,Union Bordeaux-Begles,1559,23,20,3,1981-07-04,"6,7,8",Nouvelle Zélande,
top14,2013/2014,Matthieu Nicolas,Grenoble,819,14,9,5,1987-02-11,"9,10,11,14",France,
top14,2013/2014,Matthieu Ugalde,Bayonne,580,13,7,6,1992-01-10,"5,10,12,14",France,
top14,2013/2014,Max Evans,Castres Olympique,1019,15,13,2,1983-09-28,"11,13,14",Ecosse,
top14,2013/2014,Maxime Delonca,USAP,97,7,0,7,1988-04-29,2,France,
top14,2013/2014,Maxime Machenaud,Racing 92,1372,20,19,1,1988-12-30,9,France,
top14,2013/2014,Maxime Medard,Stade Toulousain,1338,20,17,3,1986-11-16,"11,13,14,15",France,
top14,2013/2014,Maxime Mermoz,RC Toulon,1483,20,19,1,1986-07-28,"10,12,13",France,
top14,2013/2014,Maximiliano Bustos,Montpellier Herault Rugby,659,17,9,8,1986-04-02,"1,3",Argentine,
top14,2013/2014,Metuisela Talebula,Union Bordeaux-Begles,1692,23,21,2,1991-05-20,"10,11,13,14",Fidji,
top14,2013/2014,Meyer Bosman,Stade Francais Paris,1052,19,12,7,1985-04-19,"10,11,12,13,14,15",Afrique du Sud,
top14,2013/2014,Michael Claassens,RC Toulon,1060,21,13,8,1982-10-28,9,Afrique du Sud,
top14,2013/2014,Michael Coetzee,Castres Olympique,195,9,1,8,1979-12-06,"1,3",Afrique du Sud,
top14,2013/2014,Michael van Vuuren,Stade Francais Paris,138,11,0,11,1991-09-28,2,Afrique du Sud,
top14,2013/2014,Mickael Ivaldi,Montpellier Herault Rugby,893,21,11,10,1990-02-20,2,France,
top14,2013/2014,Mickael de Marco,Montpellier Herault Rugby,508,11,6,5,1989-04-22,"4,5",France,
top14,2013/2014,Mihaita Lazar,Castres Olympique,466,17,4,13,1986-11-03,"1,3",Roumanie,
top14,2013/2014,Mike Delany,ASM Clermont Auvergne,437,12,7,5,1982-06-15,"9,10,13,14",Nouvelle Zélande,
top14,2013/2014,Mike Phillips,Bayonne|Racing 92,770,19,8,11,1982-08-29,"9,11",Pays de Galles,
top14,2013/2014,Mikheil Nariashvili,Montpellier Herault Rugby,1055,17,16,1,1990-05-25,1,Géorgie,
top14,2013/2014,Miroslav Nemecek,Oyonnax,769,16,10,6,1980-05-03,"4,5",République Tchèque,
top14,2013/2014,Morgan Parra,ASM Clermont Auvergne,1058,15,13,2,1988-11-15,9,France,
top14,2013/2014,Morne Steyn,Stade Francais Paris,664,14,8,6,1984-07-11,"10,15",Afrique du Sud,
top14,2013/2014,Na'ama Leleimalefaga,Montpellier Herault Rugby,180,9,0,9,1987-11-20,"1,3",France,
top14,2013/2014,Nahuel Lobo,Montpellier Herault Rugby,83,5,0,5,1991-08-27,"1,3",Argentine,
top14,2013/2014,Napolioni Nalaga,ASM Clermont Auvergne,1236,17,15,2,1986-07-04,"11,14",Fidji,
top14,2013/2014,Nathan Hines,ASM Clermont Auvergne,1140,20,15,5,1976-11-29,"4,5",Ecosse,
top14,2013/2014,Naude Beukes,Grenoble,677,14,9,5,1980-10-22,"4,5",Afrique du Sud,
top14,2013/2014,Neemia Tialata,Bayonne,1219,24,16,8,1982-07-15,"1,3",Nouvelle Zélande,
top14,2013/2014,Neil Clark,Oyonnax,476,16,6,10,1984-10-08,2,Angleterre,
top14,2013/2014,Nemia Soqeta,Oyonnax,468,11,5,6,1985-03-04,"4,5,7,8",Fidji,
top14,2013/2014,Nicolas Bezy,Grenoble,99,6,0,6,1989-09-26,"9,10,12,14",France,
top14,2013/2014,Nicolas Durand,USAP,857,21,11,10,1982-10-04,"9,10,12",France,
top14,2013/2014,Nicolas Garrault,Stade Francais Paris,101,3,1,2,1991-06-15,"6,7,8",France,
top14,2013/2014,Nicolas Mas,Montpellier Herault Rugby,1107,21,14,7,1980-05-23,"1,3",France,
top14,2013/2014,Nicolas Rabat,USAP,62,2,1,1,1991-04-24,"6,7",France,
top14,2013/2014,Nicolas Sanchez,Union Bordeaux-Begles,164,8,2,6,1988-10-26,"10,13",Argentine,
top14,2013/2014,Nicolas Vuillemin,Oyonnax,7,2,0,2,1991-05-13,"9,10",France,
top14,2013/2014,Nigel Hunt,Grenoble,1209,17,15,2,1983-05-14,"6,12",Nouvelle Zélande,
top14,2013/2014,Noa Nakaitaci,ASM Clermont Auvergne,822,16,10,6,1990-07-11,"11,12,13,14",France,
top14,2013/2014,Ole Avei,Union Bordeaux-Begles,1337,22,18,4,1983-06-13,2,Samoa,
top14,2013/2014,Olivier Caisso,CA Brive,248,5,3,2,1985-12-17,"5,8",France,
top14,2013/2014,Olivier Chaplain,Grenoble,112,3,1,2,1982-01-06,"5,7",France,
top14,2013/2014,Olivier Missoup,Stade Francais Paris,598,10,7,3,1981-07-05,"4,6,7",France,
top14,2013/2014,Olly Barkley,Grenoble,258,5,3,2,1981-11-28,"10,12",Angleterre,
top14,2013/2014,Opeti Fonua,Bayonne,1016,20,12,8,1986-05-26,"7,8",Tonga,
top14,2013/2014,Paea Fa'anunu,Montpellier Herault Rugby,291,8,2,6,1988-11-04,3,Tonga,
top14,2013/2014,Pascal Pape,Stade Francais Paris,1333,19,17,2,1980-10-05,"4,5",France,
top14,2013/2014,Pat Barnard,CA Brive,775,18,12,6,1981-07-03,3,Afrique du Sud,
top14,2013/2014,Patricio Albacete,Stade Toulousain,935,13,12,1,1981-02-09,5,France,
top14,2013/2014,Patrick Toetu,Union Bordeaux-Begles,967,22,14,8,1984-03-14,3,Nouvelle Zélande,
top14,2013/2014,Paul Bonnefond,Castres Olympique,328,9,2,7,1988-09-13,"9,10,12,13,14,15",France,
top14,2013/2014,Paul Couet-Lannes,Biarritz Olympique,1030,17,13,4,1991-03-12,"14,15",France,
top14,2013/2014,Paul Emile Henry,CA Brive,28,1,0,1,1991-06-19,2,France,
top14,2013/2014,Paul Grant,Montpellier Herault Rugby,399,8,5,3,1987-10-27,"6,7,8",Nouvelle Zélande,
top14,2013/2014,Paul Jedrasiak,ASM Clermont Auvergne,121,3,0,3,1993-02-06,"4,5",France,
top14,2013/2014,Paul Williams,Stade Francais Paris,773,13,10,3,1983-04-22,"12,13",Samoa,
top14,2013/2014,Paulica Ion,USAP,679,18,5,13,1983-01-10,3,Roumanie,
top14,2013/2014,Peceli Yato,ASM Clermont Auvergne,32,1,0,1,1993-01-17,8,Fidji,
top14,2013/2014,Pedrie Wannenburg,Castres Olympique,559,15,7,8,1981-01-02,"4,6,7,8",Afrique du Sud,
top14,2013/2014,Pelu Taele-Pavihi,Biarritz Olympique,454,8,5,3,1981-09-20,"5,8",Samoa,
top14,2013/2014,Peter Kimlin,Grenoble,784,12,11,1,1985-07-11,"6,7,8",Australie,
top14,2013/2014,Peter Lydon,Stade Francais Paris,11,1,0,1,1992-10-19,10,Irlande,
top14,2013/2014,Petrus Hauman,CA Brive,1482,21,21,0,1986-01-12,"6,8",Afrique du Sud,
top14,2013/2014,Pierre Aguillon,Oyonnax,1455,21,17,4,1987-03-27,"12,13",France,
top14,2013/2014,Pierre Berard,Montpellier Herault Rugby,985,14,13,1,1991-05-23,15,France,
top14,2013/2014,Pierre Bernard,Union Bordeaux-Begles,1679,24,22,2,1989-01-31,10,France,
top14,2013/2014,Pierre Gayraud,Bayonne,73,1,1,0,1992-03-27,5,France,
top14,2013/2014,Pierre Rabadan,Stade Francais Paris,633,12,9,3,1980-07-03,"5,6,7,8",France,
top14,2013/2014,Pierre-Gilles Lakafia,Castres Olympique,29,1,0,1,1987-03-12,13,France,
top14,2013/2014,Pierre-Philippe Lafond,Bayonne,35,1,0,1,1984-12-19,1,France,
top14,2013/2014,Pierrick Gunther,RC Toulon,659,15,7,8,1989-10-16,"5,6,7,8",France,
top14,2013/2014,Piula Fa'asalele,Castres Olympique,776,17,9,8,1988-01-22,"4,5,6,7,8",Samoa,
top14,2013/2014,Poutasi Luafutu,Union Bordeaux-Begles,341,10,4,6,1987-12-02,"6,7,8",Samoa,
top14,2013/2014,Rabah Slimani,Stade Francais Paris,1060,18,15,3,1989-10-18,3,France,
top14,2013/2014,Rafael Carballo,Union Bordeaux-Begles,340,7,4,3,1981-10-18,"9,10,14",Argentine,
top14,2013/2014,Ramiro Herrera,Castres Olympique,425,6,6,0,1989-02-14,3,Argentine,
top14,2013/2014,Raphael Chaume,ASM Clermont Auvergne,672,19,8,11,1989-04-29,"1,3",France,
top14,2013/2014,Raphael Lakafia,Biarritz Olympique,722,10,9,1,1988-10-28,"6,7,8",France,
top14,2013/2014,Ratu Ratini,Grenoble,945,14,12,2,1991-02-17,"11,13,14",Fidji,
top14,2013/2014,Regan King,ASM Clermont Auvergne,759,15,9,6,1980-10-02,"11,12,13",Nouvelle Zélande,
top14,2013/2014,Regis Lespinas,Oyonnax,671,13,8,5,1984-10-06,"10,15",France,
top14,2013/2014,Remi Bonfils,Stade Francais Paris,577,12,8,4,1988-09-26,2,France,
top14,2013/2014,Remi Lamerat,Castres Olympique,1779,24,23,1,1990-01-14,"7,12,13",France,
top14,2013/2014,Remi Tales,Castres Olympique,1449,22,19,3,1984-05-02,"10,12",France,
top14,2013/2014,Remy Grosso,Castres Olympique,1401,19,17,2,1988-12-04,"11,14",France,
top14,2013/2014,Rene Ranger,Montpellier Herault Rugby,1050,13,13,0,1986-09-30,"11,13,14",Nouvelle Zélande,
top14,2013/2014,Riaan Swanepoel,CA Brive,1304,21,16,5,1986-01-14,"10,12",Afrique du Sud,
top14,2013/2014,Richard Choirat,Grenoble,671,20,7,13,1984-09-28,3,France,
top14,2013/2014,Richard Haughton,USAP,657,12,10,2,1980-11-08,"10,11,14,15",Angleterre,
top14,2013/2014,Richard Kingi,Stade Francais Paris,159,6,1,5,1989-03-17,"9,14,15",Nouvelle Zélande,
top14,2013/2014,Richie Gray,Castres Olympique,1192,22,15,7,1989-08-24,"4,5,6",Ecosse,
top14,2013/2014,Rida Jahouer,Grenoble,840,12,11,1,1980-07-07,13,France,
top14,2013/2014,Robert Ebersohn,Montpellier Herault Rugby,649,9,8,1,1989-02-23,"12,13",Afrique du Sud,
top14,2013/2014,Robert Lilomaiava,Union Bordeaux-Begles,153,2,2,0,1992-03-28,11,Samoa,
top14,2013/2014,Robins Tchale-Watchou,Montpellier Herault Rugby,1251,21,16,5,1983-05-10,"4,5",France,
top14,2013/2014,Robinson Caire,Grenoble,70,1,1,0,1994-01-24,15,France,
top14,2013/2014,Rodrigo Capo Ortega,Castres Olympique,1823,25,24,1,1980-12-08,5,Uruguay,
top14,2013/2014,Roimata Hansell-Pune,Oyonnax,1194,21,15,6,1986-11-06,"11,12,13",Nouvelle Zélande,
top14,2013/2014,Roland Bernard,Grenoble,355,8,5,3,1981-11-14,"6,7",Afrique du Sud,
top14,2013/2014,Romain Cabannes,Castres Olympique,1673,23,23,0,1984-12-02,13,France,
top14,2013/2014,Romain David,Grenoble,236,10,1,9,1982-04-21,"1,2,3",France,
top14,2013/2014,Romain Frou,Stade Francais Paris,107,5,0,5,1984-01-03,"1,3",France,
top14,2013/2014,Romain Kusiolek,CA Brive,80,1,1,0,1991-05-03,9,France,
top14,2013/2014,Romain Lonca,Union Bordeaux-Begles,372,10,3,7,1991-11-26,"10,13,15",France,
top14,2013/2014,Romain Martial,Castres Olympique,805,11,10,1,1984-11-13,"13,14,15",France,
top14,2013/2014,Romain Millo-Chluski,Stade Toulousain,1200,22,16,6,1983-04-20,"4,5,8",France,
top14,2013/2014,Romain Ruffenach,Biarritz Olympique,238,9,2,7,1994-09-04,2,France,
top14,2013/2014,Romain Sola,CA Brive,741,16,9,7,1987-10-29,"9,10,12,13",France,
top14,2013/2014,Romain Taofifenua,USAP,1477,23,22,1,1990-09-14,"4,5",France,
top14,2013/2014,Romain Terrain,USAP,842,23,8,15,1981-08-22,"2,8",France,
top14,2013/2014,Romain Teulet,Castres Olympique,35,3,0,3,1978-02-05,15,France,
top14,2013/2014,Rory Kockott,Castres Olympique,1620,25,20,5,1986-06-25,"9,10",France,
top14,2013/2014,Ruaan du Preez,Oyonnax,182,7,2,5,1984-03-20,"1,3",Afrique du Sud,
top14,2013/2014,Rudi Coetzee,Grenoble,548,10,6,4,1981-04-16,"9,13,14,15",Afrique du Sud,
top14,2013/2014,Rudi Wulf,RC Toulon,974,14,12,2,1984-02-02,"10,11,12,13,14",Samoa,
top14,2013/2014,Sadio Traore,CA Brive,6,1,0,1,1991-06-09,3,Mali,
top14,2013/2014,Said Hireche,CA Brive,707,19,7,12,1985-05-27,"5,6,7,8",France,
top14,2013/2014,Saimone Taumoepeau,Castres Olympique,1052,22,11,11,1979-12-21,"1,2",Tonga,
top14,2013/2014,Saimoni Vaka,Bayonne,235,4,4,0,1987-06-02,14,Fidji,
top14,2013/2014,Sakaria Taulafo,Stade Francais Paris,477,17,3,14,1983-01-29,"1,3",Samoa,
top14,2013/2014,Sakiusa Matadigo,Racing 92,416,10,5,5,1982-08-08,"6,7,8",Fidji,
top14,2013/2014,Salim Tebani,Oyonnax,111,5,1,4,1978-10-11,2,France,
top14,2013/2014,Sam Gerber,Bayonne,219,3,3,0,1981-02-05,"12,14",Afrique du Sud,
top14,2013/2014,Samu Wara,Oyonnax,528,10,8,2,1986-01-24,"11,14",Fidji,
top14,2013/2014,Santiago Fernandez,Bayonne,1182,17,14,3,1985-11-28,"10,11,12",Argentine,
top14,2013/2014,Schalk Ferreira,Stade Toulousain,929,21,11,10,1984-02-09,"1,8",Afrique du Sud,
top14,2013/2014,Scott Lavalla,Stade Francais Paris,943,17,11,6,1988-07-04,"6,7,8",Etats-Unis,
top14,2013/2014,Scott Newlands,Oyonnax,846,15,8,7,1985-07-20,"6,7",Ecosse,
top14,2013/2014,Scott Spedding,Bayonne,1963,25,25,0,1986-05-04,"10,15",France,
top14,2013/2014,Sebastien Bezy,Stade Toulousain,661,17,7,10,1991-11-22,"9,10,11",France,
top14,2013/2014,Sebastien Bruno,RC Toulon,166,5,2,3,1974-08-26,2,France,
top14,2013/2014,Sebastien Descons,Racing 92|USAP,431,7,6,1,1983-05-13,"9,10",France,
top14,2013/2014,Sebastien Taofifenua,USAP,737,26,6,20,1992-03-21,"1,3",France,
top14,2013/2014,Sebastien Tillous-Borde,RC Toulon,994,18,13,5,1985-04-29,9,France,
top14,2013/2014,Sebastien Vahaamahina,USAP,970,18,12,6,1991-10-21,"4,5",France,
top14,2013/2014,Seremaia Bai,Castres Olympique,745,18,8,10,1979-01-04,"10,12,13,15",Fidji,
top14,2013/2014,Seremaia Burotu,Biarritz Olympique,1303,19,17,2,1987-07-19,"6,7,12,13,14",Fidji,
top14,2013/2014,Sergio Parisse,Stade Francais Paris,1083,15,14,1,1983-09-12,8,Italie,
top14,2013/2014,Sevanaia Galala,CA Brive,160,2,2,0,1993-01-29,"11,14",Fidji,
top14,2013/2014,Silvere Tian,Oyonnax,1852,24,23,1,1980-07-19,"14,15",France,
top14,2013/2014,Silviu Florea,Union Bordeaux-Begles,421,12,3,9,1977-04-19,3,Roumanie,
top14,2013/2014,Simon Pinet,CA Brive,426,17,4,13,1986-08-09,"4,5,6,8",France,
top14,2013/2014,Sione Piukala,USAP,1214,19,15,4,1985-06-08,"11,12,13",Tonga,
top14,2013/2014,Sisa Koyamaibole,CA Brive,1338,20,19,1,1980-03-06,8,Fidji,
top14,2013/2014,Sitaleki Timani,Montpellier Herault Rugby,497,12,5,7,1986-09-19,"4,5,6",Tonga,
top14,2013/2014,Sitiveni Sivivatu,ASM Clermont Auvergne,1500,20,20,0,1982-04-19,"11,14",Fidji,
top14,2013/2014,Soane Tonga'uiha,Racing 92,383,11,5,6,1982-01-21,"1,3",Tonga,
top14,2013/2014,Sofiane Guitoune,USAP,961,13,12,1,1989-03-27,"10,11,14",France,
top14,2013/2014,Sona Taumalolo,USAP,1008,19,15,4,1981-11-13,1,Tonga,
top14,2013/2014,Steffon Armitage,RC Toulon,1619,25,21,4,1985-09-20,"6,7,8",Angleterre,
top14,2013/2014,Stephen Brett,Bayonne,1116,20,13,7,1985-11-23,"10,13,14",Nouvelle Zélande,
top14,2013/2014,Sylvain Nicolas,Stade Francais Paris,627,10,8,2,1987-06-21,"6,7",France,
top14,2013/2014,Taiasina Tuifua,Union Bordeaux-Begles,612,16,7,9,1984-08-20,"5,6,7,8",Samoa,
top14,2013/2014,Takudzwa Ngwenya,Biarritz Olympique,1648,21,21,0,1985-07-22,14,Etats-Unis,
top14,2013/2014,Tamato Leupolu,CA Brive,279,8,3,5,,3,Samoa,
top14,2013/2014,Tanguy Molcard,Biarritz Olympique,1119,18,15,3,1990-06-23,"6,7",France,
top14,2013/2014,Teddy Thomas,Biarritz Olympique,1174,16,15,1,1993-09-18,11,France,
top14,2013/2014,Theo Belan,RC Toulon,40,1,0,1,1992-11-15,14,France,
top14,2013/2014,Theo Platon,Biarritz Olympique,12,1,0,1,1992-09-08,15,France,
top14,2013/2014,Thibaud Rey,Grenoble,29,1,0,1,1992-06-20,5,France,
top14,2013/2014,Thibault Dubarry,Biarritz Olympique,490,9,7,2,1987-11-24,"4,5",France,
top14,2013/2014,Thibault Gery,Grenoble,29,1,0,1,1991-03-12,11,France,
top14,2013/2014,Thibault Lacroix,Union Bordeaux-Begles,737,13,9,4,1985-05-14,"12,14",France,
top14,2013/2014,Thibault Lassalle,Oyonnax,1218,18,16,2,1987-08-22,"4,5",France,
top14,2013/2014,Thibault Privat,Montpellier Herault Rugby,1175,25,17,8,1979-02-06,"4,5",France,
top14,2013/2014,Thierry Dusautoir,Stade Toulousain,723,11,9,2,1981-11-18,"6,7,8",France,
top14,2013/2014,Thierry Lacrampe,ASM Clermont Auvergne,693,16,8,8,1988-02-23,9,France,
top14,2013/2014,Thomas Bianchin,Montpellier Herault Rugby,183,8,1,7,1987-08-11,2,France,
top14,2013/2014,Thomas Combezou,Montpellier Herault Rugby,573,12,6,6,1987-01-26,"12,13,14",France,
top14,2013/2014,Thomas Domingo,ASM Clermont Auvergne,783,15,12,3,1985-08-20,1,France,
top14,2013/2014,Thomas Laranjeira,CA Brive,877,18,10,8,1992-05-05,"10,12,13",France,
top14,2013/2014,Thomas Ramos,Stade Toulousain,79,1,1,0,1995-07-23,15,France,
top14,2013/2014,Thomas Sanchou,CA Brive,577,15,7,8,1981-11-23,"9,10,12,13",France,
top14,2013/2014,Thomas Synaeghel,Biarritz Olympique,659,17,9,8,1987-04-26,1,France,
top14,2013/2014,Ti'i Paulo,ASM Clermont Auvergne,1024,21,13,8,1983-01-13,2,Samoa,
top14,2013/2014,Tikiko Koroivoutu,Oyonnax,360,5,5,0,1986-07-12,"11,14",Fidji,
top14,2013/2014,Timoci Matanavu,Stade Toulousain,287,10,3,7,1984-07-08,"7,11,12,14,15",Fidji,
top14,2013/2014,Timoci Nagusa,Montpellier Herault Rugby,1020,15,14,1,1987-07-14,"11,14",Fidji,
top14,2013/2014,Tjiuee Uanivi,CA Brive,63,2,1,1,1990-12-31,"6,7",Namibie,
top14,2013/2014,Tom Ecochard,USAP,314,7,3,4,1992-12-14,"9,11",France,
top14,2013/2014,Tommaso Allan,USAP,444,8,5,3,1993-04-26,"10,14,15",Italie,
top14,2013/2014,Tommaso Benvenuti,USAP,789,18,8,10,1990-12-12,"9,11,12,13,14,15",Italie,
top14,2013/2014,Ueleni Fono,Biarritz Olympique,1127,19,14,5,1982-05-06,"5,6,7,8",France,
top14,2013/2014,Uwa Tawalo,ASM Clermont Auvergne,85,2,1,1,1992-02-27,"11,15",Fidji,
top14,2013/2014,Valentin Courrent,Grenoble,583,12,8,4,1982-08-16,9,France,
top14,2013/2014,Valentin Ursache,Oyonnax,1314,21,20,1,1985-12-08,"6,7",Roumanie,
top14,2013/2014,Vasil Kakovin,Stade Toulousain,54,2,2,0,1989-12-01,1,Géorgie,
top14,2013/2014,Venione Voretamaya,CA Brive,226,4,3,1,1990-10-22,"11,14",Fidji,
top14,2013/2014,Victor Lebas,CA Brive,54,2,1,1,1993-06-09,4,France,
top14,2013/2014,Viliami Ma'afu,Oyonnax,1352,19,17,2,1982-03-09,"6,7,8",Tonga,
top14,2013/2014,Vincent Campo,Grenoble,752,16,8,8,1985-05-20,"1,2",France,
top14,2013/2014,Vincent Clerc,Stade Toulousain,689,10,9,1,1981-05-07,"11,14,15",France,
top14,2013/2014,Vincent Debaty,ASM Clermont Auvergne,706,18,7,11,1981-10-02,"1,3",France,
top14,2013/2014,Vincent Martin,RC Toulon,224,4,3,1,1992-09-04,"13,14,15",France,
top14,2013/2014,Virgile Bruni,RC Toulon,1422,24,19,5,1989-02-06,"6,7",France,
top14,2013/2014,Virgile Lacombe,Racing 92,1090,28,12,16,1984-07-07,2,France,
top14,2013/2014,Virimi Vakatawa,Racing 92,240,3,3,0,1992-05-01,"11,14",France,
top14,2013/2014,Vitolio Manukula,Bayonne,58,3,0,3,1984-09-25,"1,3",France,
top14,2013/2014,Waisea Nayacalevu,Stade Francais Paris,1035,15,14,1,1990-06-26,"11,13,14",Fidji,
top14,2013/2014,Walter Desmaison,Racing 92,42,5,0,5,1991-10-18,3,France,
top14,2013/2014,Wandile Mjekevu,USAP,991,15,12,3,1991-01-07,"10,11,12,14",Afrique du Sud,
top14,2013/2014,Watisoni Votu,USAP,991,14,12,2,1985-03-25,"11,12,14",Fidji,
top14,2013/2014,Wenceslas Lauret,Racing 92,985,19,13,6,1989-03-28,"6,7",France,
top14,2013/2014,Wesley Fofana,ASM Clermont Auvergne,834,12,11,1,1988-01-20,12,France,
top14,2013/2014,Wynand Olivier,Montpellier Herault Rugby,1334,18,17,1,1983-06-11,"12,13",Afrique du Sud,
top14,2013/2014,Xavier Chiocci,RC Toulon,1124,25,15,10,1990-02-13,"1,3",France,
top14,2013/2014,Yacouba Camara,Stade Toulousain,1036,20,13,7,1994-06-02,"6,7,8",France,
top14,2013/2014,Yann David,Stade Toulousain,827,13,13,0,1988-04-15,13,France,
top14,2013/2014,Yann Lesgourgues,Biarritz Olympique,1045,19,12,7,1991-01-17,"9,10,11",France,
top14,2013/2014,Yannick Caballero,Castres Olympique,1233,20,17,3,1983-04-03,"6,7",France,
top14,2013/2014,Yannick Forestier,Castres Olympique,1058,22,16,6,1982-01-03,"1,11",France,
top14,2013/2014,Yannick Nyanga,Stade Toulousain,1036,18,12,6,1983-12-19,"5,6,7",France,
top14,2013/2014,Yoan Audrin,Montpellier Herault Rugby,974,13,12,1,1981-08-14,"11,13,14",France,
top14,2013/2014,Yoann Huget,Stade Toulousain,1171,17,15,2,1987-06-02,"11,14,15",France,
top14,2013/2014,Yoann Maestri,Stade Toulousain,1149,19,13,6,1988-01-14,"4,5,8",France,
top14,2013/2014,Yohan Montes,Stade Toulousain,869,23,8,15,1985-02-07,"1,3",France,
top14,2013/2014,Yohann Artru,Montpellier Herault Rugby,407,6,5,1,1992-05-31,"11,14",France,
top14,2013/2014,Yvan Watremez,Montpellier Herault Rugby,794,23,10,13,1989-04-21,1,France,
top14,2013/2014,Yves Donguy,Stade Toulousain,190,4,3,1,1982-01-01,"11,15",France,
top14,2013/2014,Zaza Navrozashvili,Union Bordeaux-Begles,3,1,0,1,1992-07-27,1,Géorgie,
top14,2013/2014,Zurabi Zhvania,Stade Francais Paris,19,3,0,3,1991-09-23,1,Géorgie,
top14,2014/2015,Adam Jaulhac,Union Bordeaux-Begles,327,9,5,4,1988-01-31,"4,5",France,
top14,2014/2015,Adam Whitelock,Bayonne,201,4,3,1,1987-04-17,"12,13",Nouvelle Zélande,
top14,2014/2015,Adrien Oleon,Stade Francais Paris,84,5,0,5,1989-03-12,3,France,
top14,2014/2015,Adrien Planté,Racing 92,890,12,12,0,1985-04-21,"11,14",France,
top14,2014/2015,Agustin Figuerola,Oyonnax,982,18,13,5,1985-01-27,9,Argentine,
top14,2014/2015,Akapusi Qera,Montpellier Herault Rugby,922,15,11,4,1984-04-24,"6,7,8",Fidji,
top14,2014/2015,Alaska Taufa,Oyonnax,323,6,3,3,1983-07-24,"11,13",Tonga,
top14,2014/2015,Albert Vulivuli,Montpellier Herault Rugby|Stade Rochelais,523,9,6,3,1985-05-26,"9,11,12,14,15",Fidji,
top14,2014/2015,Albertus Buckle,Grenoble,732,18,6,12,1983-09-09,1,Afrique du Sud,
top14,2014/2015,Aled de Malmanche,Stade Francais Paris,222,8,2,6,1984-09-11,"1,2",Nouvelle Zélande,
top14,2014/2015,Alex Tulou,Montpellier Herault Rugby,702,13,8,5,1987-03-21,"5,7,8",Samoa,
top14,2014/2015,Alexandre Bias,Montpellier Herault Rugby,617,9,9,0,1981-04-21,7,France,
top14,2014/2015,Alexandre Dardet,Grenoble,364,9,7,2,1993-01-31,1,France,
top14,2014/2015,Alexandre Dumoulin,Racing 92,1188,18,15,3,1989-08-24,"12,13",France,
top14,2014/2015,Alexandre Flanquart,Stade Francais Paris,1241,20,18,2,1989-10-09,"4,5",France,
top14,2014/2015,Alexandre Lapandry,ASM Clermont Auvergne,1064,21,12,9,1989-04-13,"6,7",France,
top14,2014/2015,Alexandre Menini,RC Toulon,846,20,11,9,1983-08-05,1,France,
top14,2014/2015,Alexis Palisson,Stade Toulousain,484,8,6,2,1987-09-09,"11,13,15",France,
top14,2014/2015,Alfie Mafi,CA Brive,911,20,11,9,1988-06-08,"11,12,13,14,15",Tonga,
top14,2014/2015,Ali Williams,RC Toulon,851,13,10,3,1981-04-30,"4,5",Nouvelle Zélande,
top14,2014/2015,Allan Gravier,Bayonne,70,1,1,0,1993-03-23,5,France,
top14,2014/2015,Alofa Alofa,Stade Rochelais,1492,20,20,0,1991-03-12,"11,13,14",Samoa,
top14,2014/2015,Andrew Cramond,RC Toulon,16,1,0,1,1994-04-15,4,Ecosse,
top14,2014/2015,Andrew Mailei,CA Brive,769,14,10,4,1980-05-24,"10,12,13",Nouvelle Zélande,
top14,2014/2015,Anthony Etrillard,Bayonne,1204,23,15,8,1993-03-21,2,France,
top14,2014/2015,Anthony Hegarty,Grenoble,175,8,0,8,1987-05-11,2,Australie,
top14,2014/2015,Anthony Meric,RC Toulon,10,1,0,1,1995-02-15,9,France,
top14,2014/2015,Anthony Roux,Lyon,559,15,8,7,1983-10-28,3,France,
top14,2014/2015,Anthony Tuitavake,Montpellier Herault Rugby,1256,17,17,0,1982-02-12,"12,13",Tonga,
top14,2014/2015,Antoine Battut,Montpellier Herault Rugby,552,15,8,7,1984-01-01,"4,5,6,7",France,
top14,2014/2015,Antoine Burban,Stade Francais Paris,1079,17,16,1,1987-07-22,"6,7",France,
top14,2014/2015,Antoine Dupont,Castres Olympique,132,6,1,5,1996-11-15,9,France,
top14,2014/2015,Antoine Guillamon,Oyonnax,264,6,3,3,1991-06-04,3,France,
top14,2014/2015,Antoine Tichit,Oyonnax,1149,24,16,8,1989-06-13,"1,3",France,
top14,2014/2015,Anton Peikrishvili,CA Brive,49,1,0,1,1987-09-18,3,Géorgie,
top14,2014/2015,Antonie Claassen,Racing 92,1813,25,23,2,1984-10-20,"7,8",France,
top14,2014/2015,Aranos Coetzee,CA Brive,340,9,2,7,1988-03-14,1,Namibie,
top14,2014/2015,Aretz Iguiniz,Bayonne,1121,24,17,7,1983-06-03,"1,3",France,
top14,2014/2015,Arnaud Heguy,Grenoble,1247,22,19,3,1985-01-23,2,France,
top14,2014/2015,Arnaud Mela,CA Brive,1504,25,21,4,1980-01-19,"4,5",France,
top14,2014/2015,Arnaud Mignardi,CA Brive,874,12,11,1,1986-11-01,13,France,
top14,2014/2015,Arthur Cestaro,Stade Rochelais,309,5,4,1,1990-05-17,15,France,
top14,2014/2015,Aurelien Rougerie,ASM Clermont Auvergne,1314,19,18,1,1980-09-26,"13,14",France,
top14,2014/2015,Bakkies Botha,RC Toulon,383,9,9,0,1979-09-22,4,Afrique du Sud,
top14,2014/2015,Baptiste Chouzenoux,Bayonne,65,4,0,4,1993-08-07,"4,6",France,
top14,2014/2015,Baptiste Serin,Union Bordeaux-Begles,574,19,5,14,1994-06-20,"9,10,13,14",France,
top14,2014/2015,Bastien Duhalde,Bayonne,16,1,1,0,1993-01-04,9,France,
top14,2014/2015,Bastien Fuster,Bayonne,169,8,1,7,1992-01-21,"7,11,12,13,14,15",Espagne,
top14,2014/2015,Bees Roux,Oyonnax,40,1,0,1,1981-12-09,1,Afrique du Sud,
top14,2014/2015,Ben Hand,Grenoble,1129,19,17,2,1982-04-24,"4,5,6",Australie,
top14,2014/2015,Ben Lucas,Montpellier Herault Rugby,996,14,13,1,1987-12-30,"10,15",Australie,
top14,2014/2015,Ben Mowen,Montpellier Herault Rugby,1290,19,15,4,1984-12-01,"6,7,8",Australie,
top14,2014/2015,Ben Venter,Union Bordeaux-Begles,19,1,0,1,1987-05-15,6,Afrique du Sud,
top14,2014/2015,Benat Auzqui,Union Bordeaux-Begles,386,15,3,12,1983-08-01,"2,3",France,
top14,2014/2015,Benito Masilevu,CA Brive,1563,23,19,4,1989-10-07,"10,11,14",Fidji,
top14,2014/2015,Benjamin Dambielle,Racing 92,1049,19,12,7,1985-07-15,"10,15",France,
top14,2014/2015,Benjamin Desroches,Castres Olympique,179,9,2,7,1989-10-29,"4,5,8",France,
top14,2014/2015,Benjamin Fall,Montpellier Herault Rugby,822,12,11,1,1989-04-29,"11,13,14,15",France,
top14,2014/2015,Benjamin Geledan,Stade Rochelais,385,16,4,12,1990-04-08,2,France,
top14,2014/2015,Benjamin Kayser,ASM Clermont Auvergne,878,16,11,5,1984-07-26,2,France,
top14,2014/2015,Benjamin Lapeyre,Racing 92,374,7,4,3,1986-09-24,"10,11,15",France,
top14,2014/2015,Benjamin Macome,Bayonne,334,7,3,4,1986-01-10,"4,6,8",Argentine,
top14,2014/2015,Benjamin Sa,Union Bordeaux-Begles,17,1,0,1,1980-01-30,3,Nouvelle Zélande,
top14,2014/2015,Benjamin Thiery,Grenoble,755,13,10,3,1984-06-02,"11,14,15",France,
top14,2014/2015,Benjamin Urdapilleta,Oyonnax,1876,24,24,0,1986-03-11,10,Argentine,
top14,2014/2015,Benoit Bourrust,Stade Rochelais,154,8,0,8,1985-06-16,"1,3",France,
top14,2014/2015,Benoit Guyot,Stade Rochelais,286,9,5,4,1989-01-18,"6,7,8,9",France,
top14,2014/2015,Benoit Paillaugue,Montpellier Herault Rugby,1043,23,15,8,1987-11-17,"4,9",France,
top14,2014/2015,Benoit Sicart,Montpellier Herault Rugby,67,6,0,6,1990-04-23,"12,14,15",France,
top14,2014/2015,Benson Stanley,ASM Clermont Auvergne,1540,22,19,3,1984-09-11,"12,13",France,
top14,2014/2015,Berend Botha,Union Bordeaux-Begles,1308,22,16,6,1988-03-11,"4,5",Afrique du Sud,
top14,2014/2015,Bernard Le Roux,Racing 92,909,14,13,1,1989-06-04,7,France,
top14,2014/2015,Bertrand Guiry,Union Bordeaux-Begles,417,12,4,8,1988-07-30,"6,7,8",France,
top14,2014/2015,Blair Connor,Union Bordeaux-Begles,1920,24,24,0,1988-09-29,11,Australie,
top14,2014/2015,Blair Stewart,Bayonne,757,12,10,2,1983-10-02,10,Nouvelle Zélande,
top14,2014/2015,Bogdan Balan,Lyon,610,16,8,8,1980-02-11,"1,3",Roumanie,
top14,2014/2015,Brian Mujati,Racing 92,724,26,5,21,1984-09-28,3,Afrique du Sud,
top14,2014/2015,Brice Dulin,Racing 92,1572,21,20,1,1990-04-13,15,France,
top14,2014/2015,Brice Mach,Castres Olympique,1295,24,19,5,1986-04-02,2,France,
top14,2014/2015,Brock James,ASM Clermont Auvergne,1086,18,12,6,1981-10-22,10,France,
top14,2014/2015,Bryan Habana,RC Toulon,789,11,10,1,1983-06-12,"11,12,15",Afrique du Sud,
top14,2014/2015,Cameron Mapusua,Lyon,18,2,0,2,1993-08-03,2,Nouvelle Zélande,
top14,2014/2015,Camille Gerondeau,Racing 92,1412,27,17,10,1988-03-12,"6,7,8",France,
top14,2014/2015,Camille Lopez,ASM Clermont Auvergne,911,14,13,1,1989-04-03,10,France,
top14,2014/2015,Carl Hayman,RC Toulon,1221,21,16,5,1979-11-14,3,Nouvelle Zélande,
top14,2014/2015,Casey Laulala,Racing 92,777,12,11,1,1982-05-03,13,Samoa,
top14,2014/2015,Cedate Gomes Sa,Racing 92,57,1,1,0,1993-08-07,1,France,
top14,2014/2015,Census Johnston,Stade Toulousain,992,20,13,7,1981-05-06,3,Samoa,
top14,2014/2015,Charl McLeod,Grenoble,1685,25,22,3,1983-08-05,9,Afrique du Sud,
top14,2014/2015,Charles Bouldoire,Stade Rochelais,307,5,3,2,1993-06-08,"12,13,14,15",France,
top14,2014/2015,Charles Brousse,Union Bordeaux-Begles,260,10,2,8,1990-11-30,"10,12,13,14",France,
top14,2014/2015,Charles Geli,Montpellier Herault Rugby,1068,20,15,5,1987-03-26,2,France,
top14,2014/2015,Charles Lagarde,Stade Rochelais,145,5,3,2,1992-07-20,"10,13,14,15",France,
top14,2014/2015,Charles Ollivon,Bayonne,1346,22,18,4,1993-05-11,"6,7,8",France,
top14,2014/2015,Charlie Cassang,ASM Clermont Auvergne,32,1,0,1,1995-02-08,9,France,
top14,2014/2015,Chris Farrell,Grenoble,1280,21,15,6,1993-03-16,"11,12,13",Irlande,
top14,2014/2015,Chris King,Montpellier Herault Rugby,348,9,3,6,1981-04-30,"1,3",Nouvelle Zélande,
top14,2014/2015,Chris Masoe,RC Toulon,1297,23,16,7,1979-05-15,"6,7,8",Nouvelle Zélande,
top14,2014/2015,Chris Tuatara-Morrison,CA Brive|Castres Olympique,669,9,9,0,1986-09-11,"12,13",Australie,
top14,2014/2015,Christian Njewel,Lyon,564,11,7,4,1990-03-22,"4,5,7,8",Cameroun,
top14,2014/2015,Christophe Andre,Oyonnax,198,6,2,4,1986-10-05,"6,7,8",France,
top14,2014/2015,Christophe Loustalot,Bayonne,739,24,9,15,1992-04-07,"9,10,12",France,
top14,2014/2015,Christophe Samson,Castres Olympique,1487,24,18,6,1984-03-01,"4,5,6",France,
top14,2014/2015,Christopher Tolofua,Stade Toulousain,263,10,1,9,1993-12-31,2,France,
top14,2014/2015,Clement Ancely,Bayonne,40,2,0,2,1993-03-04,6,France,
top14,2014/2015,Clement Baiocco,Oyonnax,146,5,3,2,1979-12-02,"1,3",France,
top14,2014/2015,Clement Gelin,Grenoble,31,2,0,2,1993-11-08,"13,14",France,
top14,2014/2015,Clement Jullien,Oyonnax,236,8,2,6,1992-05-16,2,France,
top14,2014/2015,Clement Maynadier,Union Bordeaux-Begles,407,12,6,6,1988-10-11,2,France,
top14,2014/2015,Clement Otazo,Bayonne,94,3,1,2,1992-05-03,10,France,
top14,2014/2015,Clement Poitrenaud,Stade Toulousain,725,11,10,1,1982-05-20,"12,14,15",France,
top14,2014/2015,Clément Ric,ASM Clermont Auvergne,1035,24,15,9,1988-07-18,3,France,
top14,2014/2015,Cobus Grobler,Stade Rochelais,602,15,7,8,1981-02-02,"4,5,6",Afrique du Sud,
top14,2014/2015,Coenraad Basson,Lyon,1115,17,15,2,1981-09-25,"4,5,8",Afrique du Sud,
top14,2014/2015,Corey Flynn,Stade Toulousain,1585,25,24,1,1981-01-05,2,Nouvelle Zélande,
top14,2014/2015,Craig Burden,RC Toulon,262,10,5,5,1985-05-13,2,Afrique du Sud,
top14,2014/2015,Cyril Baille,Stade Toulousain,372,13,3,10,1993-09-15,"1,2,3,6",France,
top14,2014/2015,Cédric Garcia,Castres Olympique,801,19,11,8,1982-12-28,"9,12,13",France,
top14,2014/2015,Damian Browne,Oyonnax,458,6,5,1,1980-05-17,5,Irlande,
top14,2014/2015,Damien Chouly,ASM Clermont Auvergne,1153,15,13,2,1985-11-27,"6,7,8",France,
top14,2014/2015,Damien Cler,Stade Rochelais,266,4,3,1,1983-10-02,"11,14",France,
top14,2014/2015,Damien Fitzpatrick,Lyon,582,13,6,7,1989-06-08,2,Australie,
top14,2014/2015,Damien Jourdain,CA Brive,557,16,4,12,1986-10-07,3,France,
top14,2014/2015,Damien Lagrange,Oyonnax,580,11,10,1,1987-07-04,"4,5",France,
top14,2014/2015,Damien Lavergne,CA Brive,47,2,0,2,1991-12-15,1,France,
top14,2014/2015,Damien Neveu,CA Brive,670,26,5,21,1986-06-29,9,France,
top14,2014/2015,Dan Lydiate,Racing 92,237,4,2,2,1987-12-18,"6,7",Pays de Galles,
top14,2014/2015,Daniel Kilioni,Grenoble,313,6,4,2,1993-02-22,"11,14",Tonga,
top14,2014/2015,Daniel Kirkpatrick,Castres Olympique,576,13,7,6,1988-08-28,"10,12",Nouvelle Zélande,
top14,2014/2015,Daniel Kotze,ASM Clermont Auvergne,353,14,2,12,1987-03-28,"2,3",France,
top14,2014/2015,Darly Domvo,Union Bordeaux-Begles,348,5,5,0,1992-04-03,"14,15",France,
top14,2014/2015,David Attoub,Montpellier Herault Rugby,86,4,1,3,1981-06-07,"1,3",France,
top14,2014/2015,David Roumieu,Bayonne,491,14,6,8,1981-10-15,2,France,
top14,2014/2015,David Smith,RC Toulon,1328,18,17,1,1986-10-12,"11,14",Samoa,
top14,2014/2015,Davit Khinchagishvili,Racing 92,294,8,5,3,1982-07-24,1,France,
top14,2014/2015,Davit Kubriashvili,Stade Francais Paris,730,21,8,13,1986-12-03,3,Géorgie,
top14,2014/2015,Davit Zirakashvili,ASM Clermont Auvergne,838,17,11,6,1983-10-10,3,Géorgie,
top14,2014/2015,Dayna Edwards,Grenoble,856,17,16,1,1985-03-14,3,Nouvelle Zélande,
top14,2014/2015,Delon Armitage,RC Toulon,978,13,13,0,1983-12-15,"14,15",Angleterre,
top14,2014/2015,Denis Coulson,Grenoble,110,3,1,2,1994-06-15,1,Irlande,
top14,2014/2015,Deon Fourie,Lyon,947,23,8,15,1986-09-25,"2,7,8",Afrique du Sud,
top14,2014/2015,Dewald Senekal,Bayonne,970,21,15,6,1981-01-12,"4,8",France,
top14,2014/2015,Digby Ioane,Stade Francais Paris,934,14,12,2,1985-07-14,"11,12,14",Australie,
top14,2014/2015,Dimitri Szarzewski,Racing 92,1008,19,15,4,1983-01-26,2,France,
top14,2014/2015,Djibril Camara,Stade Francais Paris,1619,23,23,0,1989-06-22,15,France,
top14,2014/2015,Dominiko Waqaniburotu,CA Brive,1368,22,17,5,1986-04-20,"4,5,6,7,8",Fidji,
top14,2014/2015,Dorian Aldegheri,Stade Toulousain,71,3,0,3,1993-08-04,3,France,
top14,2014/2015,Drew Mitchell,RC Toulon,1684,23,21,2,1984-03-26,"11,14,15",Australie,
top14,2014/2015,Dug Codjo,Oyonnax,852,12,11,1,1987-04-22,"11,14",France,
top14,2014/2015,Dwayne Haare,Bayonne,1076,17,15,2,1980-06-09,"4,7,8",Nouvelle Zélande,
top14,2014/2015,Dylan Hayes,Grenoble,35,1,0,1,1994-02-11,6,Nouvelle Zélande,
top14,2014/2015,Dylan Jacquot,Grenoble,11,1,0,1,1995-02-06,1,France,
top14,2014/2015,Eddy Ben Arous,Racing 92,900,22,10,12,1990-08-25,1,France,
top14,2014/2015,Edwin Maka,Stade Toulousain,327,14,2,12,1993-02-25,"3,4,5,7,8",France,
top14,2014/2015,Eliott Roudil,Stade Rochelais,266,7,2,5,1996-10-30,"11,12,13,14,15",France,
top14,2014/2015,Emiliano Coria,Montpellier Herault Rugby,104,4,1,3,1990-10-16,3,Argentine,
top14,2014/2015,Emmanuel Felsina,Lyon,760,20,7,13,1985-02-22,1,France,
top14,2014/2015,Enzo Selponi,Montpellier Herault Rugby,360,6,4,2,1993-06-16,10,France,
top14,2014/2015,Erasmus van Vuuren,Stade Rochelais,245,8,2,6,1985-05-23,2,Afrique du Sud,
top14,2014/2015,Eric Escande,RC Toulon,746,22,7,15,1992-11-18,"9,10,12,15",France,
top14,2014/2015,Etienne Dussarte,Racing 92,32,3,0,3,1993-02-05,"9,12,13",France,
top14,2014/2015,Etienne Falgoux,ASM Clermont Auvergne,5,1,0,1,1993-01-19,1,France,
top14,2014/2015,Eugene N'Zi,Lyon,480,10,5,5,1986-10-18,"4,6,7,8",France,
top14,2014/2015,Fabien Alexandre,Grenoble,1779,24,23,1,1985-05-14,"6,7,8",France,
top14,2014/2015,Fabien Barcella,Grenoble|RC Toulon,644,11,9,2,1983-10-27,1,France,
top14,2014/2015,Fabien Cibray,Oyonnax,1002,24,13,11,1985-10-15,9,France,
top14,2014/2015,Fabien Fortassin,Stade Rochelais,445,9,6,3,1984-01-08,10,France,
top14,2014/2015,Fabien Gengenbacher,Grenoble,1174,17,14,3,1984-01-13,"11,15",France,
top14,2014/2015,Fabien Sanconnie,CA Brive,13,1,0,1,1995-02-21,7,France,
top14,2014/2015,Fabrice Estebanez,Lyon,1244,21,16,5,1981-12-26,"10,12,13",France,
top14,2014/2015,Fabrice Metz,Racing 92,280,14,1,13,1991-01-23,"4,5",France,
top14,2014/2015,Felix le Bourhis,Union Bordeaux-Begles,1006,13,12,1,1988-04-07,13,France,
top14,2014/2015,Florian Denos,Oyonnax,1663,21,21,0,1985-05-20,15,France,
top14,2014/2015,Florian Faure,Grenoble,688,19,8,11,1983-03-23,"4,6,7,8",France,
top14,2014/2015,Florian Fresia,RC Toulon,275,10,2,8,1992-01-17,1,France,
top14,2014/2015,Florian Fritz,Stade Toulousain,1380,22,17,5,1984-01-17,"11,12,13,14,15",France,
top14,2014/2015,Florian Houerie,Castres Olympique,7,1,0,1,1992-10-27,1,France,
top14,2014/2015,Florian Lapeyrade,Bayonne,53,6,0,6,1990-08-09,"1,3",France,
top14,2014/2015,Francisco Gomez Kodela,Union Bordeaux-Begles,816,18,10,8,1985-07-03,"1,3",France,
top14,2014/2015,Franck Romanet,Lyon,831,13,11,2,1986-05-02,"11,14",France,
top14,2014/2015,Francois Bordewie,RC Toulon,35,1,1,0,1993-07-20,3,France,
top14,2014/2015,Francois Da Ros,CA Brive,497,12,9,3,1983-09-29,2,France,
top14,2014/2015,Francois Trinh-Duc,Montpellier Herault Rugby,906,13,12,1,1986-11-11,"10,11",France,
top14,2014/2015,Francois van der Merwe,Racing 92,1444,23,20,3,1983-10-04,"4,5",France,
top14,2014/2015,Frans Viljoen,Lyon,208,8,1,7,1982-10-22,"5,7,8",Afrique du Sud,
top14,2014/2015,Fred Quercy,Montpellier Herault Rugby,19,1,0,1,1991-07-06,6,Espagne,
top14,2014/2015,Fritz Lee,ASM Clermont Auvergne,1246,18,15,3,1988-08-29,"7,8",Samoa,
top14,2014/2015,Frédéric Michalak,RC Toulon,457,7,6,1,1982-10-16,"10,12",France,
top14,2014/2015,Fulgence Ouedraogo,Montpellier Herault Rugby,1638,21,21,0,1986-07-21,6,France,
top14,2014/2015,Gaby Lovobalavu,Bayonne,848,14,10,4,1985-06-20,"12,13,14",Fidji,
top14,2014/2015,Gael Fickou,Stade Toulousain,1179,18,14,4,1994-03-26,"10,11,12,13",France,
top14,2014/2015,Gaetan Germain,CA Brive,1948,26,25,1,1990-07-02,"11,15",France,
top14,2014/2015,Geoffrey Doumayrou,Stade Francais Paris,932,14,12,2,1989-09-16,"13,15",France,
top14,2014/2015,Geoffrey Fabbri,Oyonnax,29,4,0,4,1992-06-17,"4,5",France,
top14,2014/2015,Geoffrey Palis,Castres Olympique,1203,17,15,2,1991-07-08,"11,15",France,
top14,2014/2015,Geoffroy Messina,Grenoble,163,6,1,5,1982-05-29,"11,13,14",France,
top14,2014/2015,George Smith,Lyon,1723,25,23,2,1980-07-14,"6,7,8",Australie,
top14,2014/2015,Gerhard Mostert,Stade Francais Paris,546,17,7,10,1984-10-04,"4,5",Afrique du Sud,
top14,2014/2015,Gerhard Vosloo,RC Toulon,559,10,9,1,1979-05-10,"6,7",France,
top14,2014/2015,Gert Muller,Bayonne,1327,22,17,5,1986-02-05,"1,3",Afrique du Sud,
top14,2014/2015,Gillen Larrart,Bayonne,11,2,0,2,1992-03-10,"12,13",France,
top14,2014/2015,Gillian Galan,Stade Toulousain,573,14,10,4,1991-08-07,8,France,
top14,2014/2015,Gio Aplon,Grenoble,1471,19,19,0,1982-10-06,"11,15",Afrique du Sud,
top14,2014/2015,Giorgi Jgenti,Bayonne|CA Brive,641,18,7,11,1985-11-13,"1,3",Géorgie,
top14,2014/2015,Goderdzi Shvelidze,CA Brive,778,20,12,8,1978-04-17,1,Géorgie,
top14,2014/2015,Gregory Lamboley,Stade Toulousain,592,16,7,9,1982-01-12,"4,5,6,7,8",France,
top14,2014/2015,Gregory Marmoiton,Castres Olympique,33,3,0,3,1990-09-13,"1,3",France,
top14,2014/2015,Grégory Arganese,Bayonne,308,9,4,5,1982-09-15,2,France,
top14,2014/2015,Guilhem Guirado,RC Toulon,661,13,10,3,1986-06-17,2,France,
top14,2014/2015,Guillaume Bernad,Oyonnax,344,6,5,1,1983-06-08,6,France,
top14,2014/2015,Guillaume Bousses,Oyonnax,773,13,10,3,1981-10-12,"12,13",France,
top14,2014/2015,Guillaume Namy,CA Brive,1323,18,17,1,1989-04-03,"11,12,13,14",France,
top14,2014/2015,Guillaume Ribes,CA Brive,320,6,6,0,1984-11-18,2,France,
top14,2014/2015,Guillaume Rouet,Bayonne,1341,25,16,9,1988-08-13,9,Espagne,
top14,2014/2015,Gurthro Steenkamp,Stade Toulousain,1101,19,17,2,1981-06-12,1,Afrique du Sud,
top14,2014/2015,Hamish Gard,Stade Rochelais,597,13,6,7,1985-06-21,"10,11,12,13,14",Nouvelle Zélande,
top14,2014/2015,Heini Adams,Union Bordeaux-Begles,653,15,11,4,1980-05-29,9,Afrique du Sud,
top14,2014/2015,Heinke van der Merwe,Stade Francais Paris,1130,20,17,3,1985-05-03,"1,3",Afrique du Sud,
top14,2014/2015,Hemani Paea,Oyonnax,611,15,6,9,1985-07-30,"12,13",Tonga,
top14,2014/2015,Hendrik Roodt,Grenoble,1745,25,25,0,1987-11-06,"4,5",Afrique du Sud,
top14,2014/2015,Henry Chavancy,Racing 92,1639,22,19,3,1988-05-22,"12,13,14",France,
top14,2014/2015,Henry Vanderglas,Grenoble,1552,22,20,2,1985-05-09,"6,7,8",Australie,
top14,2014/2015,Hikairo Forbes,Stade Rochelais,1379,25,20,5,1986-03-05,2,Nouvelle Zélande,
top14,2014/2015,Hoani Tui,Lyon,472,10,7,3,1984-05-29,3,Nouvelle Zélande,
top14,2014/2015,Horatiu Pungea,Lyon,695,18,7,11,1986-02-18,"1,3,7",Roumanie,
top14,2014/2015,Hugh Chalmers,Union Bordeaux-Begles,1349,22,16,6,1984-11-28,"7,8",Nouvelle Zélande,
top14,2014/2015,Hugh Pyle,Stade Francais Paris,1750,27,22,5,1988-09-21,"4,5",Australie,
top14,2014/2015,Hugues Briatte,CA Brive,326,10,3,7,1990-03-11,"5,6,7",France,
top14,2014/2015,Ibrahim Diarra,Castres Olympique,1039,21,13,8,1983-05-25,"5,6,7,8",France,
top14,2014/2015,Imanol Harinordoquy,Stade Toulousain,1262,20,17,3,1980-02-20,"6,7,8",France,
top14,2014/2015,JC Janse van Rensburg,Bayonne,818,22,9,13,1986-01-09,"1,3",Afrique du Sud,
top14,2014/2015,Jackson Willison,Grenoble,1131,21,14,7,1988-09-05,"12,13,14",Nouvelle Zélande,
top14,2014/2015,James Hart,Grenoble,408,15,4,11,1991-07-28,"9,12,14",France,
top14,2014/2015,James O'Connor,RC Toulon,553,10,6,4,1990-07-05,"9,10,14,15",Australie,
top14,2014/2015,Jamie Cudmore,ASM Clermont Auvergne,716,12,10,2,1978-09-06,"4,5",France,
top14,2014/2015,Jamie Roberts,Racing 92,510,10,7,3,1986-11-08,12,Pays de Galles,
top14,2014/2015,Jandre Marais,Union Bordeaux-Begles,1477,23,20,3,1989-06-14,"4,5",Afrique du Sud,
top14,2014/2015,Jannie Bornman,Castres Olympique,1368,25,14,11,1980-07-20,"4,6,7,8",Afrique du Sud,
top14,2014/2015,Jano Vermaak,Stade Toulousain,352,11,3,8,1985-01-01,"9,10,12",Afrique du Sud,
top14,2014/2015,Jason Eaton,Stade Rochelais,1550,22,21,1,1982-08-21,"4,5,6",Nouvelle Zélande,
top14,2014/2015,Jayden Spence,Union Bordeaux-Begles,369,6,5,1,1991-08-14,"12,13",Nouvelle Zélande,
top14,2014/2015,Jean Monribot,Bayonne,1446,23,19,4,1987-10-11,"5,6,7,8",France,
top14,2014/2015,Jean-Baptiste Pejoine,CA Brive,1408,26,21,5,1980-07-17,9,France,
top14,2014/2015,Jean-Baptiste Poux,Union Bordeaux-Begles,956,20,14,6,1979-09-26,"1,3",France,
top14,2014/2015,Jean-Blaise Lespinasse,Union Bordeaux-Begles,12,1,0,1,1994-01-05,7,France,
top14,2014/2015,Jean-Charles Orioli,RC Toulon,1180,25,11,14,1989-08-09,2,France,
top14,2014/2015,Jean-Francois Coux,Oyonnax,252,4,3,1,1980-12-23,"11,14",France,
top14,2014/2015,Jean-Joseph Marmouyet,Bayonne,493,11,6,5,1984-08-09,"4,6,7,8",France,
top14,2014/2015,Jean-Marc Doussain,Stade Toulousain,1239,24,15,9,1991-02-12,"9,10,12",France,
top14,2014/2015,Jean-Marcellin Buttin,ASM Clermont Auvergne,932,14,12,2,1991-12-16,"11,13,14,15",France,
top14,2014/2015,Jean-Pascal Barraque,Stade Rochelais,1215,19,15,4,1991-04-24,"10,13,15",France,
top14,2014/2015,Jean-Philippe Bonrepaux,Lyon,769,16,14,2,1978-12-07,2,France,
top14,2014/2015,Jefferson Poirot,Union Bordeaux-Begles,777,23,8,15,1992-11-01,"1,2",France,
top14,2014/2015,Jeremie Maurouard,Racing 92,207,10,0,10,1992-09-23,2,France,
top14,2014/2015,Jeremy Castex,Lyon,569,13,7,6,1981-08-19,"1,3",France,
top14,2014/2015,Jeremy Sinzelle,Stade Francais Paris,1704,26,19,7,1990-07-02,"7,11,13,14,15",France,
top14,2014/2015,Jerome Fillol,Stade Francais Paris,534,16,5,11,1978-02-10,9,France,
top14,2014/2015,Jimmy Yobo,RC Toulon,267,5,2,3,1992-02-20,"12,13,15",France,
top14,2014/2015,Joannes Henry,Grenoble,16,1,0,1,1993-11-01,9,France,
top14,2014/2015,Jocelino Suta,RC Toulon,1389,25,14,11,1982-11-18,"4,5",France,
top14,2014/2015,Jody Jenneker,Oyonnax,1624,27,22,5,1984-04-10,2,Afrique du Sud,
top14,2014/2015,Joe Rokocoko,Bayonne,1842,24,24,0,1983-06-06,"13,14",Nouvelle Zélande,
top14,2014/2015,Joe Tekori,Stade Toulousain,1380,26,19,7,1983-12-17,"4,5,7,8",Samoa,
top14,2014/2015,Joe Tuineau,Lyon,82,2,1,1,1981-08-18,"5,8",Tonga,
top14,2014/2015,Johan Aliouat,Montpellier Herault Rugby,10,1,0,1,1993-01-22,4,France,
top14,2014/2015,Johan Goosen,Racing 92,710,16,8,8,1992-07-27,"10,15",Afrique du Sud,
top14,2014/2015,John Beattie,Castres Olympique,1262,19,17,2,1985-11-21,"6,8",Ecosse,
top14,2014/2015,John Ulugia,ASM Clermont Auvergne,959,23,14,9,1986-01-17,2,Nouvelle Zélande,
top14,2014/2015,Johnny Sexton,Racing 92,672,11,10,1,1985-07-11,10,Irlande,
top14,2014/2015,Jon Elissalde,Bayonne,247,7,2,5,1992-12-02,"4,11,13,15",France,
top14,2014/2015,Jonathan Best,Grenoble,58,3,0,3,1983-08-02,"4,7,8",France,
top14,2014/2015,Jonathan Danty,Stade Francais Paris,1464,26,20,6,1992-10-07,"11,12,13",France,
top14,2014/2015,Jonathan Davies,ASM Clermont Auvergne,844,12,11,1,1988-04-05,"12,13",Pays de Galles,
top14,2014/2015,Jonathan Pelissie,Montpellier Herault Rugby,839,21,9,12,1988-06-06,"9,10",France,
top14,2014/2015,Jonathan Wisniewski,Grenoble,1955,25,25,0,1985-07-16,10,France,
top14,2014/2015,Jone Qovu Nailiko,Stade Rochelais,1573,24,21,3,1985-07-26,"4,5,6,7,8",Fidji,
top14,2014/2015,Jono Owen,Grenoble,400,12,3,9,1986-11-01,3,Australie,
top14,2014/2015,Jono Ross,Stade Francais Paris,762,16,9,7,1990-10-27,"6,7,8",Afrique du Sud,
top14,2014/2015,Jordan Michallet,Grenoble,80,1,1,0,1993-01-10,10,France,
top14,2014/2015,Jordan Seneca,Stade Rochelais,184,10,0,10,1991-12-03,"1,2,3",France,
top14,2014/2015,Josua Tuisova,RC Toulon,591,11,7,4,1994-02-04,"10,11,14,15",Fidji,
top14,2014/2015,Juan Imhoff,Racing 92,801,11,10,1,1988-05-11,"11,14",Argentine,
top14,2014/2015,Juan Manuel Leguizamon,Lyon,407,8,5,3,1983-06-06,"6,7,8",Argentine,
top14,2014/2015,Juan Martin Fernandez Lobbe,RC Toulon,610,11,7,4,1981-11-19,"6,7,8",Argentine,
top14,2014/2015,Juan Martin Hernandez,RC Toulon,391,7,5,2,1982-08-07,"10,12",Argentine,
top14,2014/2015,Juan Smith,RC Toulon,1116,18,15,3,1981-07-30,"6,7",Afrique du Sud,
top14,2014/2015,Juandre Kruger,Racing 92,1202,20,15,5,1985-09-06,"4,5",Afrique du Sud,
top14,2014/2015,Jules Le Bail,Stade Rochelais,200,5,2,3,1992-02-09,"9,10",France,
top14,2014/2015,Jules Plisson,Stade Francais Paris,1466,22,18,4,1991-08-20,"10,12,15",France,
top14,2014/2015,Julien Arias,Stade Francais Paris,1762,24,23,1,1983-10-26,"11,14",France,
top14,2014/2015,Julien Audy,Stade Rochelais,1523,26,19,7,1984-11-21,"9,10,11,14",France,
top14,2014/2015,Julien Bardy,ASM Clermont Auvergne,838,14,14,0,1986-04-03,"6,7",Portugal,
top14,2014/2015,Julien Berger,Stade Rochelais,552,19,6,13,1990-01-10,"9,12,13,15",Belgique,
top14,2014/2015,Julien Bonnaire,ASM Clermont Auvergne,1261,20,15,5,1978-09-20,"6,7,8",France,
top14,2014/2015,Julien Brugnaut,Racing 92,906,22,11,11,1981-11-17,"1,2",France,
top14,2014/2015,Julien Caminati,Grenoble,466,11,6,5,1985-10-28,"11,14,15",France,
top14,2014/2015,Julien Dumora,Castres Olympique,1142,21,13,8,1988-03-24,"10,12,13,15",France,
top14,2014/2015,Julien Dupuy,Stade Francais Paris,1067,21,15,6,1983-12-19,9,France,
top14,2014/2015,Julien Kazubek,ASM Clermont Auvergne,90,2,1,1,1992-06-16,6,France,
top14,2014/2015,Julien Ledevedec,Union Bordeaux-Begles,974,21,11,10,1986-06-04,"4,5",France,
top14,2014/2015,Julien Malzieu,ASM Clermont Auvergne,424,7,6,1,1983-05-04,"11,14",France,
top14,2014/2015,Julien Marchand,Stade Toulousain,280,15,2,13,1995-05-10,2,France,
top14,2014/2015,Julien Pierre,ASM Clermont Auvergne,1081,21,13,8,1981-07-31,"4,5",France,
top14,2014/2015,Julien Puricelli,Lyon,1434,20,20,0,1981-08-01,6,France,
top14,2014/2015,Julien Rey,Union Bordeaux-Begles,991,15,14,1,1986-09-01,"12,13",France,
top14,2014/2015,Julien Tomas,Stade Francais Paris,710,21,9,12,1985-04-21,9,France,
top14,2014/2015,Jérôme Porical,Lyon,904,13,13,0,1985-09-20,15,France,
top14,2014/2015,Karena Wihongi,Castres Olympique,328,9,7,2,1979-09-29,3,France,
top14,2014/2015,Karim Bougherara,RC Toulon,51,2,0,2,1989-01-03,3,France,
top14,2014/2015,Karim Ghezal,Lyon,1153,22,12,10,1981-04-29,"4,5,6,7,8",France,
top14,2014/2015,Karlen Asieshvili,CA Brive,906,21,12,9,1987-04-21,1,Géorgie,
top14,2014/2015,Kelian Galletier,Montpellier Herault Rugby,541,10,6,4,1992-03-18,"6,7,8",France,
top14,2014/2015,Kendrick Lynn,Lyon,1077,17,14,3,1982-11-30,"12,13,15",Nouvelle Zélande,
top14,2014/2015,Kevin Buys,CA Brive,852,20,14,6,1986-04-26,3,Afrique du Sud,
top14,2014/2015,Kevin Gourdon,Stade Rochelais,1618,23,21,2,1990-01-23,"6,7,8",France,
top14,2014/2015,Kevin Goze,Grenoble,145,7,0,7,1992-11-04,3,France,
top14,2014/2015,Kevin Savea,ASM Clermont Auvergne,10,1,0,1,1995-03-27,,France,
top14,2014/2015,Kieran Murphy,CA Brive,538,9,6,3,1988-01-19,"6,7,8",Pays de Galles,
top14,2014/2015,Kini Murimurivalu,Stade Rochelais,1436,19,19,0,1989-05-15,15,Fidji,
top14,2014/2015,Kisi Pulu,Stade Toulousain,476,13,5,8,1979-01-31,"1,2,3",Tonga,
top14,2014/2015,Konstantine Mikautadze,RC Toulon,519,13,5,8,1991-07-01,"4,5,8",Géorgie,
top14,2014/2015,Krisnan Inu,Stade Francais Paris,233,6,2,4,1987-03-17,"10,13,14,15",Australie,
top14,2014/2015,Lachie Munro,Lyon,465,15,4,11,1986-11-27,"10,13,15",Nouvelle Zélande,
top14,2014/2015,Lalakai Foketi,Bayonne,191,5,2,3,1994-12-22,13,Australie,
top14,2014/2015,Lancelot Luteau,Stade Rochelais,131,2,2,0,1994-05-28,14,France,
top14,2014/2015,Laurent Bouchet,Grenoble,624,17,7,10,1988-01-23,2,France,
top14,2014/2015,Laurent Delboulbes,Union Bordeaux-Begles,231,7,4,3,1986-11-17,1,France,
top14,2014/2015,Laurent Magnaval,Racing 92,12,2,0,2,1991-03-24,"9,13",France,
top14,2014/2015,Laurent Sempere,Stade Francais Paris,744,17,9,8,1985-07-09,2,France,
top14,2014/2015,Leandro Cedaro,Stade Rochelais,1332,24,16,8,1988-02-16,"4,5,7",Italie,
top14,2014/2015,Leigh Halfpenny,RC Toulon,672,9,9,0,1988-12-22,15,Pays de Galles,
top14,2014/2015,Lekso Kaulashvili,Stade Rochelais,832,23,11,12,1992-08-27,"1,3",Géorgie,
top14,2014/2015,Leon Power,Oyonnax,1259,20,16,4,1986-02-27,"4,5",Nouvelle Zélande,
top14,2014/2015,Levan Chilachava,RC Toulon,584,17,6,11,1991-08-17,"3,8",Géorgie,
top14,2014/2015,Levani Botia,Stade Rochelais,1545,21,21,0,1989-03-14,"12,14",Fidji,
top14,2014/2015,Lionel Beauxis,Union Bordeaux-Begles,954,22,12,10,1985-10-24,"10,13,15",France,
top14,2014/2015,Lionel Nallet,Lyon,1619,22,22,0,1976-09-14,5,France,
top14,2014/2015,Lisiate Fa'aoso,Bayonne,1027,22,11,11,1983-03-18,"4,5,6,7,8",Tonga,
top14,2014/2015,Loann Goujon,Stade Rochelais,981,17,11,6,1989-04-23,"5,6,7,8",France,
top14,2014/2015,Loic Jacquet,ASM Clermont Auvergne,897,16,10,6,1985-03-31,"4,5",France,
top14,2014/2015,Loick Jammes,Grenoble,34,2,0,2,1994-11-10,2,France,
top14,2014/2015,Louis Acosta,CA Brive,254,10,1,9,1991-05-25,2,France,
top14,2014/2015,Louis Decrop,Castres Olympique,21,1,0,1,1996-07-02,9,France,
top14,2014/2015,Louis Picamoles,Stade Toulousain,1095,18,14,4,1986-02-05,"6,8",France,
top14,2014/2015,Louis-Benoit Madaule,Union Bordeaux-Begles,1779,24,23,1,1988-09-24,6,France,
top14,2014/2015,Luc Barba,Racing 92,25,3,0,3,1992-01-30,"6,7,8",France,
top14,2014/2015,Luc Ducalcon,Racing 92,1409,26,22,4,1984-01-02,3,France,
top14,2014/2015,Lucas Dupont,Montpellier Herault Rugby,1316,17,17,0,1990-03-19,"11,14",France,
top14,2014/2015,Lucas Pointud,Bayonne,556,13,6,7,1988-01-18,"1,3",France,
top14,2014/2015,Ludovic Radosavljevic,ASM Clermont Auvergne,890,24,12,12,1989-08-17,"9,10",France,
top14,2014/2015,Lukas Rapant,Oyonnax,109,4,0,4,1982-11-16,"1,3",République Tchèque,
top14,2014/2015,Luke Charteris,Racing 92,684,13,9,4,1983-03-09,"4,5",Pays de Galles,
top14,2014/2015,Luke McAlister,Stade Toulousain,1363,20,17,3,1983-08-28,"10,12,13",Nouvelle Zélande,
top14,2014/2015,Mahamadou Diaby,Grenoble,181,7,1,6,1990-08-15,"6,7,8,11",France,
top14,2014/2015,Malakai Bakaniceva,CA Brive,711,16,9,7,1985-05-06,"9,11,14",Fidji,
top14,2014/2015,Malietoa Hingano,Stade Rochelais,829,14,10,4,1992-01-27,"11,12,13,14,15",Tonga,
top14,2014/2015,Mamuka Gorgodze,RC Toulon,668,11,8,3,1984-07-14,"6,7,8",France,
top14,2014/2015,Marc Andreu,Racing 92,1167,15,15,0,1985-12-27,"11,14",France,
top14,2014/2015,Marc Clerc,Oyonnax,1210,24,15,9,1987-06-09,"1,3",France,
top14,2014/2015,Marc-Antoine Rallier,Castres Olympique,507,14,4,10,1988-12-02,"2,7",France,
top14,2014/2015,Marcel Garvey,Castres Olympique,205,3,3,0,1983-04-21,11,Angleterre,
top14,2014/2015,Marco Tauleigne,Union Bordeaux-Begles,172,5,2,3,1993-08-30,"7,8",France,
top14,2014/2015,Mark Chisholm,Bayonne,1902,24,24,0,1981-09-18,"5,6,7",Australie,
top14,2014/2015,Martin Castrogiovanni,RC Toulon,289,9,4,5,1981-10-21,3,Italie,
top14,2014/2015,Martin Moyano,Bayonne,1384,22,16,6,1985-07-12,"10,11,12,13,14,15",Argentine,
top14,2014/2015,Marvin O'Connor,Bayonne,1794,24,24,0,1991-04-18,11,France,
top14,2014/2015,Mathieu Babillot,Castres Olympique,403,7,6,1,1993-09-09,"6,7",France,
top14,2014/2015,Mathieu Bastareaud,RC Toulon,1064,19,13,6,1988-09-17,"11,12,13",France,
top14,2014/2015,Mathieu Bonello,Castres Olympique,324,15,3,12,1982-09-23,2,France,
top14,2014/2015,Mathieu Loree,Lyon,655,19,7,12,1987-06-18,9,France,
top14,2014/2015,Mathieu Tanguy,Stade Rochelais,63,3,1,2,1996-06-05,"4,5,6",France,
top14,2014/2015,Matias Cortese,RC Toulon,46,2,1,1,1985-10-01,2,Argentine,
top14,2014/2015,Matt Giteau,RC Toulon,769,10,10,0,1982-09-29,"10,12",Australie,
top14,2014/2015,Matt Graham,Union Bordeaux-Begles,2,1,0,1,1990-07-02,5,Nouvelle Zélande,
top14,2014/2015,Matthew Clarkin,Union Bordeaux-Begles,1178,18,15,3,1981-07-04,"6,7,8",Nouvelle Zélande,
top14,2014/2015,Matthieu Ugalde,Bayonne,1381,23,18,5,1992-01-10,"10,11,12,13,14",France,
top14,2014/2015,Matthieu Ugena,Stade Francais Paris,223,4,3,1,1995-07-25,"6,7,8",France,
top14,2014/2015,Maurie Fa'asavalu,Oyonnax,1503,24,19,5,1980-01-12,"4,5,6,7",Samoa,
top14,2014/2015,Max Evans,Castres Olympique,703,12,8,4,1983-09-28,"12,14",Ecosse,
top14,2014/2015,Maxime Machenaud,Racing 92,1473,24,20,4,1988-12-30,9,France,
top14,2014/2015,Maxime Medard,Stade Toulousain,1626,23,21,2,1986-11-16,"11,14,15",France,
top14,2014/2015,Maxime Mermoz,RC Toulon,1498,21,19,2,1986-07-28,"12,13",France,
top14,2014/2015,Maxime le Bourhis,Oyonnax,433,7,6,1,1989-07-11,"11,14,15",France,
top14,2014/2015,Metuisela Talebula,Union Bordeaux-Begles,1690,23,21,2,1991-05-20,"11,13,14,15",Fidji,
top14,2014/2015,Meyer Bosman,Stade Francais Paris,1155,23,13,10,1985-04-19,"10,12,13,15",Afrique du Sud,
top14,2014/2015,Michael Claassens,RC Toulon,563,13,8,5,1982-10-28,9,Afrique du Sud,
top14,2014/2015,Michael Simutoga,ASM Clermont Auvergne,6,1,0,1,1996-09-29,3,France,
top14,2014/2015,Mickael Ivaldi,Montpellier Herault Rugby,868,25,11,14,1990-02-20,2,France,
top14,2014/2015,Mickael de Marco,Lyon,399,10,4,6,1989-04-22,"4,5",France,
top14,2014/2015,Mihaita Lazar,Castres Olympique,1074,23,15,8,1986-11-03,"1,3",Roumanie,
top14,2014/2015,Mike Corbel,Stade Rochelais,357,10,1,9,1992-04-09,1,France,
top14,2014/2015,Mike Delany,ASM Clermont Auvergne,447,19,4,15,1982-06-15,"10,12,13,15",Nouvelle Zélande,
top14,2014/2015,Mike Phillips,Racing 92,674,20,7,13,1982-08-29,"9,13",Pays de Galles,
top14,2014/2015,Mikheil Nariashvili,Montpellier Herault Rugby,1382,22,21,1,1990-05-25,1,Géorgie,
top14,2014/2015,Miroslav Nemecek,Oyonnax,971,19,11,8,1980-05-03,"4,5,8",République Tchèque,
top14,2014/2015,Monty Ioane,Stade Francais Paris,80,1,1,0,1994-10-30,14,Italie,
top14,2014/2015,Morgan Parra,ASM Clermont Auvergne,977,17,13,4,1988-11-15,9,France,
top14,2014/2015,Morne Steyn,Stade Francais Paris,855,17,10,7,1984-07-11,"10,12,15",Afrique du Sud,
top14,2014/2015,Mosese Ratuvou,Lyon,1413,20,19,1,1983-01-31,11,Fidji,
top14,2014/2015,Na'ama Leleimalefaga,Montpellier Herault Rugby,156,8,0,8,1987-11-20,"1,3",France,
top14,2014/2015,Nahuel Lobo,Montpellier Herault Rugby,47,2,0,2,1991-08-27,1,Argentine,
top14,2014/2015,Nahuel Tetaz Chaparro,Lyon,464,11,7,4,1989-11-06,"1,3",Argentine,
top14,2014/2015,Napolioni Nalaga,ASM Clermont Auvergne,1342,19,17,2,1986-07-04,"11,12,14",Fidji,
top14,2014/2015,Neemia Tialata,Stade Toulousain,928,21,14,7,1982-07-15,"1,3",Nouvelle Zélande,
top14,2014/2015,Nick Abendanon,ASM Clermont Auvergne,1242,17,16,1,1986-08-27,"11,15",Angleterre,
top14,2014/2015,Nicolas Bezy,CA Brive,801,11,11,0,1989-09-26,10,France,
top14,2014/2015,Nicolas Chocou,Bayonne,14,3,0,3,1994-03-27,"1,3",France,
top14,2014/2015,Nicolas Djebaili,Stade Rochelais,430,17,4,13,1980-01-29,"4,5,6,7",France,
top14,2014/2015,Nicolas Garrault,Stade Francais Paris,285,8,3,5,1991-06-15,"6,7",France,
top14,2014/2015,Nicolas Mas,Montpellier Herault Rugby,1201,20,19,1,1980-05-23,"3,5",France,
top14,2014/2015,Nicolas Sanchez,RC Toulon,642,9,8,1,1988-10-26,"10,12",Argentine,
top14,2014/2015,Nigel Hunt,Grenoble,1519,21,21,0,1983-05-14,12,Nouvelle Zélande,
top14,2014/2015,Noa Nakaitaci,ASM Clermont Auvergne,1182,20,15,5,1990-07-11,"11,12,13,14",France,
top14,2014/2015,Ole Avei,Union Bordeaux-Begles,1303,23,17,6,1983-06-13,"2,3",Samoa,
top14,2014/2015,Olivier Missoup,Oyonnax,1280,20,17,3,1981-07-05,"4,6,7",France,
top14,2014/2015,Opeti Fonua,Bayonne,123,6,1,5,1986-05-26,"5,7,8",Tonga,
top14,2014/2015,Paea Fa'anunu,Castres Olympique,709,16,9,7,1988-11-04,3,Tonga,
top14,2014/2015,Pascal Pape,Stade Francais Paris,873,17,9,8,1980-10-05,"4,5",France,
top14,2014/2015,Pat Barnard,CA Brive,222,6,4,2,1981-07-03,3,Afrique du Sud,
top14,2014/2015,Patricio Albacete,Stade Toulousain,1545,23,20,3,1981-02-09,"4,5",France,
top14,2014/2015,Patrick Cilliers,Montpellier Herault Rugby,384,12,2,10,1987-03-03,3,Afrique du Sud,
top14,2014/2015,Patrick Sobela,Oyonnax,30,1,0,1,1992-08-12,7,France,
top14,2014/2015,Patrick Toetu,Union Bordeaux-Begles,545,17,6,11,1984-03-14,3,Nouvelle Zélande,
top14,2014/2015,Paul Bonnefond,Lyon,585,13,7,6,1988-09-13,"10,11,13,14",France,
top14,2014/2015,Paul Gabrillagues,Stade Francais Paris,180,7,2,5,1993-06-03,"4,5",France,
top14,2014/2015,Paul Jedrasiak,ASM Clermont Auvergne,530,15,7,8,1993-02-06,"4,5",France,
top14,2014/2015,Paul Willemse,Grenoble,427,9,5,4,1992-11-13,"4,5,8",France,
top14,2014/2015,Paul Williams,Stade Francais Paris,77,3,2,1,1983-04-22,"13,15",Samoa,
top14,2014/2015,Paula Ngauamo,Oyonnax,293,16,3,13,1990-02-19,2,Tonga,
top14,2014/2015,Peceli Yato,ASM Clermont Auvergne,594,10,9,1,1993-01-17,"6,7,8",Fidji,
top14,2014/2015,Pedrie Wannenburg,Oyonnax,830,23,10,13,1981-01-02,"6,7,8",Afrique du Sud,
top14,2014/2015,Peet Marais,CA Brive,1216,19,17,2,1990-10-31,"4,5",Afrique du Sud,
top14,2014/2015,Pelu Taele-Pavihi,Bayonne,1082,20,13,7,1981-09-20,"4,5,7",Samoa,
top14,2014/2015,Peter Grant,Stade Rochelais,1289,22,17,5,1984-08-15,"9,10,15",Afrique du Sud,
top14,2014/2015,Peter Kimlin,Grenoble,626,13,8,5,1985-07-11,"4,5,6,7",Australie,
top14,2014/2015,Peter Saili,Union Bordeaux-Begles,492,9,7,2,1988-01-04,"7,8",Nouvelle Zélande,
top14,2014/2015,Petrus Hauman,CA Brive,1540,22,22,0,1986-01-12,"6,8",Afrique du Sud,
top14,2014/2015,Pierre Aguillon,Oyonnax,1283,20,16,4,1987-03-27,"12,13",France,
top14,2014/2015,Pierre Berard,Montpellier Herault Rugby,1091,18,12,6,1991-05-23,"11,13,14,15",France,
top14,2014/2015,Pierre Bernard,Union Bordeaux-Begles,1267,22,16,6,1989-01-31,"10,12",France,
top14,2014/2015,Pierre Gayraud,Bayonne,312,7,4,3,1992-03-27,"4,6,7",France,
top14,2014/2015,Pierre Rabadan,Stade Francais Paris,68,3,1,2,1980-07-03,"6,7",France,
top14,2014/2015,Pierrick Gunther,Lyon,57,2,2,0,1989-10-16,7,France,
top14,2014/2015,Piula Fa'asalele,Castres Olympique,658,11,10,1,1988-01-22,"4,6,7",Samoa,
top14,2014/2015,Poutasi Luafutu,CA Brive,815,17,11,6,1987-12-02,"6,7,8",Samoa,
top14,2014/2015,Rabah Slimani,Stade Francais Paris,1274,23,19,4,1989-10-18,3,France,
top14,2014/2015,Ramiro Herrera,Castres Olympique,568,12,6,6,1989-02-14,3,Argentine,
top14,2014/2015,Raphael Chaume,ASM Clermont Auvergne,616,16,7,9,1989-04-29,1,France,
top14,2014/2015,Raphael Lakafia,Stade Francais Paris,1534,23,20,3,1988-10-28,"6,7,8",France,
top14,2014/2015,Ratu Ratini,Grenoble,1154,15,15,0,1991-02-17,14,Fidji,
top14,2014/2015,Regis Lespinas,Oyonnax,603,16,6,10,1984-10-06,"10,12,13,14,15",France,
top14,2014/2015,Remi Bonfils,Stade Francais Paris,1311,27,18,9,1988-09-26,2,France,
top14,2014/2015,Remi Hugues,Grenoble,302,8,4,4,1986-01-01,1,France,
top14,2014/2015,Remi Lamerat,Castres Olympique,1242,18,16,2,1990-01-14,"10,12,13",France,
top14,2014/2015,Remi Tales,Castres Olympique,1342,19,18,1,1984-05-02,10,France,
top14,2014/2015,Remy Grosso,Castres Olympique,1344,18,16,2,1988-12-04,"11,14",France,
top14,2014/2015,Rene Ranger,Montpellier Herault Rugby,1229,18,15,3,1986-09-30,"11,12,13,14",Nouvelle Zélande,
top14,2014/2015,Riaan Smit,Oyonnax,180,6,2,4,1984-04-28,"10,11,15",Afrique du Sud,
top14,2014/2015,Riaan Swanepoel,CA Brive,1281,25,14,11,1986-01-14,"10,11,12,13",Afrique du Sud,
top14,2014/2015,Richard Choirat,Grenoble,670,15,7,8,1984-09-28,3,France,
top14,2014/2015,Richie Gray,Castres Olympique,778,13,10,3,1989-08-24,"4,13",Ecosse,
top14,2014/2015,Ricky Januarie,Lyon,1404,25,19,6,1982-01-02,9,Afrique du Sud,
top14,2014/2015,Robert Ebersohn,Montpellier Herault Rugby,1169,16,14,2,1989-02-23,"10,12,13,15",Afrique du Sud,
top14,2014/2015,Robins Tchale-Watchou,Montpellier Herault Rugby,984,23,8,15,1983-05-10,"4,5",France,
top14,2014/2015,Robinson Caire,Grenoble,251,5,3,2,1994-01-24,"11,14",France,
top14,2014/2015,Rodrigo Capo Ortega,Castres Olympique,1586,23,21,2,1980-12-08,5,Uruguay,
top14,2014/2015,Rodrigue Neti,Stade Toulousain,138,4,0,4,1995-04-26,"1,3",France,
top14,2014/2015,Roimata Hansell-Pune,Oyonnax,1552,24,22,2,1986-11-06,"12,13",Nouvelle Zélande,
top14,2014/2015,Romain Cabannes,Castres Olympique,1281,20,18,2,1984-12-02,"12,13",France,
top14,2014/2015,Romain Frou,Stade Francais Paris,24,2,0,2,1984-01-03,1,France,
top14,2014/2015,Romain Lonca,Union Bordeaux-Begles,580,10,7,3,1991-11-26,"10,11,15",France,
top14,2014/2015,Romain Loursac,Lyon,1078,18,12,6,1985-11-11,"10,13,15",France,
top14,2014/2015,Romain Martial,Castres Olympique,1010,14,13,1,1984-11-13,"11,14,15",France,
top14,2014/2015,Romain Millo-Chluski,Stade Toulousain,418,10,5,5,1983-04-20,"4,5,7,8",France,
top14,2014/2015,Romain Sazy,Stade Rochelais,954,18,11,7,1986-10-14,"4,5,6,7",France,
top14,2014/2015,Romain Sola,CA Brive,81,6,0,6,1987-10-29,"10,13,15",France,
top14,2014/2015,Romain Taofifenua,RC Toulon,1089,18,16,2,1990-09-14,"4,5",France,
top14,2014/2015,Romana Graham,Stade Rochelais,901,14,12,2,1986-05-29,"4,5,6,8",Nouvelle Zélande,
top14,2014/2015,Rory Grice,Grenoble,1513,22,19,3,1990-04-02,"6,8",Nouvelle Zélande,
top14,2014/2015,Rory Kockott,Castres Olympique,1123,18,14,4,1986-06-25,9,France,
top14,2014/2015,Ross Skeate,Grenoble,480,13,4,9,1982-08-02,"4,5",Afrique du Sud,
top14,2014/2015,Ruaan du Preez,Oyonnax,517,19,6,13,1984-03-20,"1,3",Afrique du Sud,
top14,2014/2015,Rudi Wulf,RC Toulon,1008,19,13,6,1984-02-02,"12,13,14",Samoa,
top14,2014/2015,Russlan Boukerou,CA Brive,135,5,1,4,1989-12-16,"4,5",France,
top14,2014/2015,Said Hireche,CA Brive,961,20,10,10,1985-05-27,"6,7",France,
top14,2014/2015,Saimone Taumoepeau,Castres Olympique,728,18,8,10,1979-12-21,1,Tonga,
top14,2014/2015,Saimoni Vaka,Bayonne,80,1,1,0,1987-06-02,14,Fidji,
top14,2014/2015,Sakaria Taulafo,Stade Francais Paris,889,23,11,12,1983-01-29,"1,3",Samoa,
top14,2014/2015,Sakiusa Matadigo,Lyon,599,13,8,5,1982-08-08,"4,7,8",Fidji,
top14,2014/2015,Samisoni Viriviri,Montpellier Herault Rugby,169,3,2,1,1988-04-25,"11,14,15",Fidji,
top14,2014/2015,Santiago Fernandez,Bayonne,1813,24,23,1,1985-11-28,"10,11,12",Argentine,
top14,2014/2015,Santiago Garcia Botta,Stade Francais Paris,37,2,1,1,1992-06-19,1,Argentine,
top14,2014/2015,Schalk Ferreira,Stade Toulousain,110,7,0,7,1984-02-09,1,Afrique du Sud,
top14,2014/2015,Scott Lavalla,Stade Francais Paris,799,20,8,12,1988-07-04,"4,6,7,8",Etats-Unis,
top14,2014/2015,Scott Spedding,Bayonne,1625,22,21,1,1986-05-04,"13,15",France,
top14,2014/2015,Sebastien Bezy,Stade Toulousain,1090,20,14,6,1991-11-22,"9,15",France,
top14,2014/2015,Sebastien Taofifenua,Union Bordeaux-Begles,767,16,9,7,1992-03-21,"1,3",France,
top14,2014/2015,Sebastien Tillous-Borde,RC Toulon,947,15,13,2,1985-04-29,9,France,
top14,2014/2015,Sebastien Vahaamahina,ASM Clermont Auvergne,1234,19,16,3,1991-10-21,"4,5",France,
top14,2014/2015,Sergio Parisse,Stade Francais Paris,1552,22,19,3,1983-09-12,"6,7,8",Italie,
top14,2014/2015,Sevanaia Galala,CA Brive,410,7,4,3,1993-01-29,"11,12,13,15",Fidji,
top14,2014/2015,Silvere Tian,Oyonnax,1350,17,17,0,1980-07-19,14,France,
top14,2014/2015,Simon Labouyrie,Bayonne,77,5,0,5,1991-10-15,2,France,
top14,2014/2015,Simon Pinet,CA Brive,283,7,3,4,1986-08-09,"4,5",France,
top14,2014/2015,Sireli Bobo,Stade Rochelais,1663,23,21,2,1976-01-28,"11,13,14",Fidji,
top14,2014/2015,Sisa Koyamaibole,CA Brive,1384,22,19,3,1980-03-06,"5,7,8",Fidji,
top14,2014/2015,Sitaleki Timani,Montpellier Herault Rugby,1129,21,16,5,1986-09-19,"4,5,7",Tonga,
top14,2014/2015,Sitiveni Sivivatu,Castres Olympique,778,12,11,1,1982-04-19,"11,13,14",Fidji,
top14,2014/2015,Soane Tonga'uiha,Oyonnax,882,25,11,14,1982-01-21,"1,3",Tonga,
top14,2014/2015,Sofiane Chellat,Stade Francais Paris,126,6,0,6,1990-01-12,"1,2,3",France,
top14,2014/2015,Sofiane Guitoune,Union Bordeaux-Begles,1425,21,17,4,1989-03-27,"12,13,14,15",France,
top14,2014/2015,Steevy Cerqueira,Lyon,65,3,1,2,1993-08-09,"4,6,7",Portugal,
top14,2014/2015,Steffon Armitage,RC Toulon,1330,21,16,5,1985-09-20,"6,7,8",Angleterre,
top14,2014/2015,Stephane Munoz,RC Toulon,32,1,0,1,1991-09-28,7,France,
top14,2014/2015,Stephen Brett,Lyon,1304,21,17,4,1985-11-23,"10,15",Nouvelle Zélande,
top14,2014/2015,Sylvain Nicolas,Stade Francais Paris,550,8,8,0,1987-06-21,"6,7",France,
top14,2014/2015,Taiasina Tuifua,Union Bordeaux-Begles,776,15,11,4,1984-08-20,"6,7,8",Samoa,
top14,2014/2015,Talemaitoga Tuapati,Stade Francais Paris,21,1,0,1,1985-08-16,2,Fidji,
top14,2014/2015,Teddy Iribaren,Montpellier Herault Rugby,342,8,4,4,1990-09-25,9,France,
top14,2014/2015,Teddy Thomas,Racing 92,962,13,13,0,1993-09-18,"11,14",France,
top14,2014/2015,Theo Belan,RC Toulon,65,1,1,0,1992-11-15,12,France,
top14,2014/2015,Thibaud Rey,Grenoble,86,6,0,6,1992-06-20,"4,5",France,
top14,2014/2015,Thibault Dubarry,Racing 92,509,15,6,9,1987-11-24,"4,5,6,7",France,
top14,2014/2015,Thibault Lacroix,Union Bordeaux-Begles,1249,17,16,1,1985-05-14,12,France,
top14,2014/2015,Thibault Lassalle,Oyonnax,823,13,11,2,1987-08-22,"4,5,6",France,
top14,2014/2015,Thibault Privat,Montpellier Herault Rugby,853,17,14,3,1979-02-06,"4,5",France,
top14,2014/2015,Thibaut Regard,Lyon,398,7,4,3,1993-08-06,"11,12,13",France,
top14,2014/2015,Thierry Dusautoir,Stade Toulousain,1217,17,15,2,1981-11-18,"6,7,8",France,
top14,2014/2015,Thierry Lacrampe,ASM Clermont Auvergne,365,12,3,9,1988-02-23,9,France,
top14,2014/2015,Thomas Acquier,CA Brive,1030,24,10,14,1989-11-21,"2,4",France,
top14,2014/2015,Thomas Bianchin,Montpellier Herault Rugby,128,6,0,6,1987-08-11,2,France,
top14,2014/2015,Thomas Combezou,Castres Olympique,1422,25,16,9,1987-01-26,"9,11,12,13,14",France,
top14,2014/2015,Thomas Domingo,ASM Clermont Auvergne,1020,20,15,5,1985-08-20,1,France,
top14,2014/2015,Thomas Laranjeira,CA Brive,571,9,8,1,1992-05-05,"10,12,15",France,
top14,2014/2015,Thomas Ramos,Stade Toulousain,16,4,0,4,1995-07-23,"11,15",France,
top14,2014/2015,Thomas Sanchou,CA Brive,634,10,10,0,1981-11-23,"12,13",France,
top14,2014/2015,Thomas Synaeghel,Stade Rochelais,663,17,12,5,1987-04-26,1,France,
top14,2014/2015,Ti'i Paulo,ASM Clermont Auvergne,393,15,3,12,1983-01-13,2,Samoa,
top14,2014/2015,Timoci Matanavu,Stade Toulousain,847,14,11,3,1984-07-08,"11,14,15",Fidji,
top14,2014/2015,Timoci Nagusa,Montpellier Herault Rugby,967,14,13,1,1987-07-14,"13,14,15",Fidji,
top14,2014/2015,Tjiuee Uanivi,CA Brive,6,1,0,1,1990-12-31,7,Namibie,
top14,2014/2015,Toby Arnold,Lyon,1600,20,20,0,1987-09-11,14,Nouvelle Zélande,
top14,2014/2015,Toby Flood,Stade Toulousain,1146,18,15,3,1985-08-08,"10,12,13",Angleterre,
top14,2014/2015,Tom Donnelly,Montpellier Herault Rugby,962,18,14,4,1981-10-01,"4,5",Nouvelle Zélande,
top14,2014/2015,Tomas Lavanini,Racing 92,406,9,5,4,1993-01-22,"4,5,6",Argentine,
top14,2014/2015,Uini Atonio,Stade Rochelais,1251,21,18,3,1990-03-26,"1,3",France,
top14,2014/2015,Ulrich Beyers,Union Bordeaux-Begles,354,5,5,0,1991-01-22,15,Afrique du Sud,
top14,2014/2015,Ulupano Seuteni,RC Toulon,80,1,1,0,1993-12-09,10,Samoa,
top14,2014/2015,Uwa Tawalo,ASM Clermont Auvergne,35,2,0,2,1992-02-27,"12,14",Fidji,
top14,2014/2015,Valentin Courrent,Grenoble,8,1,0,1,1982-08-16,9,France,
top14,2014/2015,Valentin Ursache,Oyonnax,653,15,8,7,1985-12-08,"4,5,6,7",Roumanie,
top14,2014/2015,Vasil Kakovin,Stade Toulousain,370,9,5,4,1989-12-01,1,Géorgie,
top14,2014/2015,Venione Voretamaya,CA Brive,25,1,0,1,1990-10-22,14,Fidji,
top14,2014/2015,Victor Lebas,CA Brive,58,3,0,3,1993-06-09,"4,5",France,
top14,2014/2015,Viliami Ma'afu,Oyonnax,1732,25,21,4,1982-03-09,"6,8",Tonga,
top14,2014/2015,Vincent Clerc,Stade Toulousain,1761,23,22,1,1981-05-07,"14,15",France,
top14,2014/2015,Vincent Colliat,Lyon,118,4,2,2,1989-02-02,2,France,
top14,2014/2015,Vincent Debaty,ASM Clermont Auvergne,597,18,6,12,1981-10-02,1,France,
top14,2014/2015,Vincent Mallet,Stade Francais Paris,58,2,1,1,1993-02-08,"10,15",France,
top14,2014/2015,Vincent Martin,Lyon,436,7,6,1,1992-09-04,"11,15",France,
top14,2014/2015,Vincent Pelo,Stade Rochelais,764,18,11,7,1988-04-22,"1,3",France,
top14,2014/2015,Virgile Bruni,RC Toulon,819,14,10,4,1989-02-06,"5,6,7,8",France,
top14,2014/2015,Virgile Lacombe,Racing 92,945,25,12,13,1984-07-07,2,France,
top14,2014/2015,Vito Kolelishvili,ASM Clermont Auvergne,368,9,5,4,1989-10-09,"6,7",Géorgie,
top14,2014/2015,Waisale Sukanaveita,Lyon,1094,18,13,5,1984-07-19,"12,13",Fidji,
top14,2014/2015,Waisea Nayacalevu,Stade Francais Paris,1473,21,18,3,1990-06-26,"11,13,14",Fidji,
top14,2014/2015,Walter Desmaison,Racing 92,30,2,0,2,1991-10-18,3,France,
top14,2014/2015,Wenceslas Lauret,Racing 92,1769,25,24,1,1989-03-28,"6,7,8",France,
top14,2014/2015,Wesley Fofana,ASM Clermont Auvergne,779,10,9,1,1988-01-20,"12,14",France,
top14,2014/2015,Wian du Preez,Lyon,5,1,1,0,1982-10-30,1,Afrique du Sud,
top14,2014/2015,William Whetton,Castres Olympique,259,5,4,1,1989-10-06,"6,8",Nouvelle Zélande,
top14,2014/2015,Wynand Olivier,Montpellier Herault Rugby,971,17,12,5,1983-06-11,"10,12,13",Afrique du Sud,
top14,2014/2015,Xavier Chauveau,Racing 92,11,1,0,1,1992-10-14,9,France,
top14,2014/2015,Xavier Chiocci,RC Toulon,975,22,13,9,1990-02-13,1,France,
top14,2014/2015,Xavier Mignot,Grenoble,641,13,8,5,1994-01-27,"6,10,11,13",France,
top14,2014/2015,Yacouba Camara,Stade Toulousain,465,14,6,8,1994-06-02,"6,7,8",France,
top14,2014/2015,Yann David,Stade Toulousain,1300,22,17,5,1988-04-15,"5,12,13",France,
top14,2014/2015,Yann Lesgourgues,Union Bordeaux-Begles,882,21,10,11,1991-01-17,9,France,
top14,2014/2015,Yannick Caballero,Castres Olympique,1087,19,15,4,1983-04-03,"6,7",France,
top14,2014/2015,Yannick Forestier,Castres Olympique,283,8,3,5,1982-01-03,1,France,
top14,2014/2015,Yannick Nyanga,Stade Toulousain,1253,24,14,10,1983-12-19,"4,6,7,8",France,
top14,2014/2015,Yoan Audrin,Racing 92,577,12,6,6,1981-08-14,"11,13,14",France,
top14,2014/2015,Yoann Huget,Stade Toulousain,1145,15,14,1,1987-06-02,"11,14,15",France,
top14,2014/2015,Yoann Maestri,Stade Toulousain,921,17,11,6,1988-01-14,"4,5",France,
top14,2014/2015,Yohan Domenech,Oyonnax,166,5,1,4,1993-04-19,9,France,
top14,2014/2015,Yohan Montes,Castres Olympique,428,12,4,8,1985-02-07,3,France,
top14,2014/2015,Yohann Artru,Montpellier Herault Rugby,648,9,8,1,1992-05-31,"11,15",France,
top14,2014/2015,Yvan Watremez,Montpellier Herault Rugby,450,16,5,11,1989-04-21,1,France,
top14,2014/2015,Yves Donguy,Oyonnax,1174,15,15,0,1982-01-01,"11,14",France,
top14,2014/2015,Zac Guildford,ASM Clermont Auvergne,1283,18,16,2,1989-02-08,"11,14",Nouvelle Zélande,
top14,2014/2015,Zaza Navrozashvili,Union Bordeaux-Begles,42,1,1,0,1992-07-27,3,Géorgie,
top14,2014/2015,Zeno Kieft,Stade Rochelais,43,1,1,0,1991-02-02,6,Pays-Bas,
top14,2014/2015,Zurabi Zhvania,Stade Francais Paris,350,16,2,14,1991-09-23,"1,2",Géorgie,
top14,2015/2016,Pellow van der Westhuizen,ASM Clermont Auvergne,630,21,4,17,1984-02-03,2,Afrique du Sud,
top14,2015/2016,Abdellatif Boutaty,Section Paloise,612,10,8,2,1983-06-04,"4,5",France,
top14,2015/2016,Adam Ashley-Cooper,Union Bordeaux-Begles,921,14,12,2,1984-03-27,"11,12,13,14",Australie,
top14,2015/2016,Adam Jaulhac,Union Bordeaux-Begles,70,4,0,4,1988-01-31,"4,5,6",France,
top14,2015/2016,Adrien Oleon,Stade Francais Paris,111,7,1,6,1989-03-12,"1,3",France,
top14,2015/2016,Adrien Planté,ASM Clermont Auvergne,513,9,8,1,1985-04-21,"11,13",France,
top14,2015/2016,Afaesetiti Amosa,Stade Rochelais,1299,22,17,5,1990-10-11,"5,6,7,8",Samoa,
top14,2015/2016,Akapusi Qera,Montpellier Herault Rugby,1099,18,14,4,1984-04-24,"6,7,8",Fidji,
top14,2015/2016,Akker van der Merwe,Racing 92,45,2,0,2,1991-06-17,2,Afrique du Sud,
top14,2015/2016,Alaska Taufa,Oyonnax,950,14,12,2,1983-07-24,"11,13,14",Tonga,
top14,2015/2016,Albain Meron,Stade Rochelais,69,2,0,2,1994-03-18,7,France,
top14,2015/2016,Albert Vulivuli,ASM Clermont Auvergne|Racing 92,1334,24,14,10,1985-05-26,"11,12,13,14,15",Fidji,
top14,2015/2016,Aled de Malmanche,Stade Francais Paris,211,4,3,1,1984-09-11,1,Nouvelle Zélande,
top14,2015/2016,Alex Tulou,Castres Olympique,1525,22,21,1,1987-03-21,8,Samoa,
top14,2015/2016,Alexander Northam,Stade Rochelais,338,5,4,1,1993-03-04,"11,14",Angleterre,
top14,2015/2016,Alexandre Bias,Castres Olympique,1452,21,20,1,1981-04-21,"4,6,7",France,
top14,2015/2016,Alexandre Dardet,Grenoble,57,2,1,1,1993-01-31,1,France,
top14,2015/2016,Alexandre Dumoulin,Racing 92,536,8,8,0,1989-08-24,12,France,
top14,2015/2016,Alexandre Flanquart,Stade Francais Paris,537,8,8,0,1989-10-09,"4,5",France,
top14,2015/2016,Alexandre Lapandry,ASM Clermont Auvergne,1422,20,18,2,1989-04-13,"6,7",France,
top14,2015/2016,Alexandre Menini,RC Toulon,489,15,5,10,1983-08-05,"1,2",France,
top14,2015/2016,Alexi Bales,Agen,1068,20,15,5,1990-05-30,"5,9",France,
top14,2015/2016,Alexis Palisson,Stade Toulousain,673,11,8,3,1987-09-09,"11,13,15",France,
top14,2015/2016,Alfie Mafi,CA Brive,1073,20,14,6,1988-06-08,"11,12,14",Tonga,
top14,2015/2016,Ali Oz,Grenoble,88,2,2,0,1995-05-28,3,France,
top14,2015/2016,Alivereti Raka,ASM Clermont Auvergne,598,9,8,1,1994-12-09,"11,14",France,
top14,2015/2016,Alofa Alofa,Stade Rochelais,374,5,5,0,1991-03-12,"11,13,14",Samoa,
top14,2015/2016,Andrew Cramond,RC Toulon,77,1,0,1,1994-04-15,6,Ecosse,
top14,2015/2016,Andrew Smith,Montpellier Herault Rugby,640,8,8,0,1985-01-10,"12,13",Australie,
top14,2015/2016,Anthony Etrillard,RC Toulon,559,12,8,4,1993-03-21,2,France,
top14,2015/2016,Anthony Floch,Montpellier Herault Rugby,323,8,4,4,1983-02-12,"11,14,15",France,
top14,2015/2016,Anthony Fuertes,Stade Rochelais,55,2,0,2,1997-06-16,"11,15",France,
top14,2015/2016,Anthony Hegarty,Grenoble,109,6,1,5,1987-05-11,2,Australie,
top14,2015/2016,Anthony Tuitavake,Montpellier Herault Rugby,1065,16,14,2,1982-02-12,"12,13,14",Tonga,
top14,2015/2016,Antoine Battut,Montpellier Herault Rugby,398,10,4,6,1984-01-01,"4,6,7",France,
top14,2015/2016,Antoine Burban,Stade Francais Paris,611,11,8,3,1987-07-22,"6,7,8",France,
top14,2015/2016,Antoine Dupont,Castres Olympique,434,14,2,12,1996-11-15,"9,10,11",France,
top14,2015/2016,Antoine Erbani,Agen,1267,22,17,5,1990-02-07,"5,6,7,8",France,
top14,2015/2016,Antoine Guillamon,Oyonnax,706,17,11,6,1991-06-04,"1,3",France,
top14,2015/2016,Antoine Hastoy,Section Paloise,33,2,0,2,1997-06-04,"10,13",France,
top14,2015/2016,Antoine Miquel,Agen,161,4,2,2,1994-06-20,"5,6,7",France,
top14,2015/2016,Antoine Tichit,Castres Olympique,884,18,12,6,1989-06-13,1,France,
top14,2015/2016,Antonie Claassen,Racing 92,1517,26,19,7,1984-10-20,"6,7,8",France,
top14,2015/2016,Api Ratuniyarawa,Agen,1245,17,15,2,1986-07-11,"4,5",Fidji,
top14,2015/2016,Apisai Naikatini,Agen,151,5,1,4,1985-04-04,"4,5,7,8",Fidji,
top14,2015/2016,Armand Batlle,Grenoble,689,10,9,1,1987-04-12,"11,14",France,
top14,2015/2016,Arnaud Heguy,Grenoble,1222,22,18,4,1985-01-23,2,France,
top14,2015/2016,Arnaud Mela,CA Brive,1060,22,14,8,1980-01-19,"4,5",France,
top14,2015/2016,Arnaud Mignardi,CA Brive,1680,24,21,3,1986-11-01,"11,13,14",France,
top14,2015/2016,Arno van Wyk,Montpellier Herault Rugby,40,1,0,1,1994-05-19,2,Afrique du Sud,
top14,2015/2016,Arsene Nnomo,Agen,1018,21,16,5,1990-08-16,1,France,
top14,2015/2016,Arthur Aziza,Oyonnax,118,3,2,1,1994-01-17,9,France,
top14,2015/2016,Arthur Bonneval,Stade Toulousain,439,7,6,1,1995-05-31,"11,13",France,
top14,2015/2016,Arthur Iturria,ASM Clermont Auvergne,227,12,1,11,1994-05-13,"4,5,6,7,8",France,
top14,2015/2016,Arthur Joly,Agen,847,19,11,8,1988-02-20,3,France,
top14,2015/2016,Arthur Retiere,Racing 92,9,1,0,1,1997-08-01,,France,
top14,2015/2016,Aurelien Rougerie,ASM Clermont Auvergne,1402,20,19,1,1980-09-26,"12,13",France,
top14,2015/2016,Avenisi Vasuinubu,Stade Francais Paris,100,2,1,1,1992-04-15,11,Fidji,
top14,2015/2016,Baptiste Serin,Union Bordeaux-Begles,1135,21,15,6,1994-06-20,"9,10",France,
top14,2015/2016,Bastien Duhalde,CA Brive,23,2,0,2,1993-01-04,9,France,
top14,2015/2016,Bastien Pourailly,Section Paloise,120,2,2,0,1994-01-31,11,France,
top14,2015/2016,Bastien Soury,RC Toulon,21,2,0,2,1995-03-18,2,France,
top14,2015/2016,Bautista Guemes,Agen,204,8,2,6,1990-05-12,"10,11,14",Argentine,
top14,2015/2016,Bees Roux,Montpellier Herault Rugby,126,3,3,0,1981-12-09,"1,3",Afrique du Sud,
top14,2015/2016,Ben Hand,Grenoble,1215,18,17,1,1982-04-24,4,Australie,
top14,2015/2016,Ben Lucas,Montpellier Herault Rugby,1215,25,14,11,1987-12-30,"10,11,12,13,15",Australie,
top14,2015/2016,Ben Mowen,Montpellier Herault Rugby,865,13,11,2,1984-12-01,"6,7,8",Australie,
top14,2015/2016,Ben Tameifuna,Racing 92,869,18,12,6,1991-08-30,3,Tonga,
top14,2015/2016,Benat Auzqui,Union Bordeaux-Begles,677,18,8,10,1983-08-01,2,France,
top14,2015/2016,Benito Masilevu,CA Brive,1256,19,16,3,1989-10-07,"11,12,14,15",Fidji,
top14,2015/2016,Benjamin Dambielle,Racing 92,685,15,8,7,1985-07-15,"10,15",France,
top14,2015/2016,Benjamin Desroches,Castres Olympique,178,7,2,5,1989-10-29,"3,4,5,6,7",France,
top14,2015/2016,Benjamin Fall,Montpellier Herault Rugby,1299,18,18,0,1989-04-29,"11,14,15",France,
top14,2015/2016,Benjamin Geledan,Stade Rochelais,245,8,2,6,1990-04-08,2,France,
top14,2015/2016,Benjamin Kayser,ASM Clermont Auvergne,605,10,9,1,1984-07-26,2,France,
top14,2015/2016,Benjamin Lapeyre,Stade Rochelais,681,10,8,2,1986-09-24,"11,15",France,
top14,2015/2016,Benjamin Petre,CA Brive,1163,17,16,1,1990-01-04,"12,13,14",France,
top14,2015/2016,Benjamin Urdapilleta,Castres Olympique,1039,15,15,0,1986-03-11,10,Argentine,
top14,2015/2016,Benoit Guyot,Stade Rochelais,33,2,0,2,1989-01-18,"7,8",France,
top14,2015/2016,Benoit Paillaugue,Montpellier Herault Rugby,1489,27,21,6,1987-11-17,9,France,
top14,2015/2016,Benoit Sicart,Agen,441,8,5,3,1990-04-23,"13,15",France,
top14,2015/2016,Benson Stanley,ASM Clermont Auvergne,329,5,4,1,1984-09-11,"12,13,15",France,
top14,2015/2016,Berend Botha,Union Bordeaux-Begles,760,16,10,6,1988-03-11,"4,5",Afrique du Sud,
top14,2015/2016,Bernard Le Roux,Racing 92,915,13,11,2,1989-06-04,"4,6,7",France,
top14,2015/2016,Bilel Taieb,Oyonnax,91,4,1,3,1993-01-27,"6,8",France,
top14,2015/2016,Bismarck du Plessis,Montpellier Herault Rugby,993,17,12,5,1984-05-22,2,Afrique du Sud,
top14,2015/2016,Blair Connor,Union Bordeaux-Begles,1558,20,19,1,1988-09-29,11,Australie,
top14,2015/2016,Boris Palu,Racing 92,7,1,0,1,1996-02-04,5,France,
top14,2015/2016,Brandon Fajardo,Section Paloise,621,17,7,10,1994-06-25,"8,10,11,12,15",France,
top14,2015/2016,Brice Dulin,Racing 92,1172,17,14,3,1990-04-13,"9,10,15",France,
top14,2015/2016,Brice Mach,Castres Olympique,1155,20,16,4,1986-04-02,2,France,
top14,2015/2016,Brice Monzeglio,Section Paloise,259,8,2,6,1983-06-28,"5,6,7,8",France,
top14,2015/2016,Brock James,ASM Clermont Auvergne,646,17,7,10,1981-10-22,10,France,
top14,2015/2016,Bryan Habana,RC Toulon,735,12,9,3,1983-06-12,"11,13,15",Afrique du Sud,
top14,2015/2016,Burton Francis,Agen,1617,24,22,2,1987-01-02,10,Afrique du Sud,
top14,2015/2016,CJ Van Der Linde,Montpellier Herault Rugby,94,3,1,2,1980-08-27,3,Afrique du Sud,
top14,2015/2016,Cameron Holenstein,Section Paloise,36,1,0,1,1995-03-11,1,Suisse,
top14,2015/2016,Cameron Pierce,Section Paloise,310,4,4,0,1991-10-26,"4,6",Canada,
top14,2015/2016,Cameron Wright,Montpellier Herault Rugby,190,7,1,6,1994-04-20,"9,13",Afrique du Sud,
top14,2015/2016,Camille Chat,Racing 92,801,22,9,13,1995-12-18,2,France,
top14,2015/2016,Camille Gerondeau,ASM Clermont Auvergne,1398,23,17,6,1988-03-12,"6,7,8",France,
top14,2015/2016,Camille Lopez,ASM Clermont Auvergne,1073,20,15,5,1989-04-03,"10,15",France,
top14,2015/2016,Carl Axtens,Stade Toulousain,23,1,0,1,1991-08-26,6,Nouvelle Zélande,
top14,2015/2016,Casey Laulala,Racing 92,973,16,13,3,1982-05-03,"12,13",Samoa,
top14,2015/2016,Cedate Gomes Sa,Racing 92,454,13,6,7,1993-08-07,3,France,
top14,2015/2016,Census Johnston,Stade Toulousain,1074,22,19,3,1981-05-06,3,Samoa,
top14,2015/2016,Charl McLeod,Grenoble,1302,21,18,3,1983-08-05,9,Afrique du Sud,
top14,2015/2016,Charles Bouldoire,Stade Rochelais,328,7,5,2,1993-06-08,"12,13,14,15",France,
top14,2015/2016,Charles Brousse,Union Bordeaux-Begles,257,5,3,2,1990-11-30,"9,11,12,13,14",France,
top14,2015/2016,Charles Geli,Montpellier Herault Rugby,318,10,2,8,1987-03-26,2,France,
top14,2015/2016,Charles Ollivon,RC Toulon,419,11,4,7,1993-05-11,"6,7,8",France,
top14,2015/2016,Charlie Cassang,ASM Clermont Auvergne,26,2,0,2,1995-02-08,9,France,
top14,2015/2016,Charly Malie,Section Paloise,740,15,8,7,1991-11-05,"10,11,13,14,15",Espagne,
top14,2015/2016,Cherif Slimani,Stade Francais Paris,57,1,1,0,1992-02-02,3,France,
top14,2015/2016,Chris Farrell,Grenoble,1396,22,18,4,1993-03-16,"12,13,14",Irlande,
top14,2015/2016,Chris King,Section Paloise,722,17,9,8,1981-04-30,"1,2,3",Nouvelle Zélande,
top14,2015/2016,Chris Masoe,Racing 92,1137,22,13,9,1979-05-15,"4,6,7,8",Nouvelle Zélande,
top14,2015/2016,Chris Tuatara-Morrison,CA Brive,529,8,7,1,1986-09-11,"12,13",Australie,
top14,2015/2016,Christophe Loustalot,Grenoble,304,11,3,8,1992-04-07,"9,12",France,
top14,2015/2016,Christophe Samson,Castres Olympique,1102,25,12,13,1984-03-01,"4,5,7",France,
top14,2015/2016,Christopher Tolofua,Stade Toulousain,788,22,7,15,1993-12-31,"2,8",France,
top14,2015/2016,Claude Dry,Section Paloise,366,11,3,8,1985-10-29,"4,5,8,15",Afrique du Sud,
top14,2015/2016,Clement Daguin,Stade Francais Paris,447,15,4,11,1992-05-25,"9,12",France,
top14,2015/2016,Clement Darbo,Agen,696,23,7,16,1986-01-13,9,France,
top14,2015/2016,Clement Gelin,Grenoble,236,6,3,3,1993-11-08,"10,12",France,
top14,2015/2016,Clement Maynadier,Union Bordeaux-Begles,638,19,8,11,1988-10-11,2,France,
top14,2015/2016,Clement Poitrenaud,Stade Toulousain,434,11,4,7,1982-05-20,"10,11,12,13,15",France,
top14,2015/2016,Clovis Le Bail,Section Paloise,31,2,0,2,1995-11-29,"9,14",France,
top14,2015/2016,Clément Ric,ASM Clermont Auvergne,818,22,9,13,1988-07-18,"3,4",France,
top14,2015/2016,Colin Slade,Section Paloise,949,13,12,1,1987-10-10,10,Nouvelle Zélande,
top14,2015/2016,Conrad Smith,Section Paloise,991,13,13,0,1981-10-12,13,Nouvelle Zélande,
top14,2015/2016,Corentin Braendlin,Agen,190,9,1,8,1994-04-29,"4,5",France,
top14,2015/2016,Corey Flynn,Stade Toulousain,942,18,16,2,1981-01-05,2,Nouvelle Zélande,
top14,2015/2016,Craig Burden,Montpellier Herault Rugby|Stade Francais Paris,507,14,6,8,1985-05-13,"2,7",Afrique du Sud,
top14,2015/2016,Cyril Baille,Stade Toulousain,519,18,2,16,1993-09-15,1,France,
top14,2015/2016,Cyril Cazeaux,Union Bordeaux-Begles,197,10,0,10,1995-02-10,"4,5",France,
top14,2015/2016,Damian Penaud,ASM Clermont Auvergne,80,1,1,0,1996-09-25,12,France,
top14,2015/2016,Damien Chouly,ASM Clermont Auvergne,818,11,10,1,1985-11-27,"6,7,8",France,
top14,2015/2016,Damien Fevre,Section Paloise,50,1,1,0,1984-05-10,5,France,
top14,2015/2016,Damien Jourdain,CA Brive,965,22,12,10,1986-10-07,3,France,
top14,2015/2016,Damien Lagrange,Stade Rochelais,355,14,2,12,1987-07-04,"4,5,6,7,8",France,
top14,2015/2016,Damien Lavergne,CA Brive,21,2,1,1,1991-12-15,1,France,
top14,2015/2016,Damien Traille,Section Paloise,1462,21,18,3,1979-06-12,"10,11,14,15",France,
top14,2015/2016,Dan Carter,Racing 92,799,11,10,1,1982-03-05,"10,12",Nouvelle Zélande,
top14,2015/2016,Daniel Ikpefan,Oyonnax,443,6,6,0,1993-10-18,"11,14,15",France,
top14,2015/2016,Daniel Kilioni,Grenoble,364,10,4,6,1993-02-22,"11,12,14",Tonga,
top14,2015/2016,Daniel Kirkpatrick,Castres Olympique,266,7,4,3,1988-08-28,10,Nouvelle Zélande,
top14,2015/2016,Daniel Kotze,ASM Clermont Auvergne,1140,24,16,8,1987-03-28,3,France,
top14,2015/2016,Daniel Ramsay,Section Paloise,1247,21,17,4,1984-06-01,"4,5,6",Nouvelle Zélande,
top14,2015/2016,Dany Priso,Stade Francais Paris,118,4,0,4,1994-01-02,"1,2",France,
top14,2015/2016,Darly Domvo,Union Bordeaux-Begles,203,3,3,0,1992-04-03,15,France,
top14,2015/2016,Dave Ryan,Agen,997,23,12,11,1986-04-21,"1,3",Irlande,
top14,2015/2016,David Delarue,CA Brive,16,1,0,1,1996-10-27,9,France,
top14,2015/2016,David Feao,Stade Rochelais,232,8,2,6,1990-10-06,3,Australie,
top14,2015/2016,David Mele,Stade Toulousain,301,7,3,4,1985-10-22,"9,12",France,
top14,2015/2016,David Raikuna,Stade Rochelais,60,1,1,0,1987-08-18,11,Fidji,
top14,2015/2016,David Roumieu,Stade Rochelais,315,7,4,3,1981-10-15,2,France,
top14,2015/2016,David Smith,Castres Olympique,1924,25,25,0,1986-10-12,"11,14",Samoa,
top14,2015/2016,David Strettle,ASM Clermont Auvergne,1477,20,18,2,1983-06-23,"12,14",Angleterre,
top14,2015/2016,Davit Khinchagishvili,Racing 92,514,14,6,8,1982-07-24,1,France,
top14,2015/2016,Davit Kubriashvili,Montpellier Herault Rugby,518,12,6,6,1986-12-03,3,Géorgie,
top14,2015/2016,Davit Zirakashvili,ASM Clermont Auvergne,180,4,2,2,1983-10-10,3,Géorgie,
top14,2015/2016,Dayna Edwards,Grenoble,1029,23,13,10,1985-03-14,3,Nouvelle Zélande,
top14,2015/2016,Delon Armitage,RC Toulon,1092,16,14,2,1983-12-15,"11,14,15",Angleterre,
top14,2015/2016,Demetri Catrakilis,Montpellier Herault Rugby,1095,17,15,2,1989-07-06,10,Afrique du Sud,
top14,2015/2016,Denis Coulson,Grenoble,601,16,5,11,1994-06-15,1,Irlande,
top14,2015/2016,Denis Marchois,Agen,229,9,1,8,1994-02-05,"3,4,5,6,7",France,
top14,2015/2016,Dimitri Szarzewski,Racing 92,937,17,14,3,1983-01-26,2,France,
top14,2015/2016,Djibril Camara,Stade Francais Paris,1365,21,20,1,1989-06-22,"11,15",France,
top14,2015/2016,Dominiko Waqaniburotu,CA Brive,1021,18,13,5,1986-04-20,"4,5,7",Fidji,
top14,2015/2016,Dorian Aldegheri,Stade Toulousain,878,26,6,20,1993-08-04,"3,5",France,
top14,2015/2016,Doug Wooldridge,ASM Clermont Auvergne,8,1,0,1,1985-12-19,3,Canada,
top14,2015/2016,Drew Mitchell,RC Toulon,576,9,8,1,1984-03-26,"11,14,15",Australie,
top14,2015/2016,Duane Vermeulen,RC Toulon,1082,15,15,0,1986-07-03,8,Afrique du Sud,
top14,2015/2016,Dug Codjo,Oyonnax,1269,17,16,1,1987-04-22,"11,14",France,
top14,2015/2016,Dylan Hayes,Grenoble,163,3,2,1,1994-02-11,"6,7,8",Nouvelle Zélande,
top14,2015/2016,Eamonn Sheridan,Oyonnax,1255,18,16,2,1989-05-14,"12,13",Irlande,
top14,2015/2016,Eddy Ben Arous,Racing 92,738,13,11,2,1990-08-25,1,France,
top14,2015/2016,Edwin Maka,Stade Toulousain,333,15,1,14,1993-02-25,"1,4,5,7,8",France,
top14,2015/2016,Elijah Niko,Section Paloise,240,3,3,0,1990-09-11,"11,14",Nouvelle Zélande,
top14,2015/2016,Eliott Roudil,Stade Rochelais,398,9,6,3,1996-10-30,"10,11,13,14",France,
top14,2015/2016,Emmanuel Felsina,Stade Francais Paris,95,7,2,5,1985-02-22,"1,3",France,
top14,2015/2016,Enzo Sanga,ASM Clermont Auvergne,218,8,3,5,1995-05-19,9,France,
top14,2015/2016,Eric Escande,RC Toulon,559,16,6,10,1992-11-18,"9,14",France,
top14,2015/2016,Eric Sione,Castres Olympique,158,7,0,7,1992-10-29,3,Samoa,
top14,2015/2016,Eroni Vasiteri,Agen,551,11,6,5,1989-05-21,"12,13,14",Fidji,
top14,2015/2016,Etienne Dussarte,Racing 92,538,12,7,5,1993-02-05,"10,12,13",France,
top14,2015/2016,Etienne Falgoux,ASM Clermont Auvergne,10,1,0,1,1993-01-19,1,France,
top14,2015/2016,Euan Murray,Section Paloise,475,14,4,10,1980-08-07,3,Ecosse,
top14,2015/2016,Fabien Alexandre,Grenoble,789,12,10,2,1985-05-14,"6,7",France,
top14,2015/2016,Fabien Barcella,Grenoble,730,16,11,5,1983-10-27,1,France,
top14,2015/2016,Fabien Cibray,Oyonnax,1005,22,12,10,1985-10-15,9,France,
top14,2015/2016,Fabien Fortassin,Stade Rochelais,408,12,3,9,1984-01-08,"10,11,13,14",France,
top14,2015/2016,Fabien Gengenbacher,Grenoble,803,17,9,8,1984-01-13,"10,11,12,14,15",France,
top14,2015/2016,Fabien Sanconnie,CA Brive,754,17,6,11,1995-02-21,"6,7,8",France,
top14,2015/2016,Fabrice Estebanez,Grenoble,1010,14,13,1,1981-12-26,"11,12,13,15",France,
top14,2015/2016,Fabrice Metz,Oyonnax,1285,20,17,3,1991-01-23,"4,5",France,
top14,2015/2016,Felix le Bourhis,Union Bordeaux-Begles,964,16,12,4,1988-04-07,"12,13",France,
top14,2015/2016,Fetu'u Vainikolo,Oyonnax,198,3,3,0,1985-01-30,11,Tonga,
top14,2015/2016,Filipo Nakosi,Agen,626,10,8,2,1992-04-08,"11,12,13,14,15",Fidji,
top14,2015/2016,Flip van der Merwe,ASM Clermont Auvergne,891,14,13,1,1985-06-06,"4,5",Afrique du Sud,
top14,2015/2016,Florian Denos,Oyonnax,894,13,12,1,1985-05-20,"11,15",France,
top14,2015/2016,Florian Faure,Oyonnax,378,8,5,3,1983-03-23,"6,8",France,
top14,2015/2016,Florian Fresia,RC Toulon,653,19,6,13,1992-01-17,1,France,
top14,2015/2016,Florian Fritz,Stade Toulousain,1323,22,17,5,1984-01-17,"10,11,12,13",France,
top14,2015/2016,Florian Houerie,Castres Olympique,75,7,0,7,1992-10-27,"1,3",France,
top14,2015/2016,Florian Vialelle,Castres Olympique,609,17,4,13,1993-10-05,"12,13,14",France,
top14,2015/2016,Francisco Gomez Kodela,Union Bordeaux-Begles,1093,22,14,8,1985-07-03,3,France,
top14,2015/2016,Francois Bouvier,Agen,253,11,2,9,1994-08-29,"10,11",France,
top14,2015/2016,Francois Cros,Stade Toulousain,293,8,2,6,1994-03-25,"6,7,8",France,
top14,2015/2016,Francois Da Ros,CA Brive,885,21,8,13,1983-09-29,2,France,
top14,2015/2016,Francois Fontaine,Castres Olympique,40,1,0,1,1995-05-10,15,France,
top14,2015/2016,Francois Herry,Stade Rochelais,120,2,1,1,1988-10-08,11,France,
top14,2015/2016,Francois Steyn,Montpellier Herault Rugby,1022,13,13,0,1987-05-14,"10,12",Afrique du Sud,
top14,2015/2016,Francois Trinh-Duc,Montpellier Herault Rugby,426,8,5,3,1986-11-11,10,France,
top14,2015/2016,Francois van der Merwe,Racing 92,1290,20,18,2,1983-10-04,"4,5,7",France,
top14,2015/2016,Fritz Lee,ASM Clermont Auvergne,1259,18,17,1,1988-08-29,8,Samoa,
top14,2015/2016,Frédéric Michalak,RC Toulon,307,9,2,7,1982-10-16,"10,12,14",France,
top14,2015/2016,Fulgence Ouedraogo,Montpellier Herault Rugby,1242,17,16,1,1986-07-21,"5,6",France,
top14,2015/2016,Gabriel Lacroix,Stade Rochelais,1407,19,19,0,1993-10-19,"11,14,15",France,
top14,2015/2016,Gabriel Quesmel,Stade Francais Paris,20,1,0,1,1995-07-04,5,France,
top14,2015/2016,Gael Fickou,Stade Toulousain,1132,16,14,2,1994-03-26,"12,13",France,
top14,2015/2016,Gaetan Beraud,Section Paloise,32,1,0,1,1994-04-22,4,France,
top14,2015/2016,Gaetan Germain,CA Brive,1884,24,24,0,1990-07-02,15,France,
top14,2015/2016,Gagi Bazadze,Stade Rochelais,290,10,4,6,1992-09-12,3,Géorgie,
top14,2015/2016,Gauthier Doubrere,Union Bordeaux-Begles,21,1,0,1,1995-12-24,9,France,
top14,2015/2016,Geoffrey Doumayrou,Stade Francais Paris,926,16,14,2,1989-09-16,"12,13,14",France,
top14,2015/2016,Geoffrey Fabbri,Oyonnax,669,12,10,2,1992-06-17,"4,5",France,
top14,2015/2016,Geoffrey Moise,Section Paloise,111,5,0,5,1991-08-20,1,France,
top14,2015/2016,Geoffrey Palis,Castres Olympique,1660,23,23,0,1991-07-08,15,France,
top14,2015/2016,George Robson,Oyonnax,871,15,11,4,1985-11-04,"4,5",Angleterre,
top14,2015/2016,George Tilsley,Agen,1748,24,22,2,1992-02-27,"11,14,15",Nouvelle Zélande,
top14,2015/2016,Gerhard Mostert,Stade Francais Paris,385,13,5,8,1984-10-04,"4,5,7",Afrique du Sud,
top14,2015/2016,Gerhard Vosloo,RC Toulon,159,4,2,2,1979-05-10,"4,7,8",France,
top14,2015/2016,Gert Muller,Stade Toulousain,112,4,0,4,1986-02-05,"1,3",Afrique du Sud,
top14,2015/2016,Gilles Bosch,Grenoble,508,13,7,6,1990-07-12,10,France,
top14,2015/2016,Gillian Galan,Stade Toulousain,888,23,9,14,1991-08-07,"6,7,8",France,
top14,2015/2016,Gio Aplon,Grenoble,1623,22,20,2,1982-10-06,"10,11,14,15",Afrique du Sud,
top14,2015/2016,Giorgi Jgenti,CA Brive,571,16,7,9,1985-11-13,"3,6",Géorgie,
top14,2015/2016,Giorgi Melikidze,Stade Francais Paris,52,3,0,3,1996-05-24,3,Géorgie,
top14,2015/2016,Giorgi Natsarashvili,Section Paloise,192,8,2,6,1985-04-01,"1,3",Géorgie,
top14,2015/2016,Giorgi Tetrashvili,Agen,349,12,1,11,1993-08-31,1,Géorgie,
top14,2015/2016,Giorgi Vepkhvadze,Oyonnax,55,3,0,3,1991-07-05,3,Géorgie,
top14,2015/2016,Giovanni Habel-Kueffner,Section Paloise,107,3,1,2,1995-01-09,"6,8",Allemagne,
top14,2015/2016,Goderdzi Shvelidze,CA Brive,225,8,3,5,1978-04-17,"1,7",Géorgie,
top14,2015/2016,Gregory Annetta,RC Toulon,112,3,1,2,1994-12-30,"6,7,8",France,
top14,2015/2016,Gregory Lamboley,Stade Toulousain,1092,24,11,13,1982-01-12,"4,5,6,7,8",France,
top14,2015/2016,Guilhem Guirado,RC Toulon,850,17,14,3,1986-06-17,2,France,
top14,2015/2016,Guillaume Bernad,Oyonnax,21,2,0,2,1983-06-08,"4,6",France,
top14,2015/2016,Guillaume Bousses,Oyonnax,418,6,5,1,1981-10-12,13,France,
top14,2015/2016,Guillaume Namy,CA Brive,1006,14,13,1,1989-04-03,"11,14",France,
top14,2015/2016,Guillaume Ribes,CA Brive,728,17,11,6,1984-11-18,2,France,
top14,2015/2016,Gurthro Steenkamp,Stade Toulousain,769,17,12,5,1981-06-12,"1,3",Afrique du Sud,
top14,2015/2016,Hannes Franklin,Agen,20,3,0,3,1981-10-06,"2,5",Afrique du Sud,
top14,2015/2016,Heini Adams,Union Bordeaux-Begles,445,11,5,6,1980-05-29,9,Afrique du Sud,
top14,2015/2016,Heinke van der Merwe,Stade Francais Paris,736,13,9,4,1985-05-03,1,Afrique du Sud,
top14,2015/2016,Hendrik Roodt,Grenoble,976,15,12,3,1987-11-06,5,Afrique du Sud,
top14,2015/2016,Henry Chavancy,Racing 92,1413,21,19,2,1988-05-22,"12,13",France,
top14,2015/2016,Henry Vanderglas,Grenoble,221,6,2,4,1985-05-09,"5,6,7,8",Australie,
top14,2015/2016,Hikairo Forbes,Stade Rochelais,885,20,9,11,1986-03-05,2,Nouvelle Zélande,
top14,2015/2016,Horatiu Pungea,Oyonnax,162,5,1,4,1986-02-18,3,Roumanie,
top14,2015/2016,Hosea Gear,ASM Clermont Auvergne,650,10,8,2,1984-03-16,"11,12,13,14,15",Nouvelle Zélande,
top14,2015/2016,Hugh Chalmers,Union Bordeaux-Begles,953,18,11,7,1984-11-28,"6,7,8",Nouvelle Zélande,
top14,2015/2016,Hugh Pyle,Stade Francais Paris,1358,19,18,1,1988-09-21,4,Australie,
top14,2015/2016,Hugo Bonneval,Stade Francais Paris,1312,21,16,5,1990-11-19,"13,14,15",France,
top14,2015/2016,Hugues Briatte,CA Brive,94,2,1,1,1990-03-11,6,France,
top14,2015/2016,Ibrahim Diarra,Castres Olympique,238,5,4,1,1983-05-25,"6,7",France,
top14,2015/2016,Ilaitia Tagotago,Agen,478,9,6,3,1991-12-20,"10,12,14,15",Fidji,
top14,2015/2016,Ilian Perraux,Montpellier Herault Rugby,13,1,0,1,1992-04-04,10,France,
top14,2015/2016,Imanol Harinordoquy,Stade Toulousain,1112,21,16,5,1980-02-20,"4,6,7,8",France,
top14,2015/2016,Isaia Toeava,ASM Clermont Auvergne,387,7,5,2,1986-01-15,"12,14,15",Samoa,
top14,2015/2016,Iuri Natriashvili,ASM Clermont Auvergne|RC Toulon,233,9,2,7,1984-01-25,2,Géorgie,
top14,2015/2016,Jackson Willison,Grenoble,387,6,5,1,1988-09-05,"12,13",Nouvelle Zélande,
top14,2015/2016,Jacobie Adriaanse,Montpellier Herault Rugby,35,3,0,3,1985-07-19,3,Afrique du Sud,
top14,2015/2016,Jacques du Plessis,Montpellier Herault Rugby,1203,18,15,3,1993-08-12,"4,5,7,8",Afrique du Sud,
top14,2015/2016,Jale Vatubua,Section Paloise,1310,19,16,3,1991-08-30,"11,12,13",Fidji,
top14,2015/2016,Jalil Narjissi,Agen,792,17,11,6,1980-01-18,2,France,
top14,2015/2016,James Coughlan,Section Paloise,1408,20,20,0,1980-12-09,8,Irlande,
top14,2015/2016,James Hart,Grenoble,281,10,3,7,1991-07-28,9,France,
top14,2015/2016,James O'Connor,RC Toulon,1016,14,12,2,1990-07-05,"10,11,14,15",Australie,
top14,2015/2016,James Percival,Grenoble,565,12,7,5,1983-11-09,"4,5",Angleterre,
top14,2015/2016,Jamie Cudmore,ASM Clermont Auvergne,217,5,3,2,1978-09-06,"4,5",France,
top14,2015/2016,Jamie Mackintosh,Montpellier Herault Rugby,63,3,0,3,1985-02-20,1,Nouvelle Zélande,
top14,2015/2016,Jandre Marais,Union Bordeaux-Begles,1455,20,20,0,1989-06-14,"4,5",Afrique du Sud,
top14,2015/2016,Jannie du Plessis,Montpellier Herault Rugby,592,14,8,6,1982-11-16,3,Afrique du Sud,
top14,2015/2016,Jarrod Poi,Stade Toulousain,25,1,0,1,1994-02-22,13,Nouvelle Zélande,
top14,2015/2016,Jason Eaton,Stade Rochelais,1413,19,19,0,1982-08-21,"4,6,7",Nouvelle Zélande,
top14,2015/2016,Jean Bouilhou,Section Paloise,870,15,10,5,1978-12-07,"5,7,8",France,
top14,2015/2016,Jean-Baptiste Bruzulier,ASM Clermont Auvergne,237,5,3,2,,9,Pays de Galles,
top14,2015/2016,Jean-Baptiste De Clercq,Stade Francais Paris,52,2,0,2,1994-02-23,3,Belgique,
top14,2015/2016,Jean-Baptiste Dubie,Union Bordeaux-Begles,928,13,11,2,1989-07-16,"13,14,15",France,
top14,2015/2016,Jean-Baptiste Pejoine,CA Brive,944,21,11,10,1980-07-17,"9,10",France,
top14,2015/2016,Jean-Baptiste Poux,Union Bordeaux-Begles,389,14,3,11,1979-09-26,"1,3",France,
top14,2015/2016,Jean-Baptiste Roidot,Agen,73,4,0,4,1988-03-09,"4,5,6",France,
top14,2015/2016,Jean-Charles Orioli,RC Toulon,703,18,6,12,1989-08-09,2,France,
top14,2015/2016,Jean-Marc Doussain,Stade Toulousain,1205,24,13,11,1991-02-12,"9,10",France,
top14,2015/2016,Jean-Marcellin Buttin,Union Bordeaux-Begles,993,14,13,1,1991-12-16,15,France,
top14,2015/2016,Jean-Pascal Barraque,Stade Rochelais,609,11,8,3,1991-04-24,"10,12,13,14,15",France,
top14,2015/2016,Jefferson Poirot,Union Bordeaux-Begles,521,12,6,6,1992-11-01,1,France,
top14,2015/2016,Jeremie Maurouard,Oyonnax,898,21,11,10,1992-09-23,2,France,
top14,2015/2016,Jeremy Hurou,Section Paloise,615,15,8,7,1984-03-26,"1,3",France,
top14,2015/2016,Jeremy Sinzelle,Stade Francais Paris,1694,23,21,2,1990-07-02,"11,12,14,15",France,
top14,2015/2016,Jesse Mogg,Montpellier Herault Rugby,1516,20,19,1,1989-06-08,"11,14,15",Australie,
top14,2015/2016,Jimmy Yobo,Oyonnax,776,13,9,4,1992-02-20,"12,13,14",France,
top14,2015/2016,Jocelino Suta,RC Toulon,687,16,8,8,1982-11-18,"4,5",France,
top14,2015/2016,Jody Jenneker,Oyonnax,805,18,12,6,1984-04-10,2,Afrique du Sud,
top14,2015/2016,Joe Rokocoko,Racing 92,1536,23,16,7,1983-06-06,"7,10,12,13,14",Nouvelle Zélande,
top14,2015/2016,Joe Tekori,Stade Toulousain,1037,18,14,4,1983-12-17,"4,5,7",Samoa,
top14,2015/2016,Johan Goosen,Racing 92,1189,18,15,3,1992-07-27,"10,13,15",Afrique du Sud,
top14,2015/2016,Johan Snyman,CA Brive,1112,18,17,1,1986-07-09,"4,5",Afrique du Sud,
top14,2015/2016,Johann Sadie,Agen,1576,21,20,1,1989-01-23,13,Afrique du Sud,
top14,2015/2016,John Beattie,Castres Olympique,479,13,5,8,1985-11-21,"4,6,7,8",Ecosse,
top14,2015/2016,John Ulugia,ASM Clermont Auvergne,752,15,12,3,1986-01-17,2,Nouvelle Zélande,
top14,2015/2016,Jonathan Best,Grenoble,726,15,7,8,1983-08-02,"4,5,6,7,8",France,
top14,2015/2016,Jonathan Danty,Stade Francais Paris,1177,19,14,5,1992-10-07,"11,12,13,15",France,
top14,2015/2016,Jonathan Davies,ASM Clermont Auvergne,525,8,6,2,1988-04-05,"11,12,13",Pays de Galles,
top14,2015/2016,Jonathan Pelissie,RC Toulon,1472,23,20,3,1988-06-06,9,France,
top14,2015/2016,Jonathan Wisniewski,Grenoble,1215,18,16,2,1985-07-16,10,France,
top14,2015/2016,Jone Qovu Nailiko,Stade Rochelais,1008,18,11,7,1985-07-26,"4,5,7,8",Fidji,
top14,2015/2016,Jono Ross,Stade Francais Paris,1383,21,19,2,1990-10-27,"6,7,8",Afrique du Sud,
top14,2015/2016,Jordan Seneca,Stade Rochelais,68,5,0,5,1991-12-03,"1,2",France,
top14,2015/2016,Josaia Raisuqe,Stade Francais Paris,238,5,2,3,1994-07-22,"11,13,14",Fidji,
top14,2015/2016,Josefa Domolailai,Section Paloise,669,20,5,15,1985-12-11,"4,5,6,7,8",Fidji,
top14,2015/2016,Josua Tuisova,RC Toulon,1753,24,24,0,1994-02-04,14,Fidji,
top14,2015/2016,Juan Imhoff,Racing 92,1198,15,15,0,1988-05-11,"11,14",Argentine,
top14,2015/2016,Juan Martin Fernandez Lobbe,RC Toulon,1203,19,15,4,1981-11-19,"6,7,8",Argentine,
top14,2015/2016,Juan Pablo Orlandi,Section Paloise,398,8,7,1,1983-06-20,3,Argentine,
top14,2015/2016,Juan Smith,RC Toulon,999,17,13,4,1981-07-30,"5,6,7",Afrique du Sud,
top14,2015/2016,Juandre Kruger,Racing 92,693,20,6,14,1985-09-06,"4,5,6,7",Afrique du Sud,
top14,2015/2016,Judicael Cancoriet,ASM Clermont Auvergne,250,5,2,3,1996-04-25,"6,7",France,
top14,2015/2016,Jules Le Bail,Stade Rochelais,166,8,1,7,1992-02-09,"9,10,15",France,
top14,2015/2016,Jules Plisson,Stade Francais Paris,1304,20,16,4,1991-08-20,"10,15",France,
top14,2015/2016,Julien Arias,Stade Francais Paris,851,13,11,2,1983-10-26,"12,13,14",France,
top14,2015/2016,Julien Audy,Stade Rochelais,712,20,6,14,1984-11-21,"9,12",France,
top14,2015/2016,Julien Bardy,ASM Clermont Auvergne,402,11,6,5,1986-04-03,"6,7,8",Portugal,
top14,2015/2016,Julien Beziat,Castres Olympique,53,4,0,4,1992-03-09,2,France,
top14,2015/2016,Julien Blanc,Oyonnax,579,15,7,8,1992-10-04,9,France,
top14,2015/2016,Julien Brugnaut,Racing 92,787,20,10,10,1981-11-17,"1,7",France,
top14,2015/2016,Julien Caminati,Castres Olympique|RC Toulon,989,14,12,2,1985-10-28,"11,14,15",France,
top14,2015/2016,Julien Delannoy,Montpellier Herault Rugby,22,1,0,1,1995-06-15,5,France,
top14,2015/2016,Julien Dumora,Castres Olympique,889,23,8,15,1988-03-24,"10,12,15",France,
top14,2015/2016,Julien Dupuy,Stade Francais Paris,874,15,12,3,1983-12-19,9,France,
top14,2015/2016,Julien Fumat,Section Paloise,1441,23,18,5,1987-03-26,"11,12,13,14",France,
top14,2015/2016,Julien Heriteau,Agen,490,8,7,1,1994-09-12,"12,13",France,
top14,2015/2016,Julien Jacquot,Section Paloise,937,21,14,7,1982-05-18,1,France,
top14,2015/2016,Julien Ledevedec,Union Bordeaux-Begles,1707,26,23,3,1986-06-04,"4,5",France,
top14,2015/2016,Julien Malzieu,Montpellier Herault Rugby,624,11,8,3,1983-05-04,"11,12,13,14",France,
top14,2015/2016,Julien Marchand,Stade Toulousain,507,14,4,10,1995-05-10,"2,3",France,
top14,2015/2016,Julien Pierre,Section Paloise,1452,21,21,0,1981-07-31,4,France,
top14,2015/2016,Julien Rey,Union Bordeaux-Begles,1703,23,22,1,1986-09-01,"12,15",France,
top14,2015/2016,Julien Seron,Castres Olympique,575,16,8,8,1983-11-14,9,France,
top14,2015/2016,Julien Tomas,Stade Francais Paris,557,13,7,6,1985-04-21,9,France,
top14,2015/2016,Karena Wihongi,Castres Olympique,1181,21,19,2,1979-09-29,3,France,
top14,2015/2016,Karlen Asieshvili,CA Brive,662,16,6,10,1987-04-21,1,Géorgie,
top14,2015/2016,Kelian Galletier,Montpellier Herault Rugby,677,18,7,11,1992-03-18,"4,6,7,8",France,
top14,2015/2016,Kevin Buys,CA Brive,617,15,8,7,1986-04-26,"1,3",Afrique du Sud,
top14,2015/2016,Kevin Gourdon,Stade Rochelais,1678,24,22,2,1990-01-23,"5,6,7,8",France,
top14,2015/2016,Kevin Goze,Grenoble,19,1,0,1,1992-11-04,,France,
top14,2015/2016,Keziah Giordano,Oyonnax,18,1,0,1,1994-04-19,12,France,
top14,2015/2016,Khatchik Vartan,Racing 92,297,11,2,9,1993-02-06,1,France,
top14,2015/2016,Kini Murimurivalu,Stade Rochelais,1382,19,18,1,1989-05-15,"11,12,13,15",Fidji,
top14,2015/2016,Konstantine Mikautadze,RC Toulon,867,17,12,5,1991-07-01,"4,5",Géorgie,
top14,2015/2016,Lachlan Turner,RC Toulon,502,7,7,0,1987-05-11,"11,15",Australie,
top14,2015/2016,Laurent Bouchet,Grenoble,212,8,2,6,1988-01-23,2,France,
top14,2015/2016,Laurent Delboulbes,Oyonnax,715,17,12,5,1986-11-17,1,France,
top14,2015/2016,Laurent Panis,Stade Francais Paris,177,8,1,7,1993-04-23,2,France,
top14,2015/2016,Laurent Sempere,Stade Francais Paris,924,18,16,2,1985-07-09,2,France,
top14,2015/2016,Leandro Cedaro,Stade Rochelais,872,20,12,8,1988-02-16,"4,5,7,8",Italie,
top14,2015/2016,Leigh Halfpenny,RC Toulon,153,2,2,0,1988-12-22,15,Pays de Galles,
top14,2015/2016,Lekso Kaulashvili,Stade Rochelais,495,11,6,5,1992-08-27,"1,3",Géorgie,
top14,2015/2016,Leon Power,Oyonnax,926,21,10,11,1986-02-27,"4,5",Nouvelle Zélande,
top14,2015/2016,Levan Chilachava,RC Toulon,971,20,14,6,1991-08-17,3,Géorgie,
top14,2015/2016,Levani Botia,Stade Rochelais,1218,16,16,0,1989-03-14,12,Fidji,
top14,2015/2016,Lilian Saseras,Grenoble,242,7,2,5,1994-06-27,9,France,
top14,2015/2016,Lionel Beauxis,Union Bordeaux-Begles,172,5,2,3,1985-10-24,10,France,
top14,2015/2016,Lionel Mazars,Agen,1287,17,17,0,1984-06-26,12,France,
top14,2015/2016,Loann Goujon,Union Bordeaux-Begles,1239,20,15,5,1989-04-23,"6,7,8",France,
top14,2015/2016,Loic Bernad,Section Paloise,474,9,8,1,1986-02-21,"5,6",France,
top14,2015/2016,Loic Godener,Racing 92,16,2,0,2,1995-08-13,"6,8",France,
top14,2015/2016,Loic Jacquet,ASM Clermont Auvergne,836,12,11,1,1985-03-31,"3,4,5",France,
top14,2015/2016,Loick Jammes,Grenoble,525,13,5,8,1994-11-10,2,France,
top14,2015/2016,Louis Dupichot,Racing 92,427,7,5,2,1995-09-23,"10,11,14,15",France,
top14,2015/2016,Louis Picamoles,Stade Toulousain,784,13,12,1,1986-02-05,8,France,
top14,2015/2016,Louis-Benoit Madaule,Union Bordeaux-Begles,1536,24,19,5,1988-09-24,"6,7,8",France,
top14,2015/2016,Luc Barba,Racing 92,462,12,5,7,1992-01-30,"6,7,12",France,
top14,2015/2016,Luc Ducalcon,Racing 92,822,20,9,11,1984-01-02,3,France,
top14,2015/2016,Luc Mousset,Stade Rochelais,40,1,0,1,1994-04-03,3,France,
top14,2015/2016,Lucas Chouvet,Oyonnax,53,3,0,3,1995-02-17,"10,15",France,
top14,2015/2016,Lucas Dupont,Grenoble,1230,17,17,0,1990-03-19,"11,14",France,
top14,2015/2016,Lucas Martinez,Castres Olympique,138,7,1,6,1989-07-14,"1,2,3",Argentine,
top14,2015/2016,Lucas Pointud,CA Brive,1011,22,15,7,1988-01-18,1,France,
top14,2015/2016,Lucas Rey,Section Paloise,44,2,0,2,1997-04-27,2,France,
top14,2015/2016,Ludovic Radosavljevic,ASM Clermont Auvergne,739,21,8,13,1989-08-17,"8,9,10,13",France,
top14,2015/2016,Lukas Rapant,Oyonnax,450,13,4,9,1982-11-16,"1,3",République Tchèque,
top14,2015/2016,Luke Braid,Union Bordeaux-Begles,755,15,10,5,1988-10-05,"6,7,8,9",Nouvelle Zélande,
top14,2015/2016,Luke Charteris,Racing 92,511,8,6,2,1983-03-09,"4,5",Pays de Galles,
top14,2015/2016,Luke Hamilton,Agen,1460,20,19,1,1992-01-07,"6,7,8",Pays de Galles,
top14,2015/2016,Luke McAlister,Stade Toulousain,1182,22,16,6,1983-08-28,"10,12,13,15",Nouvelle Zélande,
top14,2015/2016,Ma'a Nonu,RC Toulon,1191,16,16,0,1982-05-21,12,Nouvelle Zélande,
top14,2015/2016,Mahamadou Diaby,Grenoble,1085,20,13,7,1990-08-15,"6,7",France,
top14,2015/2016,Malakai Bakaniceva,CA Brive,313,5,5,0,1985-05-06,"11,14",Fidji,
top14,2015/2016,Malietoa Hingano,Stade Rochelais,715,12,10,2,1992-01-27,"11,12,13,14",Tonga,
top14,2015/2016,Mamuka Gorgodze,RC Toulon,1283,18,17,1,1984-07-14,"4,6,7",France,
top14,2015/2016,Manasa Saulo,RC Toulon,508,15,6,9,1989-04-06,3,Fidji,
top14,2015/2016,Manu Ahotaeiloa,Union Bordeaux-Begles,106,3,1,2,1986-01-12,"12,13,15",Tonga,
top14,2015/2016,Manuel Carizza,Racing 92,1362,20,18,2,1984-08-23,"4,5",Argentine,
top14,2015/2016,Marc Andreu,Racing 92,1309,19,16,3,1985-12-27,"11,12,14",France,
top14,2015/2016,Marc Baget,Agen,519,13,9,4,1984-09-05,"4,6,7,8",France,
top14,2015/2016,Marc Barthomeuf,Agen,189,10,0,10,1991-07-19,2,France,
top14,2015/2016,Marc Clerc,Oyonnax,972,22,13,9,1987-06-09,"1,3",France,
top14,2015/2016,Marc Giraud,Agen,602,8,8,0,1986-02-27,"7,8",France,
top14,2015/2016,Marc-Antoine Rallier,Castres Olympique,964,27,11,16,1988-12-02,"1,2,8",France,
top14,2015/2016,Marco Kotze,Agen,997,15,14,1,1986-08-25,"4,5,6",Afrique du Sud,
top14,2015/2016,Marco Tauleigne,Union Bordeaux-Begles,519,13,7,6,1993-08-30,"6,7,8",France,
top14,2015/2016,Marika Vunibaka,Section Paloise,287,4,4,0,1994-05-12,14,Fidji,
top14,2015/2016,Maritino Nemani,Grenoble,735,12,9,3,1991-05-24,"11,12,14",Fidji,
top14,2015/2016,Martin Castrogiovanni,Racing 92,149,4,2,2,1981-10-21,3,Italie,
top14,2015/2016,Martin Devergie,Montpellier Herault Rugby,70,2,0,2,1995-06-26,"6,8",France,
top14,2015/2016,Marvin Lestremau,Section Paloise,80,1,1,0,1996-07-19,14,France,
top14,2015/2016,Marvin O'Connor,Montpellier Herault Rugby,1400,23,17,6,1991-04-18,"11,12,14",France,
top14,2015/2016,Mathias Marie,Grenoble,546,12,6,6,1991-01-09,"3,4,5",France,
top14,2015/2016,Mathieu Acebes,Section Paloise,571,9,8,1,1987-08-01,"11,13,14,15",France,
top14,2015/2016,Mathieu Babillot,Castres Olympique,563,15,5,10,1993-09-09,"5,6,7,8",France,
top14,2015/2016,Mathieu Bastareaud,RC Toulon,1397,21,17,4,1988-09-17,"12,13",France,
top14,2015/2016,Mathieu Lamoulie,Agen,1203,17,15,2,1990-08-07,"1,10,15",France,
top14,2015/2016,Mathieu Tanguy,Stade Rochelais,289,8,4,4,1996-06-05,"4,5",France,
top14,2015/2016,Mathieu de Giovanni,Stade Francais Paris,70,3,0,3,1994-01-10,"6,8",France,
top14,2015/2016,Matt Giteau,RC Toulon,591,8,8,0,1982-09-29,10,Australie,
top14,2015/2016,Matt Stevens,RC Toulon,491,11,7,4,1982-10-01,3,Angleterre,
top14,2015/2016,Matt Tierney,Section Paloise,79,3,1,2,1996-07-04,"3,7",Canada,
top14,2015/2016,Matthew Clarkin,Union Bordeaux-Begles,321,7,4,3,1981-07-04,"6,7,8",Nouvelle Zélande,
top14,2015/2016,Matthieu Ugalde,CA Brive,1103,19,15,4,1992-01-10,"10,12,15",France,
top14,2015/2016,Matthieu Ugena,Stade Francais Paris,561,9,6,3,1995-07-25,"6,7,8",France,
top14,2015/2016,Matthieu Voisin,Racing 92,75,1,1,0,1996-05-16,7,France,
top14,2015/2016,Maurie Fa'asavalu,Oyonnax,697,12,8,4,1980-01-12,"6,7,8",Samoa,
top14,2015/2016,Maxime Gau,Stade Rochelais,667,18,11,7,1990-12-05,"2,3",France,
top14,2015/2016,Maxime Javaux,Racing 92,92,4,1,3,1993-11-04,10,France,
top14,2015/2016,Maxime Machenaud,Racing 92,1213,18,17,1,1988-12-30,9,France,
top14,2015/2016,Maxime Medard,Stade Toulousain,1318,19,18,1,1986-11-16,"14,15",France,
top14,2015/2016,Maxime Mermoz,RC Toulon,1241,16,16,0,1986-07-28,"12,13",France,
top14,2015/2016,Mehdi Boundjema,Section Paloise,603,14,7,7,1990-06-07,"2,8",France,
top14,2015/2016,Metuisela Talebula,Union Bordeaux-Begles,1075,17,14,3,1991-05-20,"14,15",Fidji,
top14,2015/2016,Meyer Bosman,Stade Francais Paris,721,14,8,6,1985-04-19,"12,13,15",Afrique du Sud,
top14,2015/2016,Michael Simutoga,ASM Clermont Auvergne,22,2,0,2,1996-09-29,3,France,
top14,2015/2016,Mickael Capelli,Grenoble,30,1,0,1,1997-03-18,4,France,
top14,2015/2016,Mickael Ivaldi,Montpellier Herault Rugby,728,23,11,12,1990-02-20,"2,7,14",France,
top14,2015/2016,Mickael de Marco,Oyonnax,133,4,1,3,1989-04-22,"4,5",France,
top14,2015/2016,Mihaita Lazar,Castres Olympique,1019,22,13,9,1986-11-03,1,Roumanie,
top14,2015/2016,Mike Corbel,Stade Rochelais,587,15,6,9,1992-04-09,1,France,
top14,2015/2016,Mike Phillips,Racing 92,555,12,7,5,1982-08-29,"9,10",Pays de Galles,
top14,2015/2016,Mike Tadjer,Agen,1067,21,15,6,1989-03-10,2,Portugal,
top14,2015/2016,Mikheil Nariashvili,Montpellier Herault Rugby,1196,20,17,3,1990-05-25,1,Géorgie,
top14,2015/2016,Mitch Inman,RC Toulon,70,1,1,0,1988-10-24,13,Australie,
top14,2015/2016,Mohamed Boughanmi,RC Toulon,164,6,1,5,1991-10-27,3,France,
top14,2015/2016,Morgan Parra,ASM Clermont Auvergne,1039,16,14,2,1988-11-15,9,France,
top14,2015/2016,Morne Steyn,Stade Francais Paris,810,13,10,3,1984-07-11,"10,13,14",Afrique du Sud,
top14,2015/2016,Mosese Ratuvou,Section Paloise,1215,17,16,1,1983-01-31,"11,14",Fidji,
top14,2015/2016,Nans Ducuing,Union Bordeaux-Begles,713,13,10,3,1991-11-06,"11,13,14,15",France,
top14,2015/2016,Neemia Tialata,Stade Toulousain,119,3,2,1,1982-07-15,3,Nouvelle Zélande,
top14,2015/2016,Nic White,Montpellier Herault Rugby,575,21,6,15,1990-06-13,9,Australie,
top14,2015/2016,Nick Abendanon,ASM Clermont Auvergne,1116,17,15,2,1986-08-27,"11,15",Angleterre,
top14,2015/2016,Nicky Robinson,Oyonnax,1209,18,17,1,1982-01-03,10,Pays de Galles,
top14,2015/2016,Nicolas Bezy,CA Brive,784,19,9,10,1989-09-26,"9,10,11,14",France,
top14,2015/2016,Nicolas Chocou,Agen,16,1,0,1,1994-03-27,3,France,
top14,2015/2016,Nicolas Mas,Montpellier Herault Rugby,433,13,6,7,1980-05-23,"3,15",France,
top14,2015/2016,Nigel Hunt,Grenoble,970,17,11,6,1983-05-14,"12,13",Nouvelle Zélande,
top14,2015/2016,Noa Nakaitaci,ASM Clermont Auvergne,1240,18,13,5,1990-07-11,"11,12,13,14",France,
top14,2015/2016,Nukualofa Swerling,Oyonnax,78,5,0,5,1993-08-08,"4,6,8",Nouvelle Zélande,
top14,2015/2016,Ole Avei,Union Bordeaux-Begles,753,14,10,4,1983-06-13,2,Samoa,
top14,2015/2016,Oleg Ishchenko,Montpellier Herault Rugby,73,4,0,4,1994-01-22,"1,3",France,
top14,2015/2016,Olivier Missoup,Oyonnax,1142,17,15,2,1981-07-05,"6,7",France,
top14,2015/2016,Paddy Butler,Section Paloise,1538,24,19,5,1990-12-01,"6,7,8,13",Irlande,
top14,2015/2016,Pascal Pape,Stade Francais Paris,938,15,11,4,1980-10-05,"4,5,7",France,
top14,2015/2016,Patricio Albacete,Stade Toulousain,813,12,12,0,1981-02-09,5,France,
top14,2015/2016,Patricio Fernandez,ASM Clermont Auvergne,402,13,4,9,1994-10-11,"9,10,11",Argentine,
top14,2015/2016,Patrick Cilliers,Montpellier Herault Rugby,532,10,6,4,1987-03-03,"1,3",Afrique du Sud,
top14,2015/2016,Patrick Sio,Stade Francais Paris,224,6,2,4,1994-04-04,"6,7,8",Samoa,
top14,2015/2016,Patrick Sobela,Oyonnax,335,8,6,2,1992-08-12,"6,7",France,
top14,2015/2016,Patrick Toetu,Union Bordeaux-Begles,198,8,3,5,1984-03-14,3,Nouvelle Zélande,
top14,2015/2016,Paul Abadie,Agen,312,7,4,3,1994-07-28,9,France,
top14,2015/2016,Paul Alo-Emile,Stade Francais Paris,1076,23,17,6,1991-12-22,"3,6",Samoa,
top14,2015/2016,Paul Gabrillagues,Stade Francais Paris,751,18,8,10,1993-06-03,"4,5",France,
top14,2015/2016,Paul Jedrasiak,ASM Clermont Auvergne,1068,20,12,8,1993-02-06,"4,5",France,
top14,2015/2016,Paul Perez,Stade Toulousain,946,13,12,1,1986-07-26,"11,14",Samoa,
top14,2015/2016,Paul Willemse,Montpellier Herault Rugby,1731,23,23,0,1992-11-13,"4,5",France,
top14,2015/2016,Paul Williams,Stade Francais Paris,780,14,10,4,1983-04-22,"12,13,15",Samoa,
top14,2015/2016,Paulin Mas,Grenoble,11,2,0,2,1995-11-21,2,France,
top14,2015/2016,Peceli Yato,ASM Clermont Auvergne,528,12,6,6,1993-01-17,"6,7,8",Fidji,
top14,2015/2016,Pedrie Wannenburg,Oyonnax,765,18,8,10,1981-01-02,"4,6,7,8",Afrique du Sud,
top14,2015/2016,Peet Marais,CA Brive,805,14,10,4,1990-10-31,"4,5",Afrique du Sud,
top14,2015/2016,Peter Kimlin,Grenoble,968,18,14,4,1985-07-11,"4,5,6",Australie,
top14,2015/2016,Peter Saili,Union Bordeaux-Begles,821,15,12,3,1988-01-04,"6,7,8",Nouvelle Zélande,
top14,2015/2016,Petrus Hauman,CA Brive,1517,22,20,2,1986-01-12,"6,7,8",Afrique du Sud,
top14,2015/2016,Pierre Aguillon,Stade Rochelais,1541,21,20,1,1987-03-27,"12,13,14",France,
top14,2015/2016,Pierre Berard,Montpellier Herault Rugby|Stade Rochelais,487,8,5,3,1991-05-23,"11,13,14,15",France,
top14,2015/2016,Pierre Bernard,Union Bordeaux-Begles,817,17,9,8,1989-01-31,10,France,
top14,2015/2016,Pierre Dupouy,Section Paloise,16,1,0,1,1996-10-14,13,France,
top14,2015/2016,Pierre Fouyssac,Agen,839,12,11,1,1995-03-17,"11,12,14",France,
top14,2015/2016,Pierre Maiau,Racing 92,31,2,0,2,1994-06-08,3,France,
top14,2015/2016,Pierre Popelin,Stade Rochelais,62,1,1,0,1995-06-23,15,France,
top14,2015/2016,Pierre Rude,ASM Clermont Auvergne,53,3,0,3,1995-01-21,2,France,
top14,2015/2016,Pierre Spies,Montpellier Herault Rugby,862,12,11,1,1985-06-08,8,Afrique du Sud,
top14,2015/2016,Pierrick Gunther,Oyonnax,1053,18,13,5,1989-10-16,"6,7",France,
top14,2015/2016,Pio Muarua,Agen,41,1,0,1,1996-06-28,8,Fidji,
top14,2015/2016,Piri Weepu,Oyonnax,352,8,5,3,1983-09-07,9,Nouvelle Zélande,
top14,2015/2016,Piula Fa'asalele,Castres Olympique,975,20,13,7,1988-01-22,"5,6,7,8",Samoa,
top14,2015/2016,Poutasi Luafutu,CA Brive,882,17,11,6,1987-12-02,"4,6,7,8,12",Samoa,
top14,2015/2016,Quade Cooper,RC Toulon,649,11,8,3,1988-04-05,"10,15",Australie,
top14,2015/2016,Quentin Bethune,Agen,50,2,0,2,1995-09-25,"1,3",France,
top14,2015/2016,Quentin Etienne,Oyonnax,1006,15,12,3,1990-07-14,"10,11,15",France,
top14,2015/2016,Quentin Lespiaucq,Section Paloise,383,13,5,8,1995-02-16,2,France,
top14,2015/2016,Rabah Slimani,Stade Francais Paris,701,16,7,9,1989-10-18,3,France,
top14,2015/2016,Raphael Chaume,ASM Clermont Auvergne,1126,25,16,9,1989-04-29,1,France,
top14,2015/2016,Raphael Lakafia,Stade Francais Paris,1010,16,14,2,1988-10-28,"6,7,8",France,
top14,2015/2016,Ratu Ratini,Stade Rochelais,191,3,2,1,1991-02-17,"14,15",Fidji,
top14,2015/2016,Regis Lespinas,Oyonnax,646,18,5,13,1984-10-06,"9,10,12,13,14,15",France,
top14,2015/2016,Remi Bonfils,Stade Francais Paris,706,15,7,8,1988-09-26,"2,6",France,
top14,2015/2016,Remi Lamerat,Castres Olympique,1549,22,21,1,1990-01-14,12,France,
top14,2015/2016,Remi Picquette,Stade Rochelais,24,1,0,1,1995-02-23,5,France,
top14,2015/2016,Remi Tales,Racing 92,776,11,11,0,1984-05-02,10,France,
top14,2015/2016,Remy Grosso,Castres Olympique,560,7,7,0,1988-12-04,"11,14",France,
top14,2015/2016,Remy Vaquin,Agen,804,15,9,6,1983-07-27,"4,6,7,8",France,
top14,2015/2016,Richie Gray,Castres Olympique,1278,18,16,2,1989-08-24,"4,5",Ecosse,
top14,2015/2016,Ricky Januarie,Stade Rochelais,1290,23,19,4,1982-01-02,"9,15",Afrique du Sud,
top14,2015/2016,Robert Ebersohn,Montpellier Herault Rugby,999,16,11,5,1989-02-23,"12,13,14",Afrique du Sud,
top14,2015/2016,Robins Tchale-Watchou,Montpellier Herault Rugby,916,22,11,11,1983-05-10,"3,4,5,6,7,8",France,
top14,2015/2016,Robinson Caire,Grenoble,10,1,0,1,1994-01-24,15,France,
top14,2015/2016,Rodrigo Capo Ortega,Castres Olympique,1658,25,23,2,1980-12-08,"3,4,5",Uruguay,
top14,2015/2016,Roimata Hansell-Pune,Oyonnax,768,11,10,1,1986-11-06,12,Nouvelle Zélande,
top14,2015/2016,Romain Cabannes,Castres Olympique,340,6,5,1,1984-12-02,"12,13",France,
top14,2015/2016,Romain Gauthier,Oyonnax,14,1,0,1,1996-01-21,8,France,
top14,2015/2016,Romain Lonca,Union Bordeaux-Begles,446,11,5,6,1991-11-26,"10,12,13,15",France,
top14,2015/2016,Romain Martial,Castres Olympique,402,7,5,2,1984-11-13,"11,14,15",France,
top14,2015/2016,Romain Millo-Chluski,Stade Toulousain,530,8,7,1,1983-04-20,"4,5,8",France,
top14,2015/2016,Romain Sazy,Stade Rochelais,1186,23,14,9,1986-10-14,"4,5,6,7",France,
top14,2015/2016,Romain Sola,CA Brive,81,2,1,1,1987-10-29,15,France,
top14,2015/2016,Romain Taofifenua,RC Toulon,1197,25,15,10,1990-09-14,"4,5",France,
top14,2015/2016,Romana Graham,Stade Rochelais,983,16,16,0,1986-05-29,"4,5,6,7",Nouvelle Zélande,
top14,2015/2016,Romaric Camou,Stade Rochelais,80,1,1,0,1996-10-09,11,France,
top14,2015/2016,Ronan Chambord,Union Bordeaux-Begles,3,1,0,1,1994-04-11,2,France,
top14,2015/2016,Rory Clegg,Oyonnax,18,1,0,1,1990-01-06,10,Angleterre,
top14,2015/2016,Rory Grice,Grenoble,1502,21,19,2,1990-04-02,8,Nouvelle Zélande,
top14,2015/2016,Rory Kockott,Castres Olympique,1286,19,18,1,1986-06-25,9,France,
top14,2015/2016,Ross Filipo,Racing 92,295,8,4,4,1979-04-14,"4,5",Samoa,
top14,2015/2016,Rossouw de Klerk,Grenoble,563,13,8,5,1989-08-21,3,Afrique du Sud,
top14,2015/2016,Ruaan du Preez,Agen,324,10,3,7,1984-03-20,"1,3,9",Afrique du Sud,
top14,2015/2016,Rudi Wulf,Castres Olympique,731,14,8,6,1984-02-02,"12,13,14",Samoa,
top14,2015/2016,Ryan Dubois,Stade Rochelais,116,3,1,2,1996-09-17,"10,12",France,
top14,2015/2016,Said Hireche,CA Brive,1100,18,14,4,1985-05-27,"6,7,8",France,
top14,2015/2016,Saimone Taumoepeau,CA Brive|Castres Olympique,134,7,0,7,1979-12-21,"1,3",Tonga,
top14,2015/2016,Sakaria Taulafo,Stade Francais Paris,542,13,8,5,1983-01-29,1,Samoa,
top14,2015/2016,Salesi Ma'afu,RC Toulon,72,3,0,3,1983-03-26,3,Australie,
top14,2015/2016,Samu Manoa,RC Toulon,572,8,8,0,1985-03-05,"4,5",Etats-Unis,
top14,2015/2016,Samuel Marques,Section Paloise,897,20,11,9,1988-12-08,9,Portugal,
top14,2015/2016,Santiago Fernandez,Section Paloise,552,11,8,3,1985-11-28,"10,12,15",Argentine,
top14,2015/2016,Schalk van der Merwe,Montpellier Herault Rugby,243,6,3,3,1990-12-04,1,Afrique du Sud,
top14,2015/2016,Scott Spedding,ASM Clermont Auvergne,1055,14,13,1,1986-05-04,15,France,
top14,2015/2016,Sean Dougall,Section Paloise,839,16,11,5,1989-10-28,"5,6,7,10",Irlande,
top14,2015/2016,Sean Robinson,Racing 92,479,7,7,0,1993-11-02,"11,14,15",Afrique du Sud,
top14,2015/2016,Sebastien Bezy,Stade Toulousain,1537,22,20,2,1991-11-22,"9,10",France,
top14,2015/2016,Sebastien Taofifenua,Union Bordeaux-Begles,665,18,10,8,1992-03-21,1,France,
top14,2015/2016,Sebastien Tillous-Borde,RC Toulon,208,5,2,3,1985-04-29,9,France,
top14,2015/2016,Sebastien Vahaamahina,ASM Clermont Auvergne,1147,20,14,6,1991-10-21,"4,5",France,
top14,2015/2016,Sekope Kepu,Union Bordeaux-Begles,534,14,7,7,1986-02-05,3,Australie,
top14,2015/2016,Sekou Macalou,Stade Francais Paris,335,9,5,4,1995-04-20,"6,7,9",France,
top14,2015/2016,Semi Kunatani,Stade Toulousain,114,2,1,1,1990-10-27,"11,14",Fidji,
top14,2015/2016,Sergio Parisse,Stade Francais Paris,637,9,8,1,1983-09-12,"6,8",Italie,
top14,2015/2016,Sevanaia Galala,CA Brive,653,12,8,4,1993-01-29,"11,12,13,14",Fidji,
top14,2015/2016,Seveci Nakailagi,Montpellier Herault Rugby,11,1,0,1,1995-07-02,11,Fidji,
top14,2015/2016,Shay Kerry,Oyonnax,109,3,1,2,1995-02-10,"5,7",Angleterre,
top14,2015/2016,Silvere Tian,Oyonnax,1099,14,14,0,1980-07-19,"11,14,15",France,
top14,2015/2016,Simon Hickey,Union Bordeaux-Begles,625,12,9,3,1994-01-12,10,Nouvelle Zélande,
top14,2015/2016,Sione Tau,Agen,799,16,9,7,1989-02-21,"6,7,8",Tonga,
top14,2015/2016,Sireli Bobo,RC Toulon|Section Paloise,909,15,12,3,1976-01-28,"11,14",Fidji,
top14,2015/2016,Sisa Koyamaibole,CA Brive,1247,21,19,2,1980-03-06,"6,7,8",Fidji,
top14,2015/2016,Sitaleki Timani,Montpellier Herault Rugby,383,7,6,1,1986-09-19,"4,5,6,7",Tonga,
top14,2015/2016,Sitiveni Sivivatu,Castres Olympique,671,11,9,2,1982-04-19,"11,12,14",Fidji,
top14,2015/2016,Soane Tonga'uiha,Oyonnax,568,15,6,9,1982-01-21,1,Tonga,
top14,2015/2016,Sofiane Guitoune,Union Bordeaux-Begles,621,9,8,1,1989-03-27,"11,13,14",France,
top14,2015/2016,Sona Taumalolo,Grenoble,652,15,9,6,1981-11-13,1,Tonga,
top14,2015/2016,Stanley Wright,Oyonnax,519,12,5,7,1978-09-29,"1,3",Nouvelle Zélande,
top14,2015/2016,Steffon Armitage,RC Toulon,1670,25,20,5,1985-09-20,"6,7,8",Angleterre,
top14,2015/2016,Steven Kitshoff,Union Bordeaux-Begles,734,16,10,6,1992-02-10,1,Afrique du Sud,
top14,2015/2016,Steven Setephano,Grenoble,1123,22,16,6,1984-04-15,"4,6,7,8",Nouvelle Zélande,
top14,2015/2016,Sylvain Charlet,Section Paloise,560,12,7,5,1985-08-22,3,France,
top14,2015/2016,Sylvain Nicolas,Stade Francais Paris,891,13,11,2,1987-06-21,"6,7",France,
top14,2015/2016,Talalelei Gray,Stade Toulousain,936,18,13,5,1990-02-28,"4,6,7,8,9",Samoa,
top14,2015/2016,Tamaz Mchedlidze,Agen,1010,16,13,3,1993-03-17,"11,12,13,14,15",Géorgie,
top14,2015/2016,Taniela Moa,Section Paloise,19,1,0,1,1985-03-11,9,Tonga,
top14,2015/2016,Teddy Iribaren,CA Brive,954,19,14,5,1990-09-25,9,France,
top14,2015/2016,Teddy Thomas,Racing 92,79,2,2,0,1993-09-18,14,France,
top14,2015/2016,Theo Belan,RC Toulon,468,12,5,7,1992-11-15,"5,12,13,14,15",France,
top14,2015/2016,Thibault Daubagna,Section Paloise,799,19,12,7,1994-05-20,"9,11",France,
top14,2015/2016,Thibault Dubarry,Racing 92,884,16,12,4,1987-11-24,"5,6,7,8",France,
top14,2015/2016,Thibault Lassalle,RC Toulon,633,14,7,7,1987-08-22,"4,5",France,
top14,2015/2016,Thibault Privat,Montpellier Herault Rugby,385,13,4,9,1979-02-06,"4,5,8",France,
top14,2015/2016,Thierry Dusautoir,Stade Toulousain,921,13,13,0,1981-11-18,"6,7",France,
top14,2015/2016,Thierry Lacrampe,Section Paloise,353,11,3,8,1988-02-23,9,France,
top14,2015/2016,Thomas Acquier,CA Brive,460,14,7,7,1989-11-21,2,France,
top14,2015/2016,Thomas Bianchin,Section Paloise,802,18,11,7,1987-08-11,2,France,
top14,2015/2016,Thomas Bordes,Oyonnax,363,13,3,10,1990-05-10,2,France,
top14,2015/2016,Thomas Combezou,Castres Olympique,1193,20,15,5,1987-01-26,"6,10,12,13",France,
top14,2015/2016,Thomas Domingo,ASM Clermont Auvergne,851,20,10,10,1985-08-20,1,France,
top14,2015/2016,Thomas Jolmes,Grenoble,356,5,5,0,1995-10-08,"4,5",France,
top14,2015/2016,Thomas Laranjeira,CA Brive,888,20,7,13,1992-05-05,"10,12,13,14",France,
top14,2015/2016,Thomas Ramos,Stade Toulousain,14,1,0,1,1995-07-23,10,France,
top14,2015/2016,Thomas Sauveterre,Montpellier Herault Rugby,22,1,0,1,1993-05-10,2,France,
top14,2015/2016,Thomas Synaeghel,Stade Rochelais,740,20,8,12,1987-04-26,1,France,
top14,2015/2016,Thomas Vernet,RC Toulon,35,1,0,1,1994-07-14,3,France,
top14,2015/2016,Timoci Matanavu,Stade Toulousain,756,11,9,2,1984-07-08,"11,14",Fidji,
top14,2015/2016,Timoci Nagusa,Montpellier Herault Rugby,1632,22,21,1,1987-07-14,"13,14",Fidji,
top14,2015/2016,Toby Flood,Stade Toulousain,1019,16,14,2,1985-08-08,"10,12,13",Angleterre,
top14,2015/2016,Tom Donnelly,Montpellier Herault Rugby,214,3,3,0,1981-10-01,4,Nouvelle Zélande,
top14,2015/2016,Tom Murday,Agen,220,3,3,0,1989-04-27,4,Australie,
top14,2015/2016,Tom Taylor,RC Toulon,740,13,9,4,1989-03-11,"10,11,12,15",Nouvelle Zélande,
top14,2015/2016,Tomas Vallejos Cinalli,Stade Francais Paris,205,4,2,2,1984-10-16,5,Argentine,
top14,2015/2016,Uini Atonio,Stade Rochelais,1019,17,16,1,1990-03-26,3,France,
top14,2015/2016,Ulupano Seuteni,RC Toulon,106,4,1,3,1993-12-09,"10,13,14",Samoa,
top14,2015/2016,Uwa Tawalo,Oyonnax,885,12,12,0,1992-02-27,11,Fidji,
top14,2015/2016,Valentin Destruels,Stade Rochelais,80,1,1,0,1995-03-29,6,France,
top14,2015/2016,Valentin Saurs,Agen,27,1,0,1,1995-02-12,14,France,
top14,2015/2016,Valentin Ursache,Oyonnax,651,10,9,1,1985-12-08,"5,6,7",Roumanie,
top14,2015/2016,Vasil Kakovin,Stade Toulousain,838,18,13,5,1989-12-01,1,Géorgie,
top14,2015/2016,Victor Lebas,CA Brive,318,10,2,8,1993-06-09,"4,5",France,
top14,2015/2016,Victor Moreaux,Castres Olympique,10,1,0,1,1993-09-19,4,France,
top14,2015/2016,Viliami Ma'afu,Oyonnax,1046,16,15,1,1982-03-09,"6,7,8",Tonga,
top14,2015/2016,Viliamu Afatia,Agen,596,15,9,6,1990-05-24,"1,3",Samoa,
top14,2015/2016,Vincent Campo,Section Paloise,249,6,3,3,1985-05-20,2,France,
top14,2015/2016,Vincent Clerc,Stade Toulousain,1759,23,22,1,1981-05-07,"9,11,14",France,
top14,2015/2016,Vincent Debaty,ASM Clermont Auvergne,195,8,1,7,1981-10-02,1,France,
top14,2015/2016,Vincent Lasmarrigues,Racing 92,5,1,0,1,1995-07-10,13,France,
top14,2015/2016,Vincent Mallet,Stade Francais Paris,14,1,0,1,1993-02-08,13,France,
top14,2015/2016,Vincent Martin,Oyonnax,562,10,7,3,1992-09-04,"12,13,14,15",France,
top14,2015/2016,Vincent Pelo,Stade Rochelais,738,15,11,4,1988-04-22,"1,3",France,
top14,2015/2016,Vincent Roux,Agen,60,4,0,4,1984-03-27,"12,13,14,15",France,
top14,2015/2016,Virgile Bruni,RC Toulon,169,5,3,2,1989-02-06,"6,7",France,
top14,2015/2016,Virgile Lacombe,Racing 92,551,16,6,10,1984-07-07,2,France,
top14,2015/2016,Vito Kolelishvili,ASM Clermont Auvergne,312,7,4,3,1989-10-09,"6,7,8",Géorgie,
top14,2015/2016,Waisea Nayacalevu,Stade Francais Paris,1097,15,13,2,1990-06-26,"11,13,14",Fidji,
top14,2015/2016,Walter Desmaison,Grenoble,412,14,3,11,1991-10-18,"1,3,5",France,
top14,2015/2016,Watisoni Votu,Section Paloise,1123,17,13,4,1985-03-25,"11,12,14",Fidji,
top14,2015/2016,Wenceslas Lauret,Racing 92,1149,16,15,1,1989-03-28,"6,7",France,
top14,2015/2016,Wesley Fofana,ASM Clermont Auvergne,801,10,10,0,1988-01-20,12,France,
top14,2015/2016,Wiaan Liebenberg,Montpellier Herault Rugby,1033,21,16,5,1992-08-31,"4,6,7",Afrique du Sud,
top14,2015/2016,Wilhelm Steenkamp,CA Brive,424,11,4,7,1985-02-07,"4,5",Afrique du Sud,
top14,2015/2016,Will Genia,Stade Francais Paris,182,3,3,0,1988-01-17,9,Australie,
top14,2015/2016,Willem Alberts,Stade Francais Paris,331,6,4,2,1984-05-11,"6,7",Afrique du Sud,
top14,2015/2016,William Demotte,Agen,1435,23,22,1,1991-05-22,"4,5",France,
top14,2015/2016,William Whetton,CA Brive,89,4,0,4,1989-10-06,"6,7",Nouvelle Zélande,
top14,2015/2016,Willie du Plessis,RC Toulon,463,7,6,1,1990-06-05,10,Afrique du Sud,
top14,2015/2016,Xavier Chauveau,Racing 92,571,16,5,11,1992-10-14,"9,15",France,
top14,2015/2016,Xavier Chiocci,RC Toulon,1096,22,17,5,1990-02-13,1,France,
top14,2015/2016,Xavier Mignot,Grenoble,1179,17,15,2,1994-01-27,"11,12,13,14",France,
top14,2015/2016,Yacouba Camara,Stade Toulousain,1100,19,14,5,1994-06-02,"4,6,7",France,
top14,2015/2016,Yann David,Stade Toulousain,922,18,12,6,1988-04-15,"12,13",France,
top14,2015/2016,Yann Lesgourgues,Union Bordeaux-Begles,675,16,8,8,1991-01-17,"6,9,10",France,
top14,2015/2016,Yannick Caballero,Castres Olympique,1098,17,14,3,1983-04-03,"6,7",France,
top14,2015/2016,Yannick Forestier,Castres Olympique,145,2,2,0,1982-01-03,1,France,
top14,2015/2016,Yannick Nyanga,Racing 92,1291,17,17,0,1983-12-19,"6,7,8",France,
top14,2015/2016,Yoann Maestri,Stade Toulousain,780,12,11,1,1988-01-14,"4,5",France,
top14,2015/2016,Yohan Montes,Castres Olympique,682,19,8,11,1985-02-07,"1,3",France,
top14,2015/2016,Yusuf Tuncer,CA Brive,23,1,0,1,1993-11-10,3,France,
top14,2015/2016,Yvan Reilhac,Montpellier Herault Rugby,52,2,0,2,1995-06-09,"11,14",France,
top14,2015/2016,Yvan Watremez,Montpellier Herault Rugby,574,19,6,13,1989-04-21,1,France,
top14,2015/2016,Zack Holmes,Stade Rochelais,1793,25,23,2,1990-05-30,"10,13",Australie,
top14,2015/2016,Zeno Kieft,Stade Rochelais,1018,22,12,10,1991-02-02,"4,5,6,7,8",Pays-Bas,
top14,2015/2016,Zurabi Zhvania,Stade Francais Paris,401,12,4,8,1991-09-23,1,Géorgie,
top14,2016/2017,Aaron Jarvis,ASM Clermont Auvergne,563,17,6,11,1986-05-20,3,Pays de Galles,
top14,2016/2017,Abdellatif Boutaty,Section Paloise|Stade Francais Paris,325,10,4,6,1983-06-04,"4,5,6",France,
top14,2016/2017,Adam Ashley-Cooper,Union Bordeaux-Begles,1506,20,18,2,1984-03-27,"12,13,14",Australie,
top14,2016/2017,Adam Jaulhac,Bayonne,746,16,10,6,1988-01-31,"4,5",France,
top14,2016/2017,Adam Whitelock,Bayonne,63,1,1,0,1987-04-17,12,Nouvelle Zélande,
top14,2016/2017,Adrien Bordenave,Bayonne,60,3,0,3,1993-07-29,1,France,
top14,2016/2017,Adrien Planté,ASM Clermont Auvergne,1080,16,15,1,1985-04-21,"11,14",France,
top14,2016/2017,Afaesetiti Amosa,Stade Rochelais,665,17,7,10,1990-10-11,"4,5,6,7,8",Samoa,
top14,2016/2017,Afusipa Taumoepeau,Castres Olympique,919,21,11,10,1990-01-26,"10,11,12,13,14,15",Tonga,
top14,2016/2017,Agustin Figuerola,Lyon,476,11,6,5,1985-01-27,9,Argentine,
top14,2016/2017,Aidon Davis,RC Toulon,193,4,2,2,1994-04-29,"6,7",Afrique du Sud,
top14,2016/2017,Akapusi Qera,Montpellier Herault Rugby,806,18,11,7,1984-04-24,"6,7,8,10",Fidji,
top14,2016/2017,Albert Vulivuli,Racing 92,847,17,8,9,1985-05-26,"11,12,13",Fidji,
top14,2016/2017,Albertus Buckle,Lyon,991,22,14,8,1983-09-09,1,Afrique du Sud,
top14,2016/2017,Aled de Malmanche,Stade Francais Paris,222,10,0,10,1984-09-11,1,Nouvelle Zélande,
top14,2016/2017,Alesana Tuilagi,RC Toulon,85,2,1,1,1981-02-24,"11,14",Samoa,
top14,2016/2017,Alex Tulou,Castres Olympique,1271,21,17,4,1987-03-21,8,Samoa,
top14,2016/2017,Alexandre Bias,Castres Olympique,812,14,11,3,1981-04-21,"6,7,8",France,
top14,2016/2017,Alexandre Dardet,Grenoble,325,14,2,12,1993-01-31,"1,2",France,
top14,2016/2017,Alexandre Dumoulin,Montpellier Herault Rugby,933,13,13,0,1989-08-24,"10,12,13",France,
top14,2016/2017,Alexandre Flanquart,Stade Francais Paris,356,9,5,4,1989-10-09,"4,5,7",France,
top14,2016/2017,Alexandre Lapandry,ASM Clermont Auvergne,1196,18,16,2,1989-04-13,"5,6,7",France,
top14,2016/2017,Alexandre Menini,Lyon,807,23,10,13,1983-08-05,1,France,
top14,2016/2017,Alexi Bales,Stade Rochelais,461,11,8,3,1990-05-30,9,France,
top14,2016/2017,Alexis Palisson,Stade Toulousain,1205,17,15,2,1987-09-09,"11,13,14,15",France,
top14,2016/2017,Ali Oz,Grenoble,208,10,1,9,1995-05-28,3,France,
top14,2016/2017,Ali Williams,Racing 92,252,7,1,6,1981-04-30,"4,5",Nouvelle Zélande,
top14,2016/2017,Alivereti Raka,ASM Clermont Auvergne,679,12,8,4,1994-12-09,"11,14,15",France,
top14,2016/2017,Aly Muldowney,Grenoble,1679,24,22,2,1983-08-03,"4,5,6",Ecosse,
top14,2016/2017,Andres Zafra,Lyon,17,1,0,1,1996-03-26,5,Colombie,
top14,2016/2017,Andrew Cramond,Section Paloise,119,2,1,1,1994-04-15,"4,5",Ecosse,
top14,2016/2017,Andries Ferreira,RC Toulon,137,5,1,4,1990-03-29,"4,5",Afrique du Sud,
top14,2016/2017,Anthony Belleau,RC Toulon,392,12,4,8,1996-04-08,"8,10,12",France,
top14,2016/2017,Anthony Etrillard,RC Toulon,748,23,7,16,1993-03-21,2,France,
top14,2016/2017,Anthony Fuertes,Stade Rochelais,176,4,3,1,1997-06-16,"9,10",France,
top14,2016/2017,Anthony Jelonch,Castres Olympique,980,17,13,4,1996-07-28,"4,6,7,8",France,
top14,2016/2017,Anthony Tuitavake,Racing 92,723,11,9,2,1982-02-12,"11,12,13",Tonga,
top14,2016/2017,Antoine Battut,Montpellier Herault Rugby,971,19,12,7,1984-01-01,"4,5,6,7,8",France,
top14,2016/2017,Antoine Burban,Stade Francais Paris,752,15,11,4,1987-07-22,"6,7",France,
top14,2016/2017,Antoine Dupont,Castres Olympique,976,26,11,15,1996-11-15,"9,10,14",France,
top14,2016/2017,Antoine Gibert,Racing 92,9,1,0,1,1997-12-31,10,France,
top14,2016/2017,Antoine Guillamon,Montpellier Herault Rugby,625,15,7,8,1991-06-04,"3,7",France,
top14,2016/2017,Antoine Tichit,Castres Olympique,1157,25,16,9,1989-06-13,1,France,
top14,2016/2017,Antonie Claassen,Racing 92,781,19,11,8,1984-10-20,"6,7,8",France,
top14,2016/2017,Aretz Iguiniz,Bayonne,1048,20,16,4,1983-06-03,"1,3",France,
top14,2016/2017,Armand Batlle,Grenoble,1317,20,17,3,1987-04-12,"11,14,15",France,
top14,2016/2017,Arnaud Heguy,Grenoble,819,14,10,4,1985-01-23,2,France,
top14,2016/2017,Arnaud Mela,CA Brive,789,16,10,6,1980-01-19,"4,5",France,
top14,2016/2017,Arnaud Mignardi,CA Brive,1518,22,18,4,1986-11-01,"12,13",France,
top14,2016/2017,Arno van Wyk,Montpellier Herault Rugby,21,4,0,4,1994-05-19,2,Afrique du Sud,
top14,2016/2017,Arthur Bonneval,Stade Toulousain,880,11,11,0,1995-05-31,"11,14",France,
top14,2016/2017,Arthur Coville,Stade Francais Paris,24,2,0,2,1998-02-04,9,France,
top14,2016/2017,Arthur Iturria,ASM Clermont Auvergne,991,17,11,6,1994-05-13,"4,5,9",France,
top14,2016/2017,Arthur Retiere,Stade Rochelais,716,17,8,9,1997-08-01,"9,11,14,15",France,
top14,2016/2017,Atila Septar,ASM Clermont Auvergne,15,2,0,2,1996-06-02,"12,13",France,
top14,2016/2017,Aurelien Rougerie,ASM Clermont Auvergne,1075,21,12,9,1980-09-26,"13,14",France,
top14,2016/2017,Axel Muller,RC Toulon,794,11,10,1,1993-11-25,"11,14",Argentine,
top14,2016/2017,Ayumu Goromaru,RC Toulon,278,5,4,1,1986-03-01,15,Japon,
top14,2016/2017,BJ Botha,Lyon,424,14,4,10,1980-01-04,3,Afrique du Sud,
top14,2016/2017,Badri Alkhazashvili,RC Toulon,48,2,1,1,1995-07-31,2,Géorgie,
top14,2016/2017,Baptiste Chouzenoux,Bayonne,1442,22,18,4,1993-08-07,"4,7",France,
top14,2016/2017,Baptiste Couilloud,Lyon,570,13,7,6,1997-07-22,"7,9",France,
top14,2016/2017,Baptiste Serin,Union Bordeaux-Begles,934,16,12,4,1994-06-20,"9,10",France,
top14,2016/2017,Bastien Duhalde,Bayonne,187,6,2,4,1993-01-04,"8,9,15",France,
top14,2016/2017,Bastien Fuster,Bayonne,776,13,8,5,1992-01-21,"10,11,13,14",Espagne,
top14,2016/2017,Bastien Guillemin,Grenoble,9,1,0,1,1997-09-22,13,France,
top14,2016/2017,Bastien Pourailly,Section Paloise,523,7,7,0,1994-01-31,"11,14",France,
top14,2016/2017,Bastien Soury,RC Toulon,39,2,0,2,1995-03-18,2,France,
top14,2016/2017,Ben Barba,RC Toulon,96,4,1,3,1989-06-13,"12,14,15",Australie,
top14,2016/2017,Ben Botica,Montpellier Herault Rugby,342,8,4,4,1989-10-07,"10,12,13,15",Nouvelle Zélande,
top14,2016/2017,Ben Broster,Bayonne,221,8,2,6,1982-05-07,"1,3",Angleterre,
top14,2016/2017,Ben Hand,Grenoble,311,7,5,2,1982-04-24,"4,6",Australie,
top14,2016/2017,Ben Mowen,Section Paloise,608,13,9,4,1984-12-01,"6,8",Australie,
top14,2016/2017,Ben Tameifuna,Racing 92,1020,21,16,5,1991-08-30,"1,3",Tonga,
top14,2016/2017,Benat Auzqui,Union Bordeaux-Begles,164,8,0,8,1983-08-01,2,France,
top14,2016/2017,Benito Masilevu,CA Brive,1120,19,13,6,1989-10-07,"11,12,14",Fidji,
top14,2016/2017,Benjamin Dambielle,Racing 92,318,10,3,7,1985-07-15,"10,14,15",France,
top14,2016/2017,Benjamin Espinal,Stade Francais Paris,13,1,0,1,1991-03-19,3,Argentine,
top14,2016/2017,Benjamin Fall,Montpellier Herault Rugby,1120,16,15,1,1989-04-29,"11,14,15",France,
top14,2016/2017,Benjamin Kayser,ASM Clermont Auvergne,1033,20,13,7,1984-07-26,2,France,
top14,2016/2017,Benjamin Lapeyre,CA Brive,1116,18,14,4,1986-09-24,"11,14,15",France,
top14,2016/2017,Benjamin Noble,Stade Rochelais,231,8,2,6,1997-05-30,"10,12,15",France,
top14,2016/2017,Benjamin Petre,CA Brive,156,3,3,0,1990-01-04,"12,13",France,
top14,2016/2017,Benjamin Thiery,Bayonne,347,6,4,2,1984-06-02,"10,12,15",France,
top14,2016/2017,Benjamin Urdapilleta,Castres Olympique,1522,24,19,5,1986-03-11,"9,10,15",Argentine,
top14,2016/2017,Benoit Paillaugue,Montpellier Herault Rugby,755,17,9,8,1987-11-17,"5,9",France,
top14,2016/2017,Benson Stanley,ASM Clermont Auvergne,1204,22,14,8,1984-09-11,"11,12,13,14",France,
top14,2016/2017,Berend Botha,Union Bordeaux-Begles,84,4,0,4,1988-03-11,"4,5",Afrique du Sud,
top14,2016/2017,Bernard Le Roux,Racing 92,890,13,12,1,1989-06-04,"4,5,7",France,
top14,2016/2017,Bismarck du Plessis,Montpellier Herault Rugby,794,13,13,0,1984-05-22,2,Afrique du Sud,
top14,2016/2017,Blair Connor,Union Bordeaux-Begles,1688,22,22,0,1988-09-29,11,Australie,
top14,2016/2017,Brandon Fajardo,Section Paloise,427,11,3,8,1994-06-25,"10,13",France,
top14,2016/2017,Brice Dulin,Racing 92,1811,24,24,0,1990-04-13,15,France,
top14,2016/2017,Brice Mach,Castres Olympique,412,15,4,11,1986-04-02,2,France,
top14,2016/2017,Brock James,Stade Rochelais,1481,22,19,3,1981-10-22,10,France,
top14,2016/2017,Bryan Habana,RC Toulon,885,12,11,1,1983-06-12,"10,11",Afrique du Sud,
top14,2016/2017,Cameron Mapusua,Lyon,141,6,1,5,1993-08-03,"2,6",Nouvelle Zélande,
top14,2016/2017,Cameron Wright,Montpellier Herault Rugby,32,3,0,3,1994-04-20,9,Afrique du Sud,
top14,2016/2017,Camille Chat,Racing 92,554,17,4,13,1995-12-18,2,France,
top14,2016/2017,Camille Gerondeau,ASM Clermont Auvergne,828,15,10,5,1988-03-12,"4,6,7,8",France,
top14,2016/2017,Camille Lopez,ASM Clermont Auvergne,969,16,11,5,1989-04-03,"10,15",France,
top14,2016/2017,Carl Axtens,Stade Toulousain,317,8,4,4,1991-08-26,"5,7,8",Nouvelle Zélande,
top14,2016/2017,Carl Fearns,Lyon,1466,20,19,1,1989-05-28,"7,8",Angleterre,
top14,2016/2017,Casey Laulala,Racing 92,1008,17,15,2,1982-05-03,"11,12,13",Samoa,
top14,2016/2017,Cedate Gomes Sa,Racing 92,336,12,2,10,1993-08-07,"1,3",France,
top14,2016/2017,Census Johnston,Stade Toulousain,831,19,9,10,1981-05-06,3,Samoa,
top14,2016/2017,Charl McLeod,Grenoble,791,15,10,5,1983-08-05,9,Afrique du Sud,
top14,2016/2017,Charles Bouldoire,Stade Rochelais,298,6,4,2,1993-06-08,"12,15",France,
top14,2016/2017,Charles Geli,Montpellier Herault Rugby,473,9,5,4,1987-03-26,2,France,
top14,2016/2017,Charles Ollivon,RC Toulon,723,13,9,4,1993-05-11,"5,6,7,8",France,
top14,2016/2017,Charles Reynaert,Racing 92,22,1,0,1,1995-09-28,12,Belgique,
top14,2016/2017,Charlie Cassang,ASM Clermont Auvergne,375,11,4,7,1995-02-08,"4,9,10",France,
top14,2016/2017,Charlie Francoz,Stade Rochelais,49,2,0,2,1998-06-03,5,France,
top14,2016/2017,Charly Malie,Section Paloise,1475,24,18,6,1991-11-05,"7,10,12,14,15",Espagne,
top14,2016/2017,Chris Farrell,Grenoble,1526,20,20,0,1993-03-16,13,Irlande,
top14,2016/2017,Chris King,Section Paloise,261,11,1,10,1981-04-30,"1,3",Nouvelle Zélande,
top14,2016/2017,Chris Masoe,Racing 92,1416,24,17,7,1979-05-15,"6,7,8,9",Nouvelle Zélande,
top14,2016/2017,Chris Tuatara-Morrison,CA Brive,223,3,3,0,1986-09-11,12,Australie,
top14,2016/2017,Christian Njewel,Lyon,235,5,2,3,1990-03-22,"4,5",Cameroun,
top14,2016/2017,Christophe Samson,Castres Olympique,385,9,4,5,1984-03-01,"4,5",France,
top14,2016/2017,Christopher Tolofua,Stade Toulousain,619,14,8,6,1993-12-31,2,France,
top14,2016/2017,Clement Daguin,Stade Francais Paris,408,13,4,9,1992-05-25,9,France,
top14,2016/2017,Clement Gelin,Grenoble,578,9,5,4,1993-11-08,"12,13,14,15",France,
top14,2016/2017,Clement Maynadier,Union Bordeaux-Begles,852,18,14,4,1988-10-11,2,France,
top14,2016/2017,Clément Ric,ASM Clermont Auvergne,611,16,8,8,1988-07-18,3,France,
top14,2016/2017,Colin Slade,Section Paloise,1110,17,16,1,1987-10-10,"10,15",Nouvelle Zélande,
top14,2016/2017,Conrad Smith,Section Paloise,1050,14,14,0,1981-10-12,13,Nouvelle Zélande,
top14,2016/2017,Craig Burden,Stade Francais Paris,301,10,4,6,1985-05-13,2,Afrique du Sud,
top14,2016/2017,Curtis Browning,Lyon,394,7,5,2,1993-10-30,"7,8,9",Australie,
top14,2016/2017,Cyril Baille,Stade Toulousain,532,14,5,9,1993-09-15,1,France,
top14,2016/2017,Cyril Cazeaux,Union Bordeaux-Begles,1375,26,16,10,1995-02-10,"4,5",France,
top14,2016/2017,Damian Penaud,ASM Clermont Auvergne,987,17,14,3,1996-09-25,"12,13",France,
top14,2016/2017,Damien Chouly,ASM Clermont Auvergne,1047,16,12,4,1985-11-27,"6,7,8",France,
top14,2016/2017,Damien Jourdain,CA Brive,689,17,10,7,1986-10-07,3,France,
top14,2016/2017,Damien Lagrange,Stade Rochelais,456,13,6,7,1987-07-04,"4,5,6,7",France,
top14,2016/2017,Damien Lavergne,CA Brive,95,4,1,3,1991-12-15,1,France,
top14,2016/2017,Damien Tussac,Castres Olympique,829,21,9,12,1988-01-02,3,France,
top14,2016/2017,Dan Carter,Racing 92,1247,18,18,0,1982-03-05,"10,12",Nouvelle Zélande,
top14,2016/2017,Daniel Kotze,Castres Olympique,1145,21,17,4,1987-03-28,3,France,
top14,2016/2017,Daniel Ramsay,Section Paloise,851,22,6,16,1984-06-01,"4,5",Nouvelle Zélande,
top14,2016/2017,Dany Priso,Stade Rochelais,316,10,2,8,1994-01-02,1,France,
top14,2016/2017,Darly Domvo,Union Bordeaux-Begles,241,4,3,1,1992-04-03,15,France,
top14,2016/2017,David Attoub,Lyon,359,10,5,5,1981-06-07,3,France,
top14,2016/2017,David Feao,Stade Rochelais,123,5,1,4,1990-10-06,3,Australie,
top14,2016/2017,David Mele,Grenoble,926,18,13,5,1985-10-22,"9,10",France,
top14,2016/2017,David Menage,Bayonne,15,2,0,2,1995-04-23,2,France,
top14,2016/2017,David Raikuna,Stade Rochelais,51,2,0,2,1987-08-18,"10,14",Fidji,
top14,2016/2017,David Smith,Castres Olympique,2078,26,26,0,1986-10-12,"11,14",Samoa,
top14,2016/2017,David Strettle,ASM Clermont Auvergne,1284,17,17,0,1983-06-23,14,Angleterre,
top14,2016/2017,Davit Khinchagishvili,Bayonne,320,8,5,3,1982-07-24,"1,3",France,
top14,2016/2017,Davit Kubriashvili,Montpellier Herault Rugby,597,12,9,3,1986-12-03,3,Géorgie,
top14,2016/2017,Davit Zirakashvili,ASM Clermont Auvergne,1018,19,14,5,1983-10-10,3,Géorgie,
top14,2016/2017,Dayna Edwards,Grenoble,1027,20,12,8,1985-03-14,3,Nouvelle Zélande,
top14,2016/2017,Delon Armitage,Lyon,1311,17,17,0,1983-12-15,15,Angleterre,
top14,2016/2017,Demetri Catrakilis,Montpellier Herault Rugby,749,15,10,5,1989-07-06,"10,12,14",Afrique du Sud,
top14,2016/2017,Denis Coulson,Grenoble,635,14,8,6,1994-06-15,"1,4",Irlande,
top14,2016/2017,Deon Fourie,Lyon,571,14,5,9,1986-09-25,"6,7,8,9",Afrique du Sud,
top14,2016/2017,Didier Tison,Lyon,55,1,1,0,1993-10-14,6,France,
top14,2016/2017,Dimitri Szarzewski,Racing 92,926,17,15,2,1983-01-26,2,France,
top14,2016/2017,Djibril Camara,Stade Francais Paris,635,11,10,1,1989-06-22,"11,14,15",France,
top14,2016/2017,Dominiko Waqaniburotu,CA Brive,874,17,11,6,1986-04-20,"3,4,6,7,8",Fidji,
top14,2016/2017,Dorian Aldegheri,Stade Toulousain,888,20,13,7,1993-08-04,3,France,
top14,2016/2017,Drew Mitchell,RC Toulon,967,14,13,1,1984-03-26,"11,14,15",Australie,
top14,2016/2017,Duane Vermeulen,RC Toulon,1455,19,19,0,1986-07-03,8,Afrique du Sud,
top14,2016/2017,Duhan van der Merwe,Montpellier Herault Rugby,226,4,1,3,1995-06-04,"11,13,14",Afrique du Sud,
top14,2016/2017,Dylan Cretin,Lyon,93,2,1,1,1997-05-04,"7,8",France,
top14,2016/2017,Dylan Hayes,Grenoble,416,11,5,6,1994-02-11,"4,5,7,8",Nouvelle Zélande,
top14,2016/2017,Dylan Jacquot,Grenoble,172,8,1,7,1995-02-06,1,France,
top14,2016/2017,Eddie Sawailau,Grenoble,1249,18,14,4,1996-04-04,"11,12,14",Fidji,
top14,2016/2017,Eddy Ben Arous,Racing 92,782,15,11,4,1990-08-25,1,France,
top14,2016/2017,Edwin Maka,Stade Toulousain,273,9,2,7,1993-02-25,"4,5,7,8",France,
top14,2016/2017,Eliott Roudil,Stade Rochelais,412,11,4,7,1996-10-30,"7,10,11,12,14,15",France,
top14,2016/2017,Emerick Setiano,RC Toulon,29,2,0,2,1996-07-19,3,France,
top14,2016/2017,Emmanuel Felsina,Stade Francais Paris,316,7,5,2,1985-02-22,1,France,
top14,2016/2017,Emmanuel Saubusse,Bayonne,1143,26,13,13,1989-11-23,"9,10,12",France,
top14,2016/2017,Entienne Swanepoel,Stade Francais Paris,49,2,1,1,1993-03-09,3,Afrique du Sud,
top14,2016/2017,Enzo Pakihivatau,Lyon,9,1,0,1,1996-06-08,2,France,
top14,2016/2017,Enzo Sanga,ASM Clermont Auvergne,40,1,1,0,1995-05-19,9,France,
top14,2016/2017,Eric Escande,RC Toulon,701,16,10,6,1992-11-18,"9,14",France,
top14,2016/2017,Eric Sione,Castres Olympique,53,3,0,3,1992-10-29,3,Samoa,
top14,2016/2017,Etienne Dussarte,Racing 92,176,5,2,3,1993-02-05,"10,11,12",France,
top14,2016/2017,Etienne Falgoux,ASM Clermont Auvergne,786,21,10,11,1993-01-19,1,France,
top14,2016/2017,Etienne Fourcade,Grenoble,35,1,1,0,1997-04-11,2,France,
top14,2016/2017,Evrard Dion Oulai,Bayonne,182,6,1,5,1993-06-22,"4,5,7",Côte d'Ivoire,
top14,2016/2017,Fabien Alexandre,Grenoble,1403,23,20,3,1985-05-14,"7,8",France,
top14,2016/2017,Fabien Gengenbacher,Grenoble,353,6,6,0,1984-01-13,15,France,
top14,2016/2017,Fabien Sanconnie,CA Brive,962,19,13,6,1995-02-21,"5,6,7,8",France,
top14,2016/2017,Fabrice Estebanez,Grenoble,640,11,9,2,1981-12-26,"12,13,15",France,
top14,2016/2017,Fabrice Metz,Section Paloise,1521,25,18,7,1991-01-23,"4,5,8",France,
top14,2016/2017,Facundo Isa,Lyon,419,7,5,2,1993-09-21,"7,8",Argentine,
top14,2016/2017,Felix Lambey,Lyon,736,17,10,7,1994-03-15,"4,5,7,8",France,
top14,2016/2017,Felix le Bourhis,Bayonne,1541,22,22,0,1988-04-07,13,France,
top14,2016/2017,Flip van der Merwe,ASM Clermont Auvergne,986,19,13,6,1985-06-06,"3,4,5,6",Afrique du Sud,
top14,2016/2017,Florian Fresia,RC Toulon,830,18,13,5,1992-01-17,1,France,
top14,2016/2017,Florian Fritz,Stade Toulousain,1221,20,17,3,1984-01-17,"7,12,13,15",France,
top14,2016/2017,Florian Verhaeghe,Stade Toulousain,80,1,1,0,1997-04-27,4,France,
top14,2016/2017,Florian Vialelle,Castres Olympique,586,12,6,6,1993-10-05,"12,13",France,
top14,2016/2017,Francisco Gomez Kodela,Lyon,1183,23,17,6,1985-07-03,3,France,
top14,2016/2017,Franck Pourteau,Racing 92,151,2,2,0,1996-04-01,10,France,
top14,2016/2017,Franck Romanet,Lyon,151,2,2,0,1986-05-02,11,France,
top14,2016/2017,Francois Cros,Stade Toulousain,1040,18,12,6,1994-03-25,"6,7,8",France,
top14,2016/2017,Francois Da Ros,CA Brive,1034,23,13,10,1983-09-29,2,France,
top14,2016/2017,Francois Steyn,Montpellier Herault Rugby,1635,22,20,2,1987-05-14,"10,12,13",Afrique du Sud,
top14,2016/2017,Francois Trinh-Duc,RC Toulon,1029,15,14,1,1986-11-11,"10,13",France,
top14,2016/2017,Francois van der Merwe,Racing 92,696,14,9,5,1983-10-04,"4,5",France,
top14,2016/2017,Fritz Lee,ASM Clermont Auvergne,1151,18,15,3,1988-08-29,"6,8",Samoa,
top14,2016/2017,Frédéric Michalak,Lyon,918,19,13,6,1982-10-16,"9,10",France,
top14,2016/2017,Fulgence Ouedraogo,Montpellier Herault Rugby,1777,24,22,2,1986-07-21,"6,7,11",France,
top14,2016/2017,Gabriel Lacroix,Stade Rochelais,1351,19,18,1,1993-10-19,"11,12,14",France,
top14,2016/2017,Gaby Lovobalavu,Bayonne,1591,22,21,1,1985-06-20,"12,13",Fidji,
top14,2016/2017,Gael Fickou,Stade Toulousain,1092,14,14,0,1994-03-26,"12,13",France,
top14,2016/2017,Gaetan Germain,CA Brive,1780,24,23,1,1990-07-02,"13,15",France,
top14,2016/2017,Gagi Bazadze,Montpellier Herault Rugby,91,7,0,7,1992-09-12,3,Géorgie,
top14,2016/2017,Gauthier Brute de Remur,Union Bordeaux-Begles,2,1,0,1,1995-02-18,2,France,
top14,2016/2017,Gauthier Doubrere,Union Bordeaux-Begles,50,4,0,4,1995-12-24,9,France,
top14,2016/2017,Geoffrey Cros,Union Bordeaux-Begles,68,1,1,0,1997-03-08,14,France,
top14,2016/2017,Geoffrey Doumayrou,Stade Francais Paris,1103,18,16,2,1989-09-16,"12,13,14",France,
top14,2016/2017,Geoffrey Moise,Section Paloise,273,7,5,2,1991-08-20,1,France,
top14,2016/2017,Geoffrey Palis,Castres Olympique,1334,18,18,0,1991-07-08,15,France,
top14,2016/2017,Gerbrandt Grobler,Racing 92,877,16,12,4,1992-02-06,"4,5",Afrique du Sud,
top14,2016/2017,Gerhard Mostert,Stade Francais Paris,21,1,0,1,1984-10-04,5,Afrique du Sud,
top14,2016/2017,Gilles Bosch,Grenoble,689,19,8,11,1990-07-12,"10,14",France,
top14,2016/2017,Gillian Galan,Stade Toulousain,843,19,11,8,1991-08-07,"6,7,8",France,
top14,2016/2017,Gio Aplon,Grenoble,951,13,13,0,1982-10-06,"14,15",Afrique du Sud,
top14,2016/2017,Giorgi Melikidze,Stade Francais Paris,287,12,2,10,1996-05-24,"1,3",Géorgie,
top14,2016/2017,Giovanni Habel-Kueffner,Section Paloise,24,2,0,2,1995-01-09,"4,8",Allemagne,
top14,2016/2017,Gregory Annetta,RC Toulon,4,1,0,1,1994-12-30,8,France,
top14,2016/2017,Gregory Fichten,Montpellier Herault Rugby,832,21,10,11,1990-08-13,1,France,
top14,2016/2017,Gregory Lamboley,Stade Toulousain,713,17,7,10,1982-01-12,"4,5,6,7,8",France,
top14,2016/2017,Grégory Arganese,Bayonne,693,19,11,8,1982-09-15,"2,7,8",France,
top14,2016/2017,Guilhem Guirado,RC Toulon,1003,19,15,4,1986-06-17,2,France,
top14,2016/2017,Guillaume Ducat,Bayonne,97,5,0,5,1996-05-25,"4,5,7",France,
top14,2016/2017,Guillaume Namy,CA Brive,497,7,7,0,1989-04-03,"11,14",France,
top14,2016/2017,Guillaume Ribes,CA Brive,722,18,10,8,1984-11-18,2,France,
top14,2016/2017,Guillaume Rouet,Bayonne,805,17,11,6,1988-08-13,9,Espagne,
top14,2016/2017,Gurthro Steenkamp,Stade Toulousain,742,18,11,7,1981-06-12,1,Afrique du Sud,
top14,2016/2017,Hamza Kaabeche,Lyon,25,1,0,1,1996-09-23,3,France,
top14,2016/2017,Heinke van der Merwe,Stade Francais Paris,936,17,15,2,1985-05-03,1,Afrique du Sud,
top14,2016/2017,Hemani Paea,Lyon,1279,17,17,0,1985-07-30,"12,13",Tonga,
top14,2016/2017,Hendrik Roodt,Grenoble,1062,17,14,3,1987-11-06,"4,5,6",Afrique du Sud,
top14,2016/2017,Henry Chavancy,Racing 92,1649,21,21,0,1988-05-22,"12,13",France,
top14,2016/2017,Henry Clunies-Ross,Lyon,243,6,3,3,1994-06-02,"11,13,14,15",Australie,
top14,2016/2017,Henry Immelman,Montpellier Herault Rugby,424,9,4,5,1995-05-26,"10,11,13,15",Afrique du Sud,
top14,2016/2017,Henry Vanderglas,Grenoble,313,8,2,6,1985-05-09,"4,6,7,8,14",Australie,
top14,2016/2017,Hikairo Forbes,Stade Rochelais,822,18,12,6,1986-03-05,2,Nouvelle Zélande,
top14,2016/2017,Horacio Agulla,Castres Olympique,942,14,13,1,1984-10-22,"13,14",Argentine,
top14,2016/2017,Hosea Gear,ASM Clermont Auvergne|Lyon,869,14,10,4,1984-03-16,"11,13,14",Nouvelle Zélande,
top14,2016/2017,Hugh Chalmers,Union Bordeaux-Begles,1540,24,20,4,1984-11-28,"6,7,8",Nouvelle Zélande,
top14,2016/2017,Hugh Pyle,Stade Francais Paris,1454,21,19,2,1988-09-21,"4,5",Australie,
top14,2016/2017,Hugo Bonneval,Stade Francais Paris,1621,22,20,2,1990-11-19,"10,12,13,15",France,
top14,2016/2017,Ian Madigan,Union Bordeaux-Begles,639,15,7,8,1989-03-21,"10,12",Irlande,
top14,2016/2017,Ibrahim Diarra,Section Paloise,46,1,1,0,1983-05-25,6,France,
top14,2016/2017,Isaia Toeava,ASM Clermont Auvergne,403,8,6,2,1986-01-15,"12,15",Samoa,
top14,2016/2017,Jacques du Plessis,Montpellier Herault Rugby,1190,17,16,1,1993-08-12,"4,5,7",Afrique du Sud,
top14,2016/2017,Jacques-Louis Potgieter,Lyon,403,11,5,6,1984-09-02,"9,10",Afrique du Sud,
top14,2016/2017,Jale Vatubua,Section Paloise,1668,23,21,2,1991-08-30,"12,13",Fidji,
top14,2016/2017,James Coughlan,Section Paloise,1183,20,16,4,1980-12-09,"7,8",Irlande,
top14,2016/2017,James Hart,Racing 92,767,19,9,10,1991-07-28,9,France,
top14,2016/2017,James O'Connor,RC Toulon,813,14,11,3,1990-07-05,"9,11,12,13,14,15",Australie,
top14,2016/2017,Jamie Mackintosh,Section Paloise,1177,23,13,10,1985-02-20,1,Nouvelle Zélande,
top14,2016/2017,Jan Uys,CA Brive,599,12,7,5,1994-01-03,"4,5,7",Afrique du Sud,
top14,2016/2017,Jandre Marais,Union Bordeaux-Begles,943,16,14,2,1989-06-14,"4,5,7",Afrique du Sud,
top14,2016/2017,Jannie du Plessis,Montpellier Herault Rugby,801,19,11,8,1982-11-16,3,Afrique du Sud,
top14,2016/2017,Jarrod Firth,Grenoble,35,3,0,3,1991-12-03,3,Nouvelle Zélande,
top14,2016/2017,Jason Eaton,Stade Rochelais,1559,23,18,5,1982-08-21,"4,5,6,7",Nouvelle Zélande,
top14,2016/2017,Jayden Spence,Union Bordeaux-Begles,1062,15,13,2,1991-08-14,"12,13",Nouvelle Zélande,
top14,2016/2017,Jean Monribot,Bayonne,977,13,13,0,1987-10-11,"6,8",France,
top14,2016/2017,Jean-Baptiste De Clercq,Stade Francais Paris,10,1,0,1,1994-02-23,2,Belgique,
top14,2016/2017,Jean-Baptiste Dubie,Union Bordeaux-Begles,1009,16,14,2,1989-07-16,"11,12,13,14",France,
top14,2016/2017,Jean-Baptiste Pejoine,CA Brive,652,23,7,16,1980-07-17,"7,9",France,
top14,2016/2017,Jean-Baptiste Poux,Union Bordeaux-Begles,222,8,1,7,1979-09-26,"1,3",France,
top14,2016/2017,Jean-Blaise Lespinasse,Bayonne,101,3,0,3,1994-01-05,"4,5,8",France,
top14,2016/2017,Jean-Charles Orioli,RC Toulon,468,11,6,5,1989-08-09,2,France,
top14,2016/2017,Jean-Joseph Marmouyet,Bayonne,676,16,7,9,1984-08-09,"4,5,6,7,8,9",France,
top14,2016/2017,Jean-Marc Doussain,Stade Toulousain,1101,17,14,3,1991-02-12,"9,10",France,
top14,2016/2017,Jean-Marcellin Buttin,Union Bordeaux-Begles,1234,19,16,3,1991-12-16,"12,15",France,
top14,2016/2017,Jean-Victor Goillot,Stade Rochelais,12,2,0,2,1998-02-10,9,France,
top14,2016/2017,Jefferson Poirot,Union Bordeaux-Begles,771,16,12,4,1992-11-01,1,France,
top14,2016/2017,Jeremie Maurouard,Stade Rochelais,1111,25,12,13,1992-09-23,"2,7",France,
top14,2016/2017,Jeremy Hurou,Section Paloise,467,14,8,6,1984-03-26,1,France,
top14,2016/2017,Jeremy Sinzelle,Stade Francais Paris,1431,22,16,6,1990-07-02,"11,13,14,15",France,
top14,2016/2017,Jeremy Valencot,Grenoble,9,1,0,1,1997-02-28,9,France,
top14,2016/2017,Jesse Mogg,Montpellier Herault Rugby,583,12,7,5,1989-06-08,"11,13,15",Australie,
top14,2016/2017,Jimmy Yobo,RC Toulon,532,9,6,3,1992-02-20,"11,12,14",France,
top14,2016/2017,Jocelino Suta,RC Toulon,534,13,7,6,1982-11-18,"4,5,6",France,
top14,2016/2017,Jody Jenneker,Castres Olympique,1177,21,17,4,1984-04-10,2,Afrique du Sud,
top14,2016/2017,Joe Rokocoko,Racing 92,1372,19,17,2,1983-06-06,"12,13,14,15",Nouvelle Zélande,
top14,2016/2017,Joe Tekori,Stade Toulousain,1327,25,17,8,1983-12-17,"4,5,6,7,8",Samoa,
top14,2016/2017,Joe Tomane,Montpellier Herault Rugby,1296,17,17,0,1990-02-11,"11,12,13,14",Australie,
top14,2016/2017,Joel Sclavi,Section Paloise,34,2,0,2,1994-06-25,3,Argentine,
top14,2016/2017,Joffrey Michel,Montpellier Herault Rugby,813,16,11,5,1987-03-04,"10,11,14,15",France,
top14,2016/2017,Johan Aliouat,Union Bordeaux-Begles,101,2,1,1,1993-01-22,4,France,
top14,2016/2017,Johan Goosen,Racing 92,156,2,2,0,1992-07-27,"10,15",Afrique du Sud,
top14,2016/2017,Johan Snyman,CA Brive,753,12,10,2,1986-07-09,"4,5",Afrique du Sud,
top14,2016/2017,John Beattie,Bayonne,1035,18,15,3,1985-11-21,"6,7,8",Ecosse,
top14,2016/2017,John Ulugia,ASM Clermont Auvergne,937,20,11,9,1986-01-17,2,Nouvelle Zélande,
top14,2016/2017,Jon Zabala,Bayonne,16,1,0,1,1996-11-26,3,Espagne,
top14,2016/2017,Jonathan Best,Grenoble,244,4,3,1,1983-08-02,"5,6",France,
top14,2016/2017,Jonathan Danty,Stade Francais Paris,897,14,12,2,1992-10-07,"11,12,13",France,
top14,2016/2017,Jonathan Pelissie,RC Toulon,256,7,3,4,1988-06-06,"9,11,14",France,
top14,2016/2017,Jonathan Wisniewski,Grenoble,1170,19,15,4,1985-07-16,10,France,
top14,2016/2017,Jone Qovu Nailiko,Stade Rochelais,1343,21,16,5,1985-07-26,"4,5,7,8",Fidji,
top14,2016/2017,Jono Ross,Stade Francais Paris,911,14,14,0,1990-10-27,"6,7,8",Afrique du Sud,
top14,2016/2017,Jordan Seneca,Stade Rochelais,67,4,0,4,1991-12-03,"1,2",France,
top14,2016/2017,Josaia Raisuqe,Stade Francais Paris,254,5,3,2,1994-07-22,"11,13,14",Fidji,
top14,2016/2017,Josaia Vakacegu,Union Bordeaux-Begles,156,5,1,4,1988-10-28,"12,13,14",Fidji,
top14,2016/2017,Jose Ramon Ayarza,Bayonne,138,4,0,4,1993-08-28,1,Chili,
top14,2016/2017,Joseph Edwards,Union Bordeaux-Begles,73,4,0,4,1993-09-21,"6,8",Nouvelle Zélande,
top14,2016/2017,Josh Bekhuis,Lyon,972,23,6,17,1986-04-26,"3,4,5,7",Nouvelle Zélande,
top14,2016/2017,Josua Tuisova,RC Toulon,943,13,12,1,1994-02-04,14,Fidji,
top14,2016/2017,Juan Imhoff,Racing 92,1741,23,23,0,1988-05-11,"11,14",Argentine,
top14,2016/2017,Juan Martin Fernandez Lobbe,RC Toulon,1039,23,12,11,1981-11-19,"4,5,6,7,8",Argentine,
top14,2016/2017,Juan Smith,RC Toulon,968,15,13,2,1981-07-30,6,Afrique du Sud,
top14,2016/2017,Juandre Kruger,RC Toulon,1385,22,17,5,1985-09-06,"4,5,6,7",Afrique du Sud,
top14,2016/2017,Judicael Cancoriet,ASM Clermont Auvergne,1047,16,13,3,1996-04-25,"6,7",France,
top14,2016/2017,Jules Le Bail,Stade Rochelais,57,4,0,4,1992-02-09,"9,10",France,
top14,2016/2017,Jules Plisson,Stade Francais Paris,1210,18,15,3,1991-08-20,10,France,
top14,2016/2017,Julien Arias,Stade Francais Paris,830,16,9,7,1983-10-26,"11,12,13,14",France,
top14,2016/2017,Julien Audy,Union Bordeaux-Begles,132,6,2,4,1984-11-21,9,France,
top14,2016/2017,Julien Bardy,ASM Clermont Auvergne,214,3,3,0,1986-04-03,"6,7",Portugal,
top14,2016/2017,Julien Bonnaire,Lyon,715,14,9,5,1978-09-20,"6,7",France,
top14,2016/2017,Julien Brugnaut,Racing 92,228,5,3,2,1981-11-17,1,France,
top14,2016/2017,Julien Caminati,Castres Olympique,572,8,8,0,1985-10-28,14,France,
top14,2016/2017,Julien Delannoy,Montpellier Herault Rugby,20,3,0,3,1995-06-15,5,France,
top14,2016/2017,Julien Dumora,Castres Olympique,914,24,8,16,1988-03-24,"10,14,15",France,
top14,2016/2017,Julien Dupuy,Stade Francais Paris,766,17,10,7,1983-12-19,9,France,
top14,2016/2017,Julien Fumat,Section Paloise,743,11,10,1,1987-03-26,"11,13,14",France,
top14,2016/2017,Julien Jane,Bayonne,843,15,12,3,1989-09-12,"10,11,12,13",France,
top14,2016/2017,Julien Ledevedec,CA Brive,1159,18,17,1,1986-06-04,"4,6,8",France,
top14,2016/2017,Julien Marchand,Stade Toulousain,820,21,10,11,1995-05-10,2,France,
top14,2016/2017,Julien Pierre,Section Paloise,754,14,14,0,1981-07-31,5,France,
top14,2016/2017,Julien Puricelli,Lyon,1619,21,20,1,1981-08-01,6,France,
top14,2016/2017,Julien Rey,Union Bordeaux-Begles,1321,19,18,1,1986-09-01,"12,13",France,
top14,2016/2017,Julien Seron,Castres Olympique,107,5,0,5,1983-11-14,9,France,
top14,2016/2017,Julien Tisseron,Bayonne,527,9,6,3,1995-08-12,"11,14,15",France,
top14,2016/2017,Julien Tomas,Section Paloise,838,18,12,6,1985-04-21,"8,9",France,
top14,2016/2017,Jérôme Porical,Lyon,371,5,4,1,1985-09-20,"13,15",France,
top14,2016/2017,Jérôme Schuster,Bayonne,493,18,5,13,1985-05-29,1,France,
top14,2016/2017,Kade Poki,Bayonne,612,8,8,0,1988-01-17,"11,14",Nouvelle Zélande,
top14,2016/2017,Karim Qadiri,Stade Francais Paris,54,1,1,0,1996-02-16,11,France,
top14,2016/2017,Karlen Asieshvili,CA Brive,901,20,12,8,1987-04-21,1,Géorgie,
top14,2016/2017,Kelian Galletier,Montpellier Herault Rugby,1450,22,17,5,1992-03-18,"7,8",France,
top14,2016/2017,Kevin Buys,CA Brive,390,11,2,9,1986-04-26,"1,3",Afrique du Sud,
top14,2016/2017,Kevin Gourdon,Stade Rochelais,1072,16,13,3,1990-01-23,"4,6,7,8,12",France,
top14,2016/2017,Kevin Kornath,Grenoble,113,3,1,2,1996-12-27,"6,7,8",France,
top14,2016/2017,Khatchik Vartan,Racing 92,252,9,2,7,1993-02-06,1,France,
top14,2016/2017,Kini Murimurivalu,Stade Rochelais,1808,23,23,0,1989-05-15,"11,12,14,15",Fidji,
top14,2016/2017,Konstantine Mikautadze,Montpellier Herault Rugby,894,17,12,5,1991-07-01,"4,5,7,8",Géorgie,
top14,2016/2017,Laurent Bouchet,Grenoble,584,14,8,6,1988-01-23,2,France,
top14,2016/2017,Laurent Delboulbes,RC Toulon,703,19,9,10,1986-11-17,1,France,
top14,2016/2017,Laurent Panis,Stade Francais Paris,375,11,3,8,1993-04-23,2,France,
top14,2016/2017,Laurent Sempere,Stade Francais Paris,822,17,13,4,1985-07-09,2,France,
top14,2016/2017,Leandro Cedaro,Stade Rochelais,745,18,8,10,1988-02-16,"4,5,6,8",Italie,
top14,2016/2017,Leigh Halfpenny,RC Toulon,1200,15,15,0,1988-12-22,15,Pays de Galles,
top14,2016/2017,Lekso Kaulashvili,Stade Rochelais,587,16,8,8,1992-08-27,"1,3",Géorgie,
top14,2016/2017,Leo Berdeu,Lyon,13,1,0,1,1998-06-13,10,France,
top14,2016/2017,Leonardo Ghiraldini,Stade Toulousain,565,13,8,5,1984-12-26,2,Italie,
top14,2016/2017,Leone Nakarawa,Racing 92,1624,22,21,1,1988-04-02,"4,5,7,8",Fidji,
top14,2016/2017,Levan Chilachava,RC Toulon,999,25,11,14,1991-08-17,3,Géorgie,
top14,2016/2017,Levani Botia,Stade Rochelais,1015,16,13,3,1989-03-14,"4,7,12,13",Fidji,
top14,2016/2017,Liam Gill,RC Toulon,1666,25,21,4,1992-06-08,"6,7,8",Australie,
top14,2016/2017,Lilian Saseras,Grenoble,717,21,6,15,1994-06-27,"9,11,12",France,
top14,2016/2017,Lionel Beauxis,Lyon|Union Bordeaux-Begles,699,17,7,10,1985-10-24,10,France,
top14,2016/2017,Loann Goujon,Union Bordeaux-Begles,1202,17,15,2,1989-04-23,"6,8",France,
top14,2016/2017,Loic Baradel,Grenoble,158,4,1,3,1996-10-25,"6,7",France,
top14,2016/2017,Loic Jacquet,Castres Olympique,1397,21,18,3,1985-03-31,"4,5",France,
top14,2016/2017,Loick Jammes,Grenoble,589,18,7,11,1994-11-10,2,France,
top14,2016/2017,Lorenzo Cittadini,Bayonne,856,17,10,7,1982-12-17,"1,3",Italie,
top14,2016/2017,Louis Dupichot,Section Paloise,1091,16,15,1,1995-09-23,14,France,
top14,2016/2017,Louis Martin,CA Brive,9,1,0,1,1996-02-26,2,France,
top14,2016/2017,Louis-Benoit Madaule,Union Bordeaux-Begles,798,16,9,7,1988-09-24,"6,7,8",France,
top14,2016/2017,Luc Ducalcon,Racing 92,959,25,11,14,1984-01-02,3,France,
top14,2016/2017,Luc Mousset,Stade Rochelais,64,3,1,2,1994-04-03,"1,3",France,
top14,2016/2017,Lucas Dupont,Grenoble,913,14,13,1,1990-03-19,"11,14",France,
top14,2016/2017,Lucas Meret,Bayonne,323,8,3,5,1995-01-30,"10,12,13,15",France,
top14,2016/2017,Lucas Pointud,CA Brive,606,13,8,5,1988-01-18,1,France,
top14,2016/2017,Lucas Rey,Section Paloise,62,3,0,3,1997-04-27,2,France,
top14,2016/2017,Ludovic Radosavljevic,ASM Clermont Auvergne,913,20,11,9,1989-08-17,"9,10",France,
top14,2016/2017,Luke Braid,Union Bordeaux-Begles,1299,24,18,6,1988-10-05,"5,6,7,8",Nouvelle Zélande,
top14,2016/2017,Luke Jones,Union Bordeaux-Begles,1626,24,22,2,1991-04-02,"4,6",Australie,
top14,2016/2017,Luke McAlister,Stade Toulousain,1132,20,12,8,1983-08-28,"9,10,13,15",Nouvelle Zélande,
top14,2016/2017,Ma'a Nonu,RC Toulon,1618,23,22,1,1982-05-21,12,Nouvelle Zélande,
top14,2016/2017,Maama Vaipulu,Castres Olympique,338,6,4,2,1989-07-21,8,Tonga,
top14,2016/2017,Mahamadou Diaby,Grenoble,256,7,3,4,1990-08-15,"6,7",France,
top14,2016/2017,Maks van Dyk,Stade Toulousain,341,13,4,9,1992-01-21,3,Afrique du Sud,
top14,2016/2017,Malakai Bakaniceva,CA Brive,22,2,0,2,1985-05-06,"11,12",Fidji,
top14,2016/2017,Malik Hamadache,Section Paloise,1269,26,14,12,1988-10-17,3,France,
top14,2016/2017,Mamuka Gorgodze,RC Toulon,1016,20,12,8,1984-07-14,"4,5,6,7",France,
top14,2016/2017,Manasa Saulo,RC Toulon,75,3,1,2,1989-04-06,3,Fidji,
top14,2016/2017,Manu Leiataua,Bayonne,1115,20,14,6,1986-12-26,2,Samoa,
top14,2016/2017,Manuel Carizza,Racing 92,981,22,13,9,1984-08-23,"4,5,6",Argentine,
top14,2016/2017,Marc Andreu,Racing 92,417,7,6,1,1985-12-27,11,France,
top14,2016/2017,Marc Clerc,Union Bordeaux-Begles,690,24,5,19,1987-06-09,"2,3",France,
top14,2016/2017,Marc-Antoine Rallier,Castres Olympique,531,17,6,11,1988-12-02,2,France,
top14,2016/2017,Marcel van der Merwe,RC Toulon,1192,26,17,9,1990-10-24,3,Afrique du Sud,
top14,2016/2017,Marco Tauleigne,Union Bordeaux-Begles,1049,22,15,7,1993-08-30,"6,7,8",France,
top14,2016/2017,Maritino Nemani,Grenoble,614,10,7,3,1991-05-24,"12,13",Fidji,
top14,2016/2017,Martin Laveau,Bayonne,1019,15,13,2,1996-09-10,"11,12,14",France,
top14,2016/2017,Martin Moyano,Bayonne,1016,14,14,0,1985-07-12,15,Argentine,
top14,2016/2017,Marvin Lestremau,Section Paloise,37,1,0,1,1996-07-19,14,France,
top14,2016/2017,Marvin O'Connor,Montpellier Herault Rugby,694,11,9,2,1991-04-18,"11,14,15",France,
top14,2016/2017,Masalosalo Tutaia,Section Paloise,748,19,11,8,1984-06-05,"3,4,5",Nouvelle Zélande,
top14,2016/2017,Maselino Paulino,Lyon,219,5,4,1,1988-06-21,5,Samoa,
top14,2016/2017,Mathias Marie,Grenoble,718,16,8,8,1991-01-09,"4,5,6",France,
top14,2016/2017,Mathieu Babillot,Castres Olympique,1110,18,13,5,1993-09-09,"6,7,8",France,
top14,2016/2017,Mathieu Bastareaud,RC Toulon,1655,24,21,3,1988-09-17,"9,11,13,14",France,
top14,2016/2017,Mathieu Loree,Racing 92,21,2,0,2,1987-06-18,9,France,
top14,2016/2017,Mathieu Tanguy,Stade Rochelais,653,16,9,7,1996-06-05,"4,5,6,7",France,
top14,2016/2017,Mathieu de Giovanni,Stade Francais Paris,119,8,0,8,1994-01-10,"4,5,6,8",France,
top14,2016/2017,Matt Carraro,RC Toulon,482,7,5,2,1984-08-04,"12,13,14",Australie,
top14,2016/2017,Matt Giteau,RC Toulon,209,4,2,2,1982-09-29,"10,11,12",Australie,
top14,2016/2017,Matt Tierney,Section Paloise,28,2,0,2,1996-07-04,3,Canada,
top14,2016/2017,Matthieu Ugalde,CA Brive,869,12,11,1,1992-01-10,10,France,
top14,2016/2017,Matthieu Ugena,Stade Francais Paris,197,3,1,2,1995-07-25,"6,8",France,
top14,2016/2017,Matthieu Voisin,Racing 92,54,2,0,2,1996-05-16,"5,6",France,
top14,2016/2017,Maxime Gau,Stade Rochelais,211,7,3,4,1990-12-05,2,France,
top14,2016/2017,Maxime Javaux,Castres Olympique,15,1,0,1,1993-11-04,4,France,
top14,2016/2017,Maxime Machenaud,Racing 92,1258,19,17,2,1988-12-30,9,France,
top14,2016/2017,Maxime Medard,Stade Toulousain,1285,18,17,1,1986-11-16,"12,15",France,
top14,2016/2017,Maxime Mermoz,RC Toulon,733,12,8,4,1986-07-28,"12,13,14",France,
top14,2016/2017,Mehdi Boundjema,Section Paloise,400,12,5,7,1990-06-07,2,France,
top14,2016/2017,Metuisela Talebula,Union Bordeaux-Begles,511,10,6,4,1991-05-20,"11,12,14,15",Fidji,
top14,2016/2017,Meyer Bosman,Stade Francais Paris,816,13,9,4,1985-04-19,"10,12,13",Afrique du Sud,
top14,2016/2017,Michael Simutoga,ASM Clermont Auvergne,62,3,0,3,1996-09-29,3,France,
top14,2016/2017,Mickael Blanc,RC Toulon,55,1,1,0,1995-09-09,14,France,
top14,2016/2017,Mickael Capelli,Grenoble,459,10,5,5,1997-03-18,"4,5,6,8",France,
top14,2016/2017,Mickael Ivaldi,Lyon,1296,22,20,2,1990-02-20,2,France,
top14,2016/2017,Mihaita Lazar,Castres Olympique,834,22,11,11,1986-11-03,1,Roumanie,
top14,2016/2017,Mike Corbel,Stade Rochelais,1131,23,19,4,1992-04-09,1,France,
top14,2016/2017,Mike Harris,Lyon,1201,22,15,7,1988-07-08,"9,10,12,15",Australie,
top14,2016/2017,Mikheil Nariashvili,Montpellier Herault Rugby,936,20,13,7,1990-05-25,1,Géorgie,
top14,2016/2017,Mohamed Boughanmi,Stade Rochelais,683,17,7,10,1991-10-27,3,France,
top14,2016/2017,Morgan Parra,ASM Clermont Auvergne,1060,19,13,6,1988-11-15,"9,10",France,
top14,2016/2017,Morne Steyn,Stade Francais Paris,491,14,6,8,1984-07-11,"10,12,13,15",Afrique du Sud,
top14,2016/2017,Mosese Ratuvou,Section Paloise,776,12,10,2,1983-01-31,"11,12,14",Fidji,
top14,2016/2017,Nans Ducuing,Union Bordeaux-Begles,848,12,10,2,1991-11-06,"12,14,15",France,
top14,2016/2017,Napolioni Nalaga,Lyon,1441,19,18,1,1986-07-04,11,Fidji,
top14,2016/2017,Nathan Charles,ASM Clermont Auvergne,81,2,2,0,1989-01-09,2,Australie,
top14,2016/2017,Nemani Nadolo,Montpellier Herault Rugby,1220,18,15,3,1988-01-31,"11,14,15",Fidji,
top14,2016/2017,Nic White,Montpellier Herault Rugby,1211,24,15,9,1990-06-13,9,Australie,
top14,2016/2017,Nick Abendanon,ASM Clermont Auvergne,1325,18,17,1,1986-08-27,"11,14,15",Angleterre,
top14,2016/2017,Nicolaas Janse van Rensburg,Montpellier Herault Rugby,733,14,9,5,1994-05-06,"4,5,6",Afrique du Sud,
top14,2016/2017,Nicolas Bezy,CA Brive,961,15,12,3,1989-09-26,"9,10,13",France,
top14,2016/2017,Nicolas Durand,Lyon,410,12,5,7,1982-10-04,"8,9,11",France,
top14,2016/2017,Nigel Hunt,Grenoble,1177,19,16,3,1983-05-14,"12,15",Nouvelle Zélande,
top14,2016/2017,Noa Nakaitaci,ASM Clermont Auvergne,742,10,9,1,1990-07-11,"11,14",France,
top14,2016/2017,Ole Avei,Union Bordeaux-Begles,979,22,10,12,1983-06-13,2,Samoa,
top14,2016/2017,Olivier Missoup,Racing 92,258,7,3,4,1981-07-05,7,France,
top14,2016/2017,Otar Giorgadze,ASM Clermont Auvergne,155,4,1,3,1996-03-02,"6,7,8",Géorgie,
top14,2016/2017,PJ van Lill,Bayonne,1023,18,16,2,1983-12-04,"4,8",Namibie,
top14,2016/2017,Pablo Huete,Bayonne,987,20,13,7,1989-01-11,"4,5,7",Argentine,
top14,2016/2017,Paddy Butler,Section Paloise,1018,22,11,11,1990-12-01,"6,7,8",Irlande,
top14,2016/2017,Pascal Pape,Stade Francais Paris,345,12,4,8,1980-10-05,"4,5,6",France,
top14,2016/2017,Patricio Albacete,Stade Toulousain,447,6,5,1,1981-02-09,"4,5",France,
top14,2016/2017,Patricio Fernandez,ASM Clermont Auvergne,736,14,10,4,1994-10-11,"10,14",Argentine,
top14,2016/2017,Patrick Sio,Stade Francais Paris,89,2,1,1,1994-04-04,"7,8",Samoa,
top14,2016/2017,Patrick Toetu,CA Brive,668,17,9,8,1984-03-14,3,Nouvelle Zélande,
top14,2016/2017,Paul Alo-Emile,Stade Francais Paris,566,11,8,3,1991-12-22,3,Samoa,
top14,2016/2017,Paul Bonnefond,Lyon,311,4,4,0,1988-09-13,13,France,
top14,2016/2017,Paul Gabrillagues,Stade Francais Paris,1710,24,22,2,1993-06-03,"4,5",France,
top14,2016/2017,Paul Jedrasiak,ASM Clermont Auvergne,775,14,9,5,1993-02-06,"4,5",France,
top14,2016/2017,Paul Jordaan,Stade Rochelais,521,11,9,2,1992-01-04,"12,13",Afrique du Sud,
top14,2016/2017,Paul Perez,Stade Toulousain,764,11,9,2,1986-07-26,"11,13,14,15",Samoa,
top14,2016/2017,Paul Willemse,Montpellier Herault Rugby,1059,15,13,2,1992-11-13,"4,5",France,
top14,2016/2017,Paul Williams,Stade Francais Paris,813,12,10,2,1983-04-22,"12,13,15",Samoa,
top14,2016/2017,Peato Mauvaka,Stade Toulousain,81,4,0,4,1997-01-10,2,France,
top14,2016/2017,Peceli Yato,ASM Clermont Auvergne,731,14,9,5,1993-01-17,"4,6,8",Fidji,
top14,2016/2017,Peet Marais,CA Brive,100,2,2,0,1990-10-31,5,Afrique du Sud,
top14,2016/2017,Pelu Taele-Pavihi,Bayonne,756,14,10,4,1981-09-20,"4,5,7,8",Samoa,
top14,2016/2017,Peniami Narisia,CA Brive,32,1,0,1,1997-06-10,8,Fidji,
top14,2016/2017,Peter Kimlin,Grenoble,1363,19,19,0,1985-07-11,"4,6,7,8",Australie,
top14,2016/2017,Petrus Hauman,CA Brive,1412,22,20,2,1986-01-12,"5,6,7,8",Afrique du Sud,
top14,2016/2017,Pierre Aguillon,Stade Rochelais,1507,22,19,3,1987-03-27,"10,12,13,15",France,
top14,2016/2017,Pierre Berard,Castres Olympique,699,10,10,0,1991-05-23,"11,15",France,
top14,2016/2017,Pierre Bernard,RC Toulon,946,17,11,6,1989-01-31,"10,15",France,
top14,2016/2017,Pierre Dupouy,Section Paloise,25,1,0,1,1996-10-14,9,France,
top14,2016/2017,Pierre Gayraud,Bayonne,474,8,6,2,1992-03-27,"4,5,7",France,
top14,2016/2017,Pierre Spies,Montpellier Herault Rugby,919,17,11,6,1985-06-08,"4,6,7,8",Afrique du Sud,
top14,2016/2017,Pierrick Gunther,Section Paloise,728,15,8,7,1989-10-16,"6,7,8",France,
top14,2016/2017,Piula Fa'asalele,Stade Toulousain,868,18,12,6,1988-01-22,"4,5,6,7",Samoa,
top14,2016/2017,Poutasi Luafutu,CA Brive,575,11,8,3,1987-12-02,"6,7",Samoa,
top14,2016/2017,Quentin Lespiaucq,Section Paloise,783,20,8,12,1995-02-16,2,France,
top14,2016/2017,Rabah Slimani,Stade Francais Paris,954,17,13,4,1989-10-18,3,France,
top14,2016/2017,Raphael Chaume,ASM Clermont Auvergne,924,19,13,6,1989-04-29,1,France,
top14,2016/2017,Raphael Lagarde,Bayonne,703,16,8,8,1988-10-30,"10,15",France,
top14,2016/2017,Raphael Lakafia,Stade Francais Paris,985,15,13,2,1988-10-28,"6,7,8",France,
top14,2016/2017,Ratu Ratini,Stade Francais Paris,144,3,3,0,1991-02-17,14,Fidji,
top14,2016/2017,Remi Bonfils,Stade Francais Paris,563,13,6,7,1988-09-26,2,France,
top14,2016/2017,Remi Lamerat,ASM Clermont Auvergne,533,8,7,1,1990-01-14,"9,12,13",France,
top14,2016/2017,Remi Seneca,Stade Francais Paris,28,1,0,1,1995-01-16,1,France,
top14,2016/2017,Remi Tales,Racing 92,604,15,6,9,1984-05-02,"10,12,15",France,
top14,2016/2017,Remy Grosso,ASM Clermont Auvergne|Castres Olympique,799,11,10,1,1988-12-04,"11,14",France,
top14,2016/2017,Richard Choirat,Bayonne,685,14,12,2,1984-09-28,3,France,
top14,2016/2017,Richie Gray,Stade Toulousain,1048,14,13,1,1989-08-24,"4,5,8",Ecosse,
top14,2016/2017,Ricky Januarie,Stade Rochelais,1186,22,14,8,1982-01-02,"9,11",Afrique du Sud,
top14,2016/2017,Robert Ebersohn,Castres Olympique,1498,21,21,0,1989-02-23,12,Afrique du Sud,
top14,2016/2017,Robins Tchale-Watchou,Montpellier Herault Rugby,390,9,4,5,1983-05-10,"3,4,5",France,
top14,2016/2017,Rodrigo Capo Ortega,Castres Olympique,1420,23,19,4,1980-12-08,"3,5",Uruguay,
top14,2016/2017,Rodrigue Neti,Stade Toulousain,115,6,0,6,1995-04-26,1,France,
top14,2016/2017,Romain Buros,Section Paloise,176,4,1,3,1997-07-31,"14,15",France,
top14,2016/2017,Romain Cabannes,CA Brive,291,7,5,2,1984-12-02,"6,12,13",France,
top14,2016/2017,Romain Lonca,Union Bordeaux-Begles,706,13,8,5,1991-11-26,"12,13,14",France,
top14,2016/2017,Romain Loursac,Lyon,70,1,1,0,1985-11-11,15,France,
top14,2016/2017,Romain Martial,Bayonne,1310,19,17,2,1984-11-13,"11,12,14,15",France,
top14,2016/2017,Romain Ruffenach,Montpellier Herault Rugby,324,13,2,11,1994-09-04,2,France,
top14,2016/2017,Romain Sazy,Stade Rochelais,1436,24,21,3,1986-10-14,"4,6,7",France,
top14,2016/2017,Romain Taofifenua,RC Toulon,1254,24,19,5,1990-09-14,"4,5",France,
top14,2016/2017,Romana Graham,Stade Rochelais,410,9,7,2,1986-05-29,"4,5,6,7",Nouvelle Zélande,
top14,2016/2017,Romaric Camou,Stade Rochelais,74,1,1,0,1996-10-09,14,France,
top14,2016/2017,Ronan Chambord,Union Bordeaux-Begles,81,2,2,0,1994-04-11,2,France,
top14,2016/2017,Rory Grice,Grenoble,878,12,11,1,1990-04-02,8,Nouvelle Zélande,
top14,2016/2017,Rory Kockott,Castres Olympique,1032,22,16,6,1986-06-25,9,France,
top14,2016/2017,Rossouw de Klerk,Grenoble,488,9,8,1,1989-08-21,3,Afrique du Sud,
top14,2016/2017,Rudi Wulf,Lyon,925,13,12,1,1984-02-02,"11,12,13",Samoa,
top14,2016/2017,Ryan Tongia,Bayonne,140,2,2,0,1990-05-31,11,Australie,
top14,2016/2017,Said Hireche,CA Brive,1466,22,17,5,1985-05-27,"6,7,8",France,
top14,2016/2017,Sakaria Taulafo,Stade Francais Paris,304,9,3,6,1983-01-29,"1,3",Samoa,
top14,2016/2017,Samu Manoa,RC Toulon,993,17,11,6,1985-03-05,"4,5,6,7,8",Etats-Unis,
top14,2016/2017,Samuel Lagrange,Stade Rochelais,7,1,0,1,1997-01-23,2,France,
top14,2016/2017,Samuel Marques,Stade Toulousain,721,14,10,4,1988-12-08,"9,12,15",Portugal,
top14,2016/2017,Santiago Fernandez,Section Paloise,41,2,0,2,1985-11-28,"13,15",Argentine,
top14,2016/2017,Savenaca Rawaca,Stade Rochelais,123,3,2,1,1991-08-20,"11,12,13",Fidji,
top14,2016/2017,Scott Spedding,ASM Clermont Auvergne,747,12,9,3,1986-05-04,"10,15",France,
top14,2016/2017,Sean Dougall,Section Paloise,675,13,9,4,1989-10-28,"7,8",Irlande,
top14,2016/2017,Sean Robinson,Racing 92,230,3,3,0,1993-11-02,"14,15",Afrique du Sud,
top14,2016/2017,Sebastien Bezy,Stade Toulousain,1322,22,16,6,1991-11-22,"9,10,12",France,
top14,2016/2017,Sebastien Taofifenua,Union Bordeaux-Begles,884,22,11,11,1992-03-21,1,France,
top14,2016/2017,Sebastien Tillous-Borde,RC Toulon,1375,24,16,8,1985-04-29,9,France,
top14,2016/2017,Sebastien Vahaamahina,ASM Clermont Auvergne,525,10,7,3,1991-10-21,"4,5",France,
top14,2016/2017,Sekou Macalou,Stade Francais Paris,664,15,8,7,1995-04-20,"6,7,8,11,14",France,
top14,2016/2017,Selevasio Tolofua,Stade Toulousain,71,3,1,2,1997-05-31,"5,6,7",France,
top14,2016/2017,Semi Kunatani,Stade Toulousain,767,12,9,3,1990-10-27,"11,12,14",Fidji,
top14,2016/2017,Seremaia Burotu,CA Brive,1116,17,14,3,1987-07-19,"12,13,14",Fidji,
top14,2016/2017,Sergio Parisse,Stade Francais Paris,877,13,11,2,1983-09-12,"6,8",Italie,
top14,2016/2017,Setariki Tuicuvu,ASM Clermont Auvergne,115,4,1,3,1995-09-07,15,Fidji,
top14,2016/2017,Sevanaia Galala,CA Brive,1181,22,16,6,1993-01-29,"11,12,13,14,15",Fidji,
top14,2016/2017,Shalva Mamukashvili,Montpellier Herault Rugby|RC Toulon,545,12,7,5,1990-10-02,2,Géorgie,
top14,2016/2017,Simon Hickey,Union Bordeaux-Begles,852,15,13,2,1994-01-12,"9,10",Nouvelle Zélande,
top14,2016/2017,Simon Labouyrie,Bayonne,282,11,1,10,1991-10-15,2,France,
top14,2016/2017,Sisa Koyamaibole,CA Brive,968,15,12,3,1980-03-06,"4,5,7,8",Fidji,
top14,2016/2017,Sisa Waqa,Grenoble,334,5,3,2,1986-04-29,"11,12,14,15",Fidji,
top14,2016/2017,Sitaleki Timani,ASM Clermont Auvergne,1109,22,16,6,1986-09-19,"4,5,6,7",Tonga,
top14,2016/2017,So'otala Fa'aso'o,Racing 92,172,3,3,0,1994-10-02,"7,8",Samoa,
top14,2016/2017,Sofiane Guitoune,Stade Toulousain,244,6,3,3,1989-03-27,"9,11,13,14,15",France,
top14,2016/2017,Sona Taumalolo,Grenoble,959,17,15,2,1981-11-13,1,Tonga,
top14,2016/2017,Soso Bekoshvili,CA Brive,413,11,5,6,1993-11-03,3,Géorgie,
top14,2016/2017,Steeve Barry,Stade Rochelais,1092,21,12,9,1991-04-18,"10,11,12,13,14",France,
top14,2016/2017,Steffon Armitage,Section Paloise,1929,25,24,1,1985-09-20,"6,7,8",Angleterre,
top14,2016/2017,Stephane Clement,Lyon,261,9,2,7,1987-09-03,"1,3",France,
top14,2016/2017,Stephen Brett,ASM Clermont Auvergne,414,6,6,0,1985-11-23,10,Nouvelle Zélande,
top14,2016/2017,Steve Mafi,Castres Olympique,1092,22,13,9,1989-12-09,"6,7,8",Tonga,
top14,2016/2017,Steven Kitshoff,Union Bordeaux-Begles,391,11,3,8,1992-02-10,1,Afrique du Sud,
top14,2016/2017,Steven Setephano,Grenoble,738,12,10,2,1984-04-15,"6,7,8",Nouvelle Zélande,
top14,2016/2017,Swan Rebbadj,RC Toulon,150,3,2,1,1995-01-15,"4,5",France,
top14,2016/2017,Sylvain Charlet,Section Paloise,618,19,11,8,1985-08-22,3,France,
top14,2016/2017,Sylvain Nicolas,Stade Francais Paris,1011,16,13,3,1987-06-21,"6,7",France,
top14,2016/2017,Taiasina Tuifua,Lyon,1191,22,14,8,1984-08-20,"4,5,7,8",Samoa,
top14,2016/2017,Takudzwa Ngwenya,CA Brive,828,13,10,3,1985-07-22,"11,14",Etats-Unis,
top14,2016/2017,Talalelei Gray,Stade Toulousain,1006,21,14,7,1990-02-28,"4,5,6,7,8",Samoa,
top14,2016/2017,Tanerau Latimer,Bayonne,893,13,10,3,1986-05-06,"4,6,7,8,11",Nouvelle Zélande,
top14,2016/2017,Tanginoa Halaifonua,Lyon,25,1,0,1,1996-09-20,6,Tonga,
top14,2016/2017,Taniela Moa,Section Paloise,185,7,2,5,1985-03-11,"9,13",Tonga,
top14,2016/2017,Teddy Baubigny,Racing 92,25,2,0,2,1998-09-02,2,France,
top14,2016/2017,Teddy Iribaren,CA Brive,1265,21,18,3,1990-09-25,9,France,
top14,2016/2017,Teddy Thomas,Racing 92,867,15,9,6,1993-09-18,"11,12,14",France,
top14,2016/2017,Theo Belan,Lyon,775,15,10,5,1992-11-15,"12,13",France,
top14,2016/2017,Theo Millet,Stade Francais Paris,504,7,7,0,1997-07-08,"12,13",France,
top14,2016/2017,Thibault Daubagna,Section Paloise,1138,24,13,11,1994-05-20,"9,14",France,
top14,2016/2017,Thibault Dubarry,Racing 92,196,7,3,4,1987-11-24,"4,6,7",France,
top14,2016/2017,Thibault Lacroix,Bayonne,395,8,4,4,1985-05-14,"11,12",France,
top14,2016/2017,Thibault Lassalle,Castres Olympique,469,8,6,2,1987-08-22,"4,5",France,
top14,2016/2017,Thibault Privat,Lyon,936,18,17,1,1979-02-06,"4,5",France,
top14,2016/2017,Thibaut Regard,Lyon,784,14,8,6,1993-08-06,"11,12,13,15",France,
top14,2016/2017,Thierry Dusautoir,Stade Toulousain,1286,18,16,2,1981-11-18,"5,6,8",France,
top14,2016/2017,Thierry Lacrampe,Section Paloise,14,1,0,1,1988-02-23,9,France,
top14,2016/2017,Thomas Acquier,CA Brive,309,10,3,7,1989-11-21,2,France,
top14,2016/2017,Thomas Bianchin,Section Paloise,830,17,13,4,1987-08-11,2,France,
top14,2016/2017,Thomas Combezou,Castres Olympique,1295,23,16,7,1987-01-26,"12,13",France,
top14,2016/2017,Thomas Domingo,ASM Clermont Auvergne,312,9,4,5,1985-08-20,1,France,
top14,2016/2017,Thomas Jolmes,Grenoble,165,8,1,7,1995-10-08,"3,4,5,7,9",France,
top14,2016/2017,Thomas Laranjeira,CA Brive,770,19,7,12,1992-05-05,"10,12,13,15",France,
top14,2016/2017,Ti'i Paulo,Lyon,617,23,5,18,1983-01-13,2,Samoa,
top14,2016/2017,Timoci Nagusa,Montpellier Herault Rugby,1278,18,15,3,1987-07-14,"13,14,15",Fidji,
top14,2016/2017,Toby Arnold,Lyon,1751,22,22,0,1987-09-11,"14,15",Nouvelle Zélande,
top14,2016/2017,Toby Flood,Stade Toulousain,779,15,10,5,1985-08-08,"10,12,13",Angleterre,
top14,2016/2017,Tom Donnelly,Bayonne,849,15,11,4,1981-10-01,"3,4,5",Nouvelle Zélande,
top14,2016/2017,Tom Palmer,Union Bordeaux-Begles,123,7,0,7,1979-03-27,"4,5,7",Angleterre,
top14,2016/2017,Tom Taylor,Section Paloise,1500,21,19,2,1989-03-11,"10,12,13,15",Nouvelle Zélande,
top14,2016/2017,Toma Taufa,Bayonne,327,10,2,8,1995-03-09,"1,3,5",Tonga,
top14,2016/2017,Tomas O'Leary,Montpellier Herault Rugby,164,3,3,0,1983-10-22,9,Irlande,
top14,2016/2017,Tornike Mataradze,Lyon,29,1,0,1,1996-10-18,1,Géorgie,
top14,2016/2017,Tristan Tedder,Stade Toulousain,42,1,0,1,1996-04-17,15,Afrique du Sud,
top14,2016/2017,Tudor Stroe,Castres Olympique,141,7,0,7,1993-09-06,1,France,
top14,2016/2017,Uini Atonio,Stade Rochelais,1032,19,13,6,1990-03-26,"3,4,5",France,
top14,2016/2017,Vadim Cobilas,Union Bordeaux-Begles,1199,22,20,2,1983-07-30,3,France,
top14,2016/2017,Valentin Destruels,Stade Rochelais,37,1,0,1,1995-03-29,,France,
top14,2016/2017,Vasil Kakovin,Stade Toulousain,691,14,10,4,1989-12-01,1,Géorgie,
top14,2016/2017,Vasil Lobzhanidze,CA Brive,133,6,1,5,1996-10-14,9,Géorgie,
top14,2016/2017,Victor Moreaux,Castres Olympique,746,19,9,10,1993-09-19,"2,4,5,7,8",France,
top14,2016/2017,Victor Vito,Stade Rochelais,1563,22,20,2,1987-03-27,"5,7,8",Nouvelle Zélande,
top14,2016/2017,Viliamu Afatia,Racing 92,897,25,11,14,1990-05-24,"1,2",Samoa,
top14,2016/2017,Vincent Clerc,RC Toulon,175,3,2,1,1981-05-07,11,France,
top14,2016/2017,Vincent Debaty,ASM Clermont Auvergne,188,7,1,6,1981-10-02,1,France,
top14,2016/2017,Vincent Martin,Montpellier Herault Rugby,586,15,9,6,1992-09-04,"10,13",France,
top14,2016/2017,Vincent Pelo,Stade Rochelais,522,14,6,8,1988-04-22,1,France,
top14,2016/2017,Vincent Rattez,Stade Rochelais,1583,22,20,2,1992-03-24,"11,13,14,15",France,
top14,2016/2017,Virgile Bruni,Lyon,653,15,12,3,1989-02-06,"7,8",France,
top14,2016/2017,Virgile Lacombe,Racing 92,723,19,9,10,1984-07-07,2,France,
top14,2016/2017,Vito Kolelishvili,ASM Clermont Auvergne,293,7,5,2,1989-10-09,"6,7",Géorgie,
top14,2016/2017,Vivien Devisme,CA Brive,369,11,5,6,1992-03-23,1,France,
top14,2016/2017,Waisea Nayacalevu,Stade Francais Paris,1502,20,18,2,1990-06-26,"11,13,14",Fidji,
top14,2016/2017,Walter Desmaison,Grenoble,315,10,5,5,1991-10-18,3,France,
top14,2016/2017,Watisoni Votu,Section Paloise,1679,23,22,1,1985-03-25,"10,11,12,14",Fidji,
top14,2016/2017,Wenceslas Lauret,Racing 92,1334,19,18,1,1989-03-28,6,France,
top14,2016/2017,Wesley Fofana,ASM Clermont Auvergne,470,6,6,0,1988-01-20,12,France,
top14,2016/2017,Wiaan Liebenberg,Montpellier Herault Rugby,531,8,8,0,1992-08-31,"6,7",Afrique du Sud,
top14,2016/2017,Wilhelm Steenkamp,CA Brive,358,12,2,10,1985-02-07,"4,5",Afrique du Sud,
top14,2016/2017,Will Genia,Stade Francais Paris,872,12,12,0,1988-01-17,9,Australie,
top14,2016/2017,Willem Alberts,Stade Francais Paris,568,10,7,3,1984-05-11,"6,7,8",Afrique du Sud,
top14,2016/2017,William Whetton,CA Brive,152,4,1,3,1989-10-06,"4,6,7,8",Nouvelle Zélande,
top14,2016/2017,Willie du Plessis,Bayonne|Montpellier Herault Rugby,1606,25,20,5,1990-06-05,"10,12,13",Afrique du Sud,
top14,2016/2017,Xavier Chauveau,Racing 92,203,8,2,6,1992-10-14,"8,9",France,
top14,2016/2017,Xavier Chiocci,RC Toulon,811,22,7,15,1990-02-13,"1,3",France,
top14,2016/2017,Xavier Mignot,Grenoble,446,7,7,0,1994-01-27,"11,14",France,
top14,2016/2017,Yacouba Camara,Stade Toulousain,564,9,7,2,1994-06-02,"6,7",France,
top14,2016/2017,Yann David,Stade Toulousain,903,14,12,2,1988-04-15,"12,13",France,
top14,2016/2017,Yann Lesgourgues,Union Bordeaux-Begles,1207,24,15,9,1991-01-17,9,France,
top14,2016/2017,Yannick Caballero,Castres Olympique,714,12,8,4,1983-04-03,"4,6,8",France,
top14,2016/2017,Yannick Nyanga,Racing 92,1467,22,18,4,1983-12-19,"6,7,8",France,
top14,2016/2017,Yoann Huget,Stade Toulousain,962,13,13,0,1987-06-02,"11,14,15",France,
top14,2016/2017,Yoann Maestri,Stade Toulousain,487,8,8,0,1988-01-14,"4,5",France,
top14,2016/2017,Yohan Beheregaray,ASM Clermont Auvergne,195,10,2,8,1996-05-29,2,France,
top14,2016/2017,Yohan Montes,Castres Olympique,161,9,1,8,1985-02-07,"2,3",France,
top14,2016/2017,Yvan Reilhac,Montpellier Herault Rugby,348,8,5,3,1995-06-09,"10,11,12,13",France,
top14,2016/2017,Yvan Watremez,Montpellier Herault Rugby,422,13,4,9,1989-04-21,1,France,
top14,2016/2017,Zack Holmes,Stade Rochelais,1013,16,14,2,1990-05-30,"10,11,12,13,15",Australie,
top14,2016/2017,Zeno Kieft,Stade Rochelais,151,4,3,1,1991-02-02,7,Pays-Bas,
top14,2016/2017,Zurabi Zhvania,Stade Francais Paris,473,13,5,8,1991-09-23,1,Géorgie,
top14,2017/2018,Aaron Cruden,Montpellier Herault Rugby,1503,20,20,0,1989-01-08,10,Nouvelle Zélande,
top14,2017/2018,Aaron Jarvis,ASM Clermont Auvergne,594,14,5,9,1986-05-20,3,Pays de Galles,
top14,2017/2018,Adrian Motoc,Racing 92,25,1,0,1,1996-07-11,5,Roumanie,
top14,2017/2018,Adrien Pelissie,Union Bordeaux-Begles,1063,22,12,10,1990-08-07,2,France,
top14,2017/2018,Adrien Planté,Section Paloise,323,5,5,0,1985-04-21,14,France,
top14,2017/2018,Adrien Seguret,Lyon,11,1,0,1,1998-07-22,,France,
top14,2017/2018,Afaesetiti Amosa,Stade Rochelais,998,16,12,4,1990-10-11,"4,5,6,7,8",Samoa,
top14,2017/2018,Afusipa Taumoepeau,Castres Olympique,1064,20,13,7,1990-01-26,"10,11,12,13",Tonga,
top14,2017/2018,Akapusi Qera,Agen,644,14,7,7,1984-04-24,"6,7,8",Fidji,
top14,2017/2018,Alban Conduche,Agen,25,1,0,1,1996-10-29,10,France,
top14,2017/2018,Albert Vulivuli,Racing 92,616,11,7,4,1985-05-26,"10,12,13",Fidji,
top14,2017/2018,Albertus Buckle,Lyon,784,17,12,5,1983-09-09,1,Afrique du Sud,
top14,2017/2018,Alby Mathewson,RC Toulon,717,15,8,7,1985-12-13,9,Nouvelle Zélande,
top14,2017/2018,Alex Tulou,Castres Olympique,1177,26,13,13,1987-03-21,"4,5,7,8",Samoa,
top14,2017/2018,Alexandre Bias,Castres Olympique,352,10,3,7,1981-04-21,"5,6,7,8",France,
top14,2017/2018,Alexandre Dumoulin,Montpellier Herault Rugby,1063,18,15,3,1989-08-24,"12,13,15",France,
top14,2017/2018,Alexandre Flanquart,Stade Francais Paris,1523,21,21,0,1989-10-09,5,France,
top14,2017/2018,Alexandre Lapandry,ASM Clermont Auvergne,829,11,11,0,1989-04-13,"6,7",France,
top14,2017/2018,Alexandre Menini,Lyon,730,19,8,11,1983-08-05,1,France,
top14,2017/2018,Alexandre Nicoue,ASM Clermont Auvergne,24,1,0,1,1997-02-01,14,France,
top14,2017/2018,Alexandre Roumat,Union Bordeaux-Begles,379,9,3,6,1997-06-27,"6,7,8",France,
top14,2017/2018,Alexi Bales,Stade Rochelais,1283,24,16,8,1990-05-30,"1,9",France,
top14,2017/2018,Alexis Palisson,Lyon,1352,19,18,1,1987-09-09,"11,14,15",France,
top14,2017/2018,Alfie Mafi,CA Brive,138,2,2,0,1988-06-08,"11,14",Tonga,
top14,2017/2018,Alivereti Raka,ASM Clermont Auvergne,440,6,6,0,1994-12-09,"11,14",France,
top14,2017/2018,Anatole Pauvert,Racing 92,10,1,0,1,1997-05-23,14,France,
top14,2017/2018,Anthony Belleau,RC Toulon,1245,21,15,6,1996-04-08,"10,12,15",France,
top14,2017/2018,Anthony Etrillard,RC Toulon,1255,24,18,6,1993-03-21,2,France,
top14,2017/2018,Anthony Jelonch,Castres Olympique,1090,18,13,5,1996-07-28,"4,6,7,8",France,
top14,2017/2018,Anthony Meric,RC Toulon|Stade Toulousain,218,10,2,8,1995-02-15,"7,9,15",France,
top14,2017/2018,Anthony Tuitavake,Racing 92,990,17,15,2,1982-02-12,"12,13",Tonga,
top14,2017/2018,Antoine Burban,Stade Francais Paris,638,12,11,1,1987-07-22,"6,7",France,
top14,2017/2018,Antoine Dupont,Stade Toulousain,700,9,9,0,1996-11-15,9,France,
top14,2017/2018,Antoine Erbani,Agen,1230,19,15,4,1990-02-07,"6,7,8",France,
top14,2017/2018,Antoine Gibert,Racing 92,203,5,2,3,1997-12-31,"9,10",France,
top14,2017/2018,Antoine Guillamon,Montpellier Herault Rugby,445,9,6,3,1991-06-04,3,France,
top14,2017/2018,Antoine Hastoy,Section Paloise,140,5,1,4,1997-06-04,"10,15",France,
top14,2017/2018,Antoine Miquel,Agen,1292,20,17,3,1994-06-20,"6,7,8",France,
top14,2017/2018,Antoine Tichit,Castres Olympique,1576,27,26,1,1989-06-13,1,France,
top14,2017/2018,Antonie Claassen,Racing 92,757,14,9,5,1984-10-20,"4,5,6,8",France,
top14,2017/2018,Apisai Naqalevu,Union Bordeaux-Begles,1056,17,12,5,1989-08-21,"10,12,13,14",Fidji,
top14,2017/2018,Armand Batlle,Castres Olympique,1979,26,25,1,1987-04-12,"14,15",France,
top14,2017/2018,Arnaud Mignardi,CA Brive,1502,24,20,4,1986-11-01,"12,13,15",France,
top14,2017/2018,Arthur Coville,Stade Francais Paris,838,18,12,6,1998-02-04,9,France,
top14,2017/2018,Arthur Guigue,Montpellier Herault Rugby,8,1,0,1,1999-07-10,9,France,
top14,2017/2018,Arthur Iturria,ASM Clermont Auvergne,381,8,5,3,1994-05-13,"4,5,6",France,
top14,2017/2018,Arthur Joly,Agen,834,22,9,13,1988-02-20,3,France,
top14,2017/2018,Arthur Retiere,Stade Rochelais,632,8,8,0,1997-08-01,"14,15",France,
top14,2017/2018,Arthur Vincent,Montpellier Herault Rugby,14,1,0,1,1999-09-30,15,France,
top14,2017/2018,Atila Septar,ASM Clermont Auvergne,112,4,1,3,1996-06-02,"12,13",France,
top14,2017/2018,Aurelien Rougerie,ASM Clermont Auvergne,493,12,6,6,1980-09-26,"13,15",France,
top14,2017/2018,Axel Muller,Oyonnax,940,19,10,9,1993-11-25,"11,14,15",Argentine,
top14,2017/2018,Bakary Meite,Stade Francais Paris,143,5,1,4,1983-09-30,"5,7,8",France,
top14,2017/2018,Baptiste Chouzenoux,Racing 92,1132,19,15,4,1993-08-07,"6,7,8",France,
top14,2017/2018,Baptiste Couilloud,Lyon,1193,21,16,5,1997-07-22,9,France,
top14,2017/2018,Baptiste Delaporte,Castres Olympique,334,6,6,0,1997-03-25,"6,7",France,
top14,2017/2018,Baptiste Lafond,Stade Francais Paris,8,1,0,1,1998-05-23,14,France,
top14,2017/2018,Baptiste Pesenti,Section Paloise,677,14,7,7,1997-07-03,"6,7,8",France,
top14,2017/2018,Baptiste Serin,Union Bordeaux-Begles,981,17,12,5,1994-06-20,9,France,
top14,2017/2018,Bastien Pourailly,Section Paloise,884,12,12,0,1994-01-31,"11,14",France,
top14,2017/2018,Bastien Soury,RC Toulon,246,13,0,13,1995-03-18,2,France,
top14,2017/2018,Ben Botica,Oyonnax,1779,23,23,0,1989-10-07,10,Nouvelle Zélande,
top14,2017/2018,Ben Mowen,Section Paloise,1257,18,16,2,1984-12-01,"6,7,8",Australie,
top14,2017/2018,Ben Tameifuna,Racing 92,827,19,13,6,1991-08-30,"1,2,3",Tonga,
top14,2017/2018,Ben Volavola,Union Bordeaux-Begles,285,10,2,8,1991-01-13,"10,11,12,15",Fidji,
top14,2017/2018,Benito Masilevu,CA Brive,1280,17,17,0,1989-10-07,"11,14",Fidji,
top14,2017/2018,Benjamin Dambielle,Racing 92,200,5,1,4,1985-07-15,"10,11,15",France,
top14,2017/2018,Benjamin Fall,Montpellier Herault Rugby,1261,19,17,2,1989-04-29,"11,14,15",France,
top14,2017/2018,Benjamin Geledan,Oyonnax,443,19,4,15,1990-04-08,2,France,
top14,2017/2018,Benjamin Kayser,ASM Clermont Auvergne,918,20,13,7,1984-07-26,2,France,
top14,2017/2018,Benjamin Lapeyre,CA Brive,1221,18,15,3,1986-09-24,"11,13,14,15",France,
top14,2017/2018,Benjamin Noble,Stade Rochelais,195,6,2,4,1997-05-30,"10,11,12,15",France,
top14,2017/2018,Benjamin Petre,CA Brive,198,4,3,1,1990-01-04,"8,12",France,
top14,2017/2018,Benjamin Urdapilleta,Castres Olympique,2179,29,28,1,1986-03-11,10,Argentine,
top14,2017/2018,Benoit Paillaugue,Montpellier Herault Rugby,654,11,8,3,1987-11-17,"9,10",France,
top14,2017/2018,Benson Stanley,Section Paloise,786,13,11,2,1984-09-11,"12,13",France,
top14,2017/2018,Beqa Kakabadze,ASM Clermont Auvergne,141,7,0,7,1995-09-07,"1,3",Géorgie,
top14,2017/2018,Bernard Le Roux,Racing 92,960,14,11,3,1989-06-04,"4,5,7",France,
top14,2017/2018,Bilel Taieb,Oyonnax,1205,20,14,6,1993-01-27,"6,7,8,12",France,
top14,2017/2018,Bismarck du Plessis,Montpellier Herault Rugby,1045,18,14,4,1984-05-22,2,Afrique du Sud,
top14,2017/2018,Bjorn Basson,Oyonnax,273,4,3,1,1987-02-11,"14,15",Afrique du Sud,
top14,2017/2018,Blair Connor,Union Bordeaux-Begles,1092,14,14,0,1988-09-29,11,Australie,
top14,2017/2018,Boris Palu,Racing 92,873,19,11,8,1996-02-04,"4,5,6,7",France,
top14,2017/2018,Brandon Fajardo,Section Paloise,66,2,0,2,1994-06-25,"10,14",France,
top14,2017/2018,Brandon Nansen,Stade Francais Paris,246,4,4,0,1993-11-03,6,Samoa,
top14,2017/2018,Brice Dulin,Racing 92,759,10,10,0,1990-04-13,15,France,
top14,2017/2018,Brock James,Stade Rochelais,801,19,9,10,1981-10-22,"9,10,11,12,14",France,
top14,2017/2018,Cameron Woki,Union Bordeaux-Begles,835,15,10,5,1998-11-07,"6,7,8",France,
top14,2017/2018,Camille Chat,Racing 92,761,16,10,6,1995-12-18,2,France,
top14,2017/2018,Camille Gerondeau,ASM Clermont Auvergne,466,8,7,1,1988-03-12,"6,8",France,
top14,2017/2018,Camille Lopez,ASM Clermont Auvergne,431,9,5,4,1989-04-03,10,France,
top14,2017/2018,Carl Axtens,Stade Toulousain,773,14,11,3,1991-08-26,"6,8",Nouvelle Zélande,
top14,2017/2018,Carl Fearns,Lyon,314,5,5,0,1989-05-28,8,Angleterre,
top14,2017/2018,Cedate Gomes Sa,Racing 92,534,15,4,11,1993-08-07,3,France,
top14,2017/2018,Census Johnston,Racing 92,464,12,7,5,1981-05-06,3,Samoa,
top14,2017/2018,Charl McLeod,Stade Francais Paris,478,11,6,5,1983-08-05,9,Afrique du Sud,
top14,2017/2018,Charles Bouldoire,Stade Rochelais,174,4,2,2,1993-06-08,"14,15",France,
top14,2017/2018,Charles Geli,Montpellier Herault Rugby,404,13,5,8,1987-03-26,"2,7",France,
top14,2017/2018,Charlie Cassang,ASM Clermont Auvergne,122,4,1,3,1995-02-08,"9,10",France,
top14,2017/2018,Charlie Faumuina,Stade Toulousain,829,19,15,4,1986-12-24,3,Nouvelle Zélande,
top14,2017/2018,Charlie Francoz,Stade Francais Paris,144,4,2,2,1998-06-03,"6,7,8",France,
top14,2017/2018,Charly Malie,Section Paloise,1588,22,20,2,1991-11-05,"11,13,14,15",Espagne,
top14,2017/2018,Charly Trussardi,ASM Clermont Auvergne,424,7,5,2,1997-03-21,"9,10,13",France,
top14,2017/2018,Cheslin Kolbe,Stade Toulousain,1638,23,21,2,1993-10-28,"9,11,14,15",Afrique du Sud,
top14,2017/2018,Chris Ashton,RC Toulon,1783,23,23,0,1987-03-29,"11,14,15",Angleterre,
top14,2017/2018,Christian Njewel,Oyonnax,347,10,4,6,1990-03-22,"4,5,7",Cameroun,
top14,2017/2018,Christophe Samson,Castres Olympique,808,20,8,12,1984-03-01,"4,5",France,
top14,2017/2018,Christopher Ruiz,Oyonnax,119,2,2,0,1984-05-29,10,France,
top14,2017/2018,Clement Castets,Stade Toulousain,207,7,2,5,1996-05-05,"1,3",France,
top14,2017/2018,Clement Daguin,Stade Francais Paris,577,15,7,8,1992-05-25,9,France,
top14,2017/2018,Clement Laporte,Agen,982,16,12,4,1998-01-07,"10,11,13,14,15",France,
top14,2017/2018,Clement Martinez,Agen,47,2,0,2,1996-03-14,2,France,
top14,2017/2018,Clement Maynadier,Union Bordeaux-Begles,515,11,8,3,1988-10-11,"1,2",France,
top14,2017/2018,Clément Ric,Lyon,616,18,7,11,1988-07-18,3,France,
top14,2017/2018,Colin Slade,Section Paloise,1412,22,18,4,1987-10-10,"10,11,14,15",Nouvelle Zélande,
top14,2017/2018,Conrad Smith,Section Paloise,1633,22,22,0,1981-10-12,13,Nouvelle Zélande,
top14,2017/2018,Corentin Astier,ASM Clermont Auvergne,31,1,0,1,1995-01-12,5,France,
top14,2017/2018,Corentin Braendlin,Agen,657,13,10,3,1994-04-29,"4,5",France,
top14,2017/2018,Corentin Vernet,RC Toulon,90,2,1,1,1996-09-27,5,France,
top14,2017/2018,Craig Burden,Stade Francais Paris,158,7,1,6,1985-05-13,"2,5",Afrique du Sud,
top14,2017/2018,Curtis Browning,Oyonnax,781,17,10,7,1993-10-30,"4,6,7,8",Australie,
top14,2017/2018,Cyril Baille,Stade Toulousain,657,13,11,2,1993-09-15,1,France,
top14,2017/2018,Cyril Cazeaux,Union Bordeaux-Begles,942,21,9,12,1995-02-10,"4,5,7,8",France,
top14,2017/2018,Damian Penaud,ASM Clermont Auvergne,649,12,9,3,1996-09-25,"12,13",France,
top14,2017/2018,Damien Chouly,ASM Clermont Auvergne,823,15,9,6,1985-11-27,"6,7,8",France,
top14,2017/2018,Damien Jourdain,CA Brive,572,16,6,10,1986-10-07,3,France,
top14,2017/2018,Damien Lagrange,CA Brive,409,9,6,3,1987-07-04,"3,4,5,7",France,
top14,2017/2018,Damien Tussac,Castres Olympique,339,11,4,7,1988-01-02,3,France,
top14,2017/2018,Dan Carter,Racing 92,731,12,11,1,1982-03-05,"10,12,15",Nouvelle Zélande,
top14,2017/2018,Dan Tuohy,Stade Francais Paris,254,5,3,2,1985-06-18,"4,5",Irlande,
top14,2017/2018,Danie Mienie,Stade Toulousain,277,12,2,10,1991-03-01,1,Afrique du Sud,
top14,2017/2018,Daniel Brennan,Stade Toulousain,25,1,0,1,1998-09-23,1,Irlande,
top14,2017/2018,Daniel Ikpefan,Oyonnax,1770,23,23,0,1993-10-18,"11,14",France,
top14,2017/2018,Daniel Kotze,Castres Olympique,1488,24,22,2,1987-03-28,3,France,
top14,2017/2018,Daniel Ramsay,Section Paloise,1253,20,18,2,1984-06-01,"4,5,6",Nouvelle Zélande,
top14,2017/2018,Dany Priso,Stade Rochelais,916,19,12,7,1994-01-02,1,France,
top14,2017/2018,Darly Domvo,Union Bordeaux-Begles,152,2,2,0,1992-04-03,15,France,
top14,2017/2018,Dave Attwood,RC Toulon,645,8,8,0,1987-04-05,4,Angleterre,
top14,2017/2018,Dave Foley,Section Paloise,726,17,9,8,1988-05-16,"4,5",Irlande,
top14,2017/2018,Dave Ryan,Agen,942,22,14,8,1986-04-21,3,Irlande,
top14,2017/2018,David Delarue,CA Brive,26,1,0,1,1996-10-27,9,France,
top14,2017/2018,David Feao,Stade Rochelais,16,1,0,1,1990-10-06,3,Australie,
top14,2017/2018,David Roumieu,Stade Toulousain,371,14,3,11,1981-10-15,2,France,
top14,2017/2018,David Smith,Castres Olympique,1851,24,23,1,1986-10-12,11,Samoa,
top14,2017/2018,David Strettle,ASM Clermont Auvergne,686,10,10,0,1983-06-23,14,Angleterre,
top14,2017/2018,Davit Kubriashvili,Montpellier Herault Rugby,406,11,5,6,1986-12-03,3,Géorgie,
top14,2017/2018,Davit Zirakashvili,ASM Clermont Auvergne,709,15,10,5,1983-10-10,3,Géorgie,
top14,2017/2018,Delon Armitage,Lyon,1156,15,15,0,1983-12-15,"11,15",Angleterre,
top14,2017/2018,Demba Bamba,CA Brive,115,5,0,5,1998-03-17,1,France,
top14,2017/2018,Denis Marchois,Agen,1595,23,19,4,1994-02-05,"4,5",France,
top14,2017/2018,Deon Fourie,Lyon,332,11,3,8,1986-09-25,"2,5,7",Afrique du Sud,
top14,2017/2018,Dimitri Szarzewski,Racing 92,712,16,11,5,1983-01-26,2,France,
top14,2017/2018,Djibril Camara,Stade Francais Paris,745,13,12,1,1989-06-22,"11,12,15",France,
top14,2017/2018,Dom Barrow,Stade Rochelais,146,2,2,0,1993-03-19,"5,6",Angleterre,
top14,2017/2018,Dominiko Waqaniburotu,CA Brive,795,16,10,6,1986-04-20,"4,6,7,8",Fidji,
top14,2017/2018,Donnacha Ryan,Racing 92,691,10,9,1,1983-12-11,"4,5",Irlande,
top14,2017/2018,Dorian Aldegheri,Stade Toulousain,936,23,10,13,1993-08-04,3,France,
top14,2017/2018,Dorian Lavernhe,ASM Clermont Auvergne,272,7,4,3,1999-06-27,10,France,
top14,2017/2018,Duane Vermeulen,RC Toulon,1147,15,14,1,1986-07-03,"5,8",Afrique du Sud,
top14,2017/2018,Dug Codjo,Oyonnax,1276,17,17,0,1987-04-22,"11,14",France,
top14,2017/2018,Dylan Cretin,Lyon,971,19,10,9,1997-05-04,"6,7,8",France,
top14,2017/2018,Ed Fidow,Union Bordeaux-Begles,779,11,11,0,1993-09-11,"11,14",Samoa,
top14,2017/2018,Eddy Ben Arous,Racing 92,579,12,10,2,1990-08-25,1,France,
top14,2017/2018,Edoardo Padovani,RC Toulon,171,4,2,2,1993-05-15,"10,15",Italie,
top14,2017/2018,Edwin Maka,Racing 92,713,16,11,5,1993-02-25,"4,5,7",France,
top14,2017/2018,Elies El Ansari,Stade Francais Paris,112,3,1,2,1997-01-22,1,France,
top14,2017/2018,Eliott Roudil,Stade Rochelais,775,14,11,3,1996-10-30,"11,12,14",France,
top14,2017/2018,Emerick Setiano,RC Toulon,471,16,5,11,1996-07-19,3,France,
top14,2017/2018,Emmanuel Felsina,Stade Francais Paris,75,3,0,3,1985-02-22,1,France,
top14,2017/2018,Eneriko Buliruarua,RC Toulon,155,3,1,2,1997-01-23,"11,12,14",Fidji,
top14,2017/2018,Enzo Herve,CA Brive,64,1,1,0,1998-10-13,10,France,
top14,2017/2018,Enzo Sanga,Montpellier Herault Rugby,376,17,5,12,1995-05-19,9,France,
top14,2017/2018,Eric Escande,RC Toulon,747,16,11,5,1992-11-18,9,France,
top14,2017/2018,Eric Sione,Castres Olympique,50,6,0,6,1992-10-29,"1,3",Samoa,
top14,2017/2018,Esteban Abadie,Racing 92,13,1,0,1,1997-12-01,6,France,
top14,2017/2018,Etienne Falgoux,ASM Clermont Auvergne,944,20,12,8,1993-01-19,1,France,
top14,2017/2018,Etienne Herjean,CA Brive,720,12,10,2,1991-06-06,"4,5,6,7,8",France,
top14,2017/2018,Etienne Oosthuizen,Lyon,1253,24,14,10,1992-12-22,"4,5,7",Afrique du Sud,
top14,2017/2018,Fa'asiu Fuatai,Union Bordeaux-Begles,974,14,13,1,1993-08-01,"11,14,15",Samoa,
top14,2017/2018,Fabien Sanconnie,CA Brive,890,13,11,2,1995-02-21,"4,6,7,8",France,
top14,2017/2018,Fabrice Metz,Section Paloise,868,18,9,9,1991-01-23,"4,5",France,
top14,2017/2018,Facundo Bosch,Agen,933,20,14,6,1991-08-08,"2,7",Argentine,
top14,2017/2018,Facundo Isa,RC Toulon,1336,20,19,1,1993-09-21,"6,7,8",Argentine,
top14,2017/2018,Felix Lambey,Lyon,1105,21,16,5,1994-03-15,"4,5",France,
top14,2017/2018,Felix le Bourhis,CA Brive,828,17,8,9,1988-04-07,"9,11,12,13,14,15",France,
top14,2017/2018,Filipo Nakosi,Agen,1458,19,19,0,1992-04-08,"11,14",Fidji,
top14,2017/2018,Flip van der Merwe,ASM Clermont Auvergne,962,18,12,6,1985-06-06,"4,5",Afrique du Sud,
top14,2017/2018,Florian Cazenave,CA Brive,458,19,6,13,1989-12-30,"9,11",France,
top14,2017/2018,Florian Denos,Agen,160,2,2,0,1985-05-20,15,France,
top14,2017/2018,Florian Dufour,Union Bordeaux-Begles,316,12,5,7,1997-10-29,2,France,
top14,2017/2018,Florian Fresia,RC Toulon,1145,22,16,6,1992-01-17,1,France,
top14,2017/2018,Florian Fritz,Stade Toulousain,1407,21,20,1,1984-01-17,"12,13",France,
top14,2017/2018,Florian Nicot,Section Paloise,391,13,3,10,1986-09-30,"10,11,12,13,14",France,
top14,2017/2018,Florian Verhaeghe,Stade Toulousain,719,16,8,8,1997-04-27,"4,5,6,7,8",France,
top14,2017/2018,Florian Vialelle,Castres Olympique,821,19,11,8,1993-10-05,"12,13,14",France,
top14,2017/2018,Francisco Gomez Kodela,Lyon,1151,24,18,6,1985-07-03,3,France,
top14,2017/2018,Franck Romanet,CA Brive,61,1,1,0,1986-05-02,11,France,
top14,2017/2018,Francois Cros,Stade Toulousain,1328,22,16,6,1994-03-25,"6,7,8",France,
top14,2017/2018,Francois Da Ros,CA Brive,759,18,11,7,1983-09-29,2,France,
top14,2017/2018,Francois Steyn,Montpellier Herault Rugby,1820,25,22,3,1987-05-14,"10,12,13",Afrique du Sud,
top14,2017/2018,Francois Trinh-Duc,RC Toulon,697,15,9,6,1986-11-11,"8,10,12,13,14",France,
top14,2017/2018,Francois van der Merwe,Lyon,437,12,5,7,1983-10-04,"4,5",France,
top14,2017/2018,Frank Halai,Section Paloise,557,8,7,1,1988-03-06,"11,14",Nouvelle Zélande,
top14,2017/2018,Fritz Lee,ASM Clermont Auvergne,1200,17,16,1,1988-08-29,"6,8",Samoa,
top14,2017/2018,Frédéric Michalak,Lyon,735,21,6,15,1982-10-16,"9,10,11",France,
top14,2017/2018,Fulgence Ouedraogo,Montpellier Herault Rugby,1533,24,18,6,1986-07-21,"5,6,7",France,
top14,2017/2018,Gabriel Lacroix,Stade Rochelais,747,10,10,0,1993-10-19,14,France,
top14,2017/2018,Gabriel Ngandebe,Montpellier Herault Rugby,463,11,5,6,1997-03-30,"11,13,14",France,
top14,2017/2018,Gael Fickou,Stade Toulousain,1288,17,15,2,1994-03-26,"12,13",France,
top14,2017/2018,Gaetan Germain,CA Brive,1036,18,13,5,1990-07-02,"10,11,12,13,15",France,
top14,2017/2018,Gauthier Doubrere,Union Bordeaux-Begles,89,4,1,3,1995-12-24,9,France,
top14,2017/2018,Gela Aprasidze,Montpellier Herault Rugby,5,1,0,1,1998-01-14,9,Géorgie,
top14,2017/2018,Geoffrey Cros,Union Bordeaux-Begles,217,5,4,1,1997-03-08,"14,15",France,
top14,2017/2018,Geoffrey Doumayrou,Stade Rochelais,780,12,11,1,1989-09-16,"11,12,13",France,
top14,2017/2018,Geoffrey Fabbri,Oyonnax,593,13,9,4,1992-06-17,"4,5",France,
top14,2017/2018,Geoffrey Moise,Section Paloise,26,1,0,1,1991-08-20,1,France,
top14,2017/2018,Geoffrey Palis,Castres Olympique,138,2,2,0,1991-07-08,"11,15",France,
top14,2017/2018,George Tilsley,Agen,1195,17,16,1,1992-02-27,"11,14",Nouvelle Zélande,
top14,2017/2018,Georges-Henri Colombe,Racing 92,78,2,0,2,1998-04-09,"1,3",France,
top14,2017/2018,Gillian Galan,Stade Toulousain,554,13,8,5,1991-08-07,"5,6,8",France,
top14,2017/2018,Giorgi Tetrashvili,Agen,456,15,3,12,1993-08-31,1,Géorgie,
top14,2017/2018,Gregory Alldritt,Stade Rochelais,331,10,3,7,1997-03-23,"5,6,7,8",France,
top14,2017/2018,Gregory Fichten,Montpellier Herault Rugby,759,19,11,8,1990-08-13,1,France,
top14,2017/2018,Gregory Lamboley,Stade Rochelais,458,14,3,11,1982-01-12,"4,5,6,7,8",France,
top14,2017/2018,Greig Laidlaw,ASM Clermont Auvergne,663,13,8,5,1985-10-12,"9,15",Ecosse,
top14,2017/2018,Guilhem Guirado,RC Toulon,685,14,9,5,1986-06-17,2,France,
top14,2017/2018,Guillaume Namy,CA Brive,644,10,9,1,1989-04-03,"11,14",France,
top14,2017/2018,Gurthro Steenkamp,Stade Francais Paris,337,10,5,5,1981-06-12,1,Afrique du Sud,
top14,2017/2018,Hamza Kaabeche,Lyon,54,2,1,1,1996-09-23,1,France,
top14,2017/2018,Heinke van der Merwe,Stade Francais Paris,546,9,8,1,1985-05-03,1,Afrique du Sud,
top14,2017/2018,Hemani Paea,Lyon,219,6,2,4,1985-07-30,"12,13,14",Tonga,
top14,2017/2018,Hendrik Roodt,Lyon,1228,24,17,7,1987-11-06,"4,5,8",Afrique du Sud,
top14,2017/2018,Henry Chavancy,Racing 92,1143,15,15,0,1988-05-22,"12,13",France,
top14,2017/2018,Henry Immelman,Montpellier Herault Rugby,953,19,11,8,1995-05-26,"13,15",Afrique du Sud,
top14,2017/2018,Hikairo Forbes,Stade Rochelais,822,19,10,9,1986-03-05,2,Nouvelle Zélande,
top14,2017/2018,Hikawera Elliot,Oyonnax,988,16,12,4,1986-01-22,"2,4,5,6,8",Nouvelle Zélande,
top14,2017/2018,Hoani Tui,Oyonnax,605,10,9,1,1984-05-29,3,Nouvelle Zélande,
top14,2017/2018,Hugh Chalmers,Union Bordeaux-Begles,205,4,3,1,1984-11-28,7,Nouvelle Zélande,
top14,2017/2018,Hugh Pyle,Stade Francais Paris,912,19,9,10,1988-09-21,"4,5,6,7",Australie,
top14,2017/2018,Hugo Bonneval,RC Toulon,1034,15,13,2,1990-11-19,"13,15",France,
top14,2017/2018,Hugo Verdu,Agen,204,13,1,12,1996-10-24,"6,9,12",France,
top14,2017/2018,Iban Etcheverry,Union Bordeaux-Begles,34,2,0,2,1998-10-23,"11,13",France,
top14,2017/2018,Ignacio Calles,Section Paloise,16,1,0,1,1995-10-24,1,Argentine,
top14,2017/2018,Ignacio Mieres,Agen,379,10,6,4,1987-04-06,10,Argentine,
top14,2017/2018,Irakli Mirtskhulava,Oyonnax,833,14,14,0,1988-12-22,3,Géorgie,
top14,2017/2018,Isaia Toeava,ASM Clermont Auvergne,773,12,10,2,1986-01-15,"10,12,13,15",Samoa,
top14,2017/2018,JP Pietersen,RC Toulon,701,15,8,7,1986-07-12,"11,12,13,14,15",Afrique du Sud,
top14,2017/2018,Jacobus van Tonder,ASM Clermont Auvergne,25,1,0,1,1998-03-03,4,Afrique du Sud,
top14,2017/2018,Jacques du Plessis,Montpellier Herault Rugby,572,9,9,0,1993-08-12,"4,5,8",Afrique du Sud,
top14,2017/2018,Jake McIntyre,Agen,1386,21,18,3,1994-04-28,10,Australie,
top14,2017/2018,Jale Vatubua,Section Paloise,1212,19,15,4,1991-08-30,"11,12,13,14",Fidji,
top14,2017/2018,James Hall,Oyonnax,1101,20,13,7,1996-01-02,"9,10",Afrique du Sud,
top14,2017/2018,James Johnston,CA Brive,494,13,8,5,1986-03-06,"3,5",Samoa,
top14,2017/2018,Jamie Mackintosh,Section Paloise,916,25,4,21,1985-02-20,1,Nouvelle Zélande,
top14,2017/2018,Jan Serfontein,Montpellier Herault Rugby,775,10,10,0,1993-04-15,12,Afrique du Sud,
top14,2017/2018,Jan Uys,CA Brive,612,11,7,4,1994-01-03,"4,5",Afrique du Sud,
top14,2017/2018,Jandre Marais,Union Bordeaux-Begles,1655,24,23,1,1989-06-14,"4,5",Afrique du Sud,
top14,2017/2018,Jannie du Plessis,Montpellier Herault Rugby,562,11,10,1,1982-11-16,3,Afrique du Sud,
top14,2017/2018,Jarrad Hoeata,Montpellier Herault Rugby,344,9,7,2,1983-12-12,"4,5",Nouvelle Zélande,
top14,2017/2018,Jarrod Poi,Stade Toulousain,252,8,2,6,1994-02-22,"12,13",Nouvelle Zélande,
top14,2017/2018,Jason Eaton,Stade Rochelais,920,15,11,4,1982-08-21,"4,5,6",Nouvelle Zélande,
top14,2017/2018,Jayden Spence,Union Bordeaux-Begles,288,5,3,2,1991-08-14,13,Nouvelle Zélande,
top14,2017/2018,Jean Monribot,RC Toulon,712,14,8,6,1987-10-11,"4,6,7,8",France,
top14,2017/2018,Jean-Baptiste Dubie,Union Bordeaux-Begles,1212,18,18,0,1989-07-16,"11,13",France,
top14,2017/2018,Jean-Baptiste Gros,RC Toulon,26,1,0,1,1999-05-29,1,France,
top14,2017/2018,Jean-Baptiste Poux,Union Bordeaux-Begles,151,8,1,7,1979-09-26,"1,3",France,
top14,2017/2018,Jean-Charles Orioli,Stade Rochelais,179,6,2,4,1989-08-09,2,France,
top14,2017/2018,Jean-Marc Doussain,Stade Toulousain,774,19,9,10,1991-02-12,"9,10,12,14,15",France,
top14,2017/2018,Jean-Marcellin Buttin,Lyon,1356,18,17,1,1991-12-16,"12,15",France,
top14,2017/2018,Jean-Pascal Barraque,Union Bordeaux-Begles,257,6,2,4,1991-04-24,"10,14,15",France,
top14,2017/2018,Jean-Victor Goillot,Stade Rochelais,254,11,3,8,1998-02-10,"9,10,11",France,
top14,2017/2018,Jefferson Poirot,Union Bordeaux-Begles,648,14,9,5,1992-11-01,1,France,
top14,2017/2018,Jeremie Maurouard,Stade Rochelais,446,11,5,6,1992-09-23,2,France,
top14,2017/2018,Jeremy Gondrand,Oyonnax,921,23,12,11,1990-02-23,"9,10",France,
top14,2017/2018,Jeremy Hurou,Section Paloise,49,2,0,2,1984-03-26,1,France,
top14,2017/2018,Jeremy Russell,Agen,71,2,1,1,1994-07-09,10,France,
top14,2017/2018,Jeremy Sinzelle,Stade Rochelais,1523,22,19,3,1990-07-02,"10,11,12,13,14,15",France,
top14,2017/2018,Jesse Mogg,Montpellier Herault Rugby,792,13,12,1,1989-06-08,15,Australie,
top14,2017/2018,Jimi Maximin,Montpellier Herault Rugby,79,4,0,4,1999-04-03,"4,5",France,
top14,2017/2018,Jimmy Yobo,Stade Francais Paris,885,17,10,7,1992-02-20,"11,12,13,14",France,
top14,2017/2018,Jocelino Suta,RC Toulon,219,9,2,7,1982-11-18,"4,5,6,7",France,
top14,2017/2018,Jody Jenneker,Castres Olympique,1527,26,22,4,1984-04-10,2,Afrique du Sud,
top14,2017/2018,Joe Rokocoko,Racing 92,1080,18,13,5,1983-06-06,"11,12,13,14",Nouvelle Zélande,
top14,2017/2018,Joe Tekori,Stade Toulousain,1125,27,14,13,1983-12-17,"4,5,6,7,8",Samoa,
top14,2017/2018,Joe Tomane,Montpellier Herault Rugby,1208,21,15,6,1990-02-11,"11,12,13,14,15",Australie,
top14,2017/2018,Joffrey Michel,Montpellier Herault Rugby,234,7,2,5,1987-03-04,"11,13,14",France,
top14,2017/2018,Johan Aliouat,Union Bordeaux-Begles,278,11,2,9,1993-01-22,"4,5,8",France,
top14,2017/2018,Johan Snyman,CA Brive,619,15,7,8,1986-07-09,"4,5",Afrique du Sud,
top14,2017/2018,Johann Sadie,Agen,1070,16,13,3,1989-01-23,"12,13",Afrique du Sud,
top14,2017/2018,Johannes Jonker,Montpellier Herault Rugby,358,7,4,3,1994-08-22,3,Afrique du Sud,
top14,2017/2018,John Ulugia,ASM Clermont Auvergne,498,13,7,6,1986-01-17,2,Nouvelle Zélande,
top14,2017/2018,Jonathan Danty,Stade Francais Paris,1452,19,19,0,1992-10-07,12,France,
top14,2017/2018,Jonathan Pelissie,Lyon,864,20,10,10,1988-06-06,9,France,
top14,2017/2018,Jonathan Wisniewski,RC Toulon,222,7,2,5,1985-07-16,"10,12",France,
top14,2017/2018,Jone Qovu Nailiko,Stade Rochelais,676,10,8,2,1985-07-26,"4,5",Fidji,
top14,2017/2018,Jone Tuva,Lyon,160,2,2,0,1996-03-23,11,Fidji,
top14,2017/2018,Jose Lima,Oyonnax,22,1,0,1,1992-04-24,11,Portugal,
top14,2017/2018,Josh Bekhuis,Lyon,352,9,3,6,1986-04-26,"4,5,6",Nouvelle Zélande,
top14,2017/2018,Josua Tuisova,RC Toulon,1235,17,16,1,1994-02-04,"11,13,14,15",Fidji,
top14,2017/2018,Juan Imhoff,Racing 92,1194,16,14,2,1988-05-11,"10,11,14,15",Argentine,
top14,2017/2018,Juan Martin Fernandez Lobbe,RC Toulon,897,19,12,7,1981-11-19,"4,5,6,7,8",Argentine,
top14,2017/2018,Juandre Kruger,RC Toulon,985,17,13,4,1985-09-06,"4,5,6,7",Afrique du Sud,
top14,2017/2018,Judicael Cancoriet,ASM Clermont Auvergne,844,14,11,3,1996-04-25,"6,7",France,
top14,2017/2018,Jules Gimbert,Union Bordeaux-Begles,33,4,0,4,1998-03-02,"9,10,14",France,
top14,2017/2018,Jules Plisson,Stade Francais Paris,1319,22,17,5,1991-08-20,"10,14,15",France,
top14,2017/2018,Julien Arias,Stade Francais Paris,1354,18,18,0,1983-10-26,"11,14",France,
top14,2017/2018,Julien Audy,Oyonnax,133,5,1,4,1984-11-21,9,France,
top14,2017/2018,Julien Bardy,Montpellier Herault Rugby,895,21,14,7,1986-04-03,"6,7,8",Portugal,
top14,2017/2018,Julien Brugnaut,CA Brive,354,10,4,6,1981-11-17,1,France,
top14,2017/2018,Julien Caminati,Castres Olympique,729,11,9,2,1985-10-28,"11,14,15",France,
top14,2017/2018,Julien Delannoy,Montpellier Herault Rugby,187,8,2,6,1995-06-15,"4,5,6,7",France,
top14,2017/2018,Julien Dumora,Castres Olympique,1856,24,24,0,1988-03-24,15,France,
top14,2017/2018,Julien Fumat,Section Paloise,893,17,12,5,1987-03-26,"11,13,14",France,
top14,2017/2018,Julien Heriteau,Agen,1287,21,16,5,1994-09-12,"12,13,14",France,
top14,2017/2018,Julien Ledevedec,CA Brive,911,15,12,3,1986-06-04,"4,7,8",France,
top14,2017/2018,Julien Marchand,Stade Toulousain,1024,20,15,5,1995-05-10,2,France,
top14,2017/2018,Julien Pierre,Section Paloise,1118,22,17,5,1981-07-31,"4,5",France,
top14,2017/2018,Julien Puricelli,Lyon,1726,23,22,1,1981-08-01,"6,8",France,
top14,2017/2018,Julien Rey,Union Bordeaux-Begles,594,9,8,1,1986-09-01,"12,13",France,
top14,2017/2018,Julien Ruaud,ASM Clermont Auvergne,265,7,1,6,1997-12-07,"6,7,8",France,
top14,2017/2018,Julien Tomas,Section Paloise,782,24,8,16,1985-04-21,9,France,
top14,2017/2018,Kamaliele Tufele,Agen|Stade Rochelais,161,5,1,4,1995-10-11,"1,3",France,
top14,2017/2018,Karlen Asieshvili,CA Brive,813,19,13,6,1987-04-21,1,Géorgie,
top14,2017/2018,Kelian Galletier,Montpellier Herault Rugby,1271,18,16,2,1992-03-18,"6,7,8",France,
top14,2017/2018,Kevin Buys,Oyonnax,87,4,0,4,1986-04-26,"1,3",Afrique du Sud,
top14,2017/2018,Kevin Firmin,Castres Olympique,231,8,2,6,1992-04-20,2,France,
top14,2017/2018,Kevin Gourdon,Stade Rochelais,853,14,11,3,1990-01-23,"6,7,8,10",France,
top14,2017/2018,Kevin Kornath,Montpellier Herault Rugby,41,3,0,3,1996-12-27,"6,8",France,
top14,2017/2018,Khatchik Vartan,Oyonnax,731,17,8,9,1993-02-06,"1,7",France,
top14,2017/2018,Kini Murimurivalu,Stade Rochelais,948,14,12,2,1989-05-15,"11,12,13,14,15",Fidji,
top14,2017/2018,Kitione Kamikamica,Union Bordeaux-Begles,21,1,0,1,1996-04-27,5,Fidji,
top14,2017/2018,Konstantine Mikautadze,Montpellier Herault Rugby,441,11,5,6,1991-07-01,"4,5",Géorgie,
top14,2017/2018,Kylian Jaminet,Castres Olympique,80,1,1,0,1995-12-28,14,France,
top14,2017/2018,Laurent Bouchet,Section Paloise,389,13,3,10,1988-01-23,2,France,
top14,2017/2018,Laurent Delboulbes,RC Toulon,352,12,3,9,1986-11-17,1,France,
top14,2017/2018,Laurent Panis,Stade Francais Paris,243,8,2,6,1993-04-23,2,France,
top14,2017/2018,Laurent Sempere,Stade Francais Paris,566,13,10,3,1985-07-09,2,France,
top14,2017/2018,Leandro Cedaro,Agen,190,5,3,2,1988-02-16,"4,5",Italie,
top14,2017/2018,Lekso Kaulashvili,Stade Rochelais,567,12,8,4,1992-08-27,"1,3",Géorgie,
top14,2017/2018,Leo Aouf,Stade Rochelais,23,2,0,2,1997-02-25,1,France,
top14,2017/2018,Leo Ghirard,Agen,135,2,2,0,1995-04-30,"6,7",France,
top14,2017/2018,Leonard Paris,Racing 92,72,1,1,0,1996-03-20,13,France,
top14,2017/2018,Leonardo Ghiraldini,Stade Toulousain,741,19,9,10,1984-12-26,2,Italie,
top14,2017/2018,Leone Nakarawa,Racing 92,1579,22,20,2,1988-04-02,"4,5,8",Fidji,
top14,2017/2018,Leroy Houston,Union Bordeaux-Begles,1264,21,18,3,1986-11-10,"6,8",Australie,
top14,2017/2018,Levan Chilachava,RC Toulon,382,11,3,8,1991-08-17,3,Géorgie,
top14,2017/2018,Levani Botia,Stade Rochelais,853,13,11,2,1989-03-14,"6,7,8",Fidji,
top14,2017/2018,Liam Gill,Lyon,1708,25,24,1,1992-06-08,"7,8",Australie,
top14,2017/2018,Lionel Beauxis,Lyon,960,15,13,2,1985-10-24,"10,14",France,
top14,2017/2018,Loann Goujon,Union Bordeaux-Begles,1261,19,17,2,1989-04-23,"4,6,7,8",France,
top14,2017/2018,Loic Jacquet,Castres Olympique,1280,23,20,3,1985-03-31,"4,5",France,
top14,2017/2018,Loick Jammes,Agen,104,4,0,4,1994-11-10,2,France,
top14,2017/2018,Loni Uhila,ASM Clermont Auvergne,289,9,3,6,1989-04-07,"1,3",Tonga,
top14,2017/2018,Lorenzo Cittadini,Stade Francais Paris,295,9,3,6,1982-12-17,3,Italie,
top14,2017/2018,Loris Tolot,Agen,544,9,7,2,1993-03-03,"10,11,14,15",France,
top14,2017/2018,Louis Carbonel,RC Toulon,142,5,2,3,1999-02-04,10,France,
top14,2017/2018,Louis Dupichot,Racing 92,1431,20,18,2,1995-09-23,"11,12,14,15",France,
top14,2017/2018,Louis Picamoles,Montpellier Herault Rugby,1348,19,16,3,1986-02-05,"6,8",France,
top14,2017/2018,Louis-Benoit Madaule,Stade Toulousain,1006,23,12,11,1988-09-24,"1,6,7,8",France,
top14,2017/2018,Lourens Adriaanse,Section Paloise,508,17,4,13,1988-02-05,3,Afrique du Sud,
top14,2017/2018,Luc Barba,Oyonnax,131,3,2,1,1992-01-30,7,France,
top14,2017/2018,Luc Ducalcon,Racing 92,234,7,2,5,1984-01-02,3,France,
top14,2017/2018,Luc Mousset,Stade Rochelais,85,5,1,4,1994-04-03,3,France,
top14,2017/2018,Lucas Da Silva,Stade Francais Paris,103,3,0,3,1997-12-19,2,France,
top14,2017/2018,Lucas Pointud,Stade Toulousain,716,13,11,2,1988-01-18,1,France,
top14,2017/2018,Lucas Rey,Section Paloise,303,13,2,11,1997-04-27,2,France,
top14,2017/2018,Lucas Rubio,Agen,86,3,1,2,1991-05-29,9,France,
top14,2017/2018,Lucas Tauzin,Stade Toulousain,21,1,0,1,1998-05-21,15,France,
top14,2017/2018,Lucas Tolot,Agen,10,1,0,1,1991-03-03,12,France,
top14,2017/2018,Ludovic Radosavljevic,Castres Olympique,898,24,11,13,1989-08-17,"5,9,10",France,
top14,2017/2018,Luke Braid,Union Bordeaux-Begles,94,2,1,1,1988-10-05,"6,8",Nouvelle Zélande,
top14,2017/2018,Luke Jones,Union Bordeaux-Begles,1137,17,16,1,1991-04-02,"4,5,6,7",Australie,
top14,2017/2018,Luke McAlister,ASM Clermont Auvergne|RC Toulon,650,12,9,3,1983-08-28,"10,12",Nouvelle Zélande,
top14,2017/2018,Ma'a Nonu,RC Toulon,1205,19,15,4,1982-05-21,"12,13",Nouvelle Zélande,
top14,2017/2018,Maama Vaipulu,Castres Olympique,980,21,14,7,1989-07-21,"6,7,8",Tonga,
top14,2017/2018,Mahamadou Diaby,Union Bordeaux-Begles,1523,22,20,2,1990-08-15,"4,6,7",France,
top14,2017/2018,Maks van Dyk,Stade Toulousain,351,10,2,8,1992-01-21,3,Afrique du Sud,
top14,2017/2018,Malakai Fekitoa,RC Toulon,1016,15,14,1,1992-05-10,"12,13",Tonga,
top14,2017/2018,Malietoa Hingano,ASM Clermont Auvergne,90,2,1,1,1992-01-27,13,Tonga,
top14,2017/2018,Malik Hamadache,Section Paloise,1209,24,15,9,1988-10-17,3,France,
top14,2017/2018,Mamuka Gorgodze,RC Toulon,720,14,9,5,1984-07-14,"4,5,6,7,8",France,
top14,2017/2018,Manuel Carizza,Racing 92,586,15,6,9,1984-08-23,"4,5,7",Argentine,
top14,2017/2018,Marc Andreu,Racing 92,676,12,8,4,1985-12-27,"10,11,12,14",France,
top14,2017/2018,Marc Barthomeuf,Agen,251,8,3,5,1991-07-19,2,France,
top14,2017/2018,Marc Clerc,Union Bordeaux-Begles,224,9,2,7,1987-06-09,3,France,
top14,2017/2018,Marc-Antoine Rallier,Castres Olympique,542,24,5,19,1988-12-02,2,France,
top14,2017/2018,Marcel van der Merwe,RC Toulon,1297,25,19,6,1990-10-24,3,Afrique du Sud,
top14,2017/2018,Marco Kotze,Agen,217,5,2,3,1986-08-25,"4,6,8",Afrique du Sud,
top14,2017/2018,Marco Tauleigne,Union Bordeaux-Begles,521,11,7,4,1993-08-30,"6,7,8",France,
top14,2017/2018,Martin Devergie,Montpellier Herault Rugby,617,12,7,5,1995-06-26,"4,6,7,8",France,
top14,2017/2018,Martin Puech,Section Paloise,529,14,5,9,1988-12-14,"5,6,7,8",France,
top14,2017/2018,Marvin O'Connor,Stade Francais Paris,1318,19,17,2,1991-04-18,"11,14",France,
top14,2017/2018,Masalosalo Tutaia,Section Paloise,195,6,1,5,1984-06-05,"4,5",Nouvelle Zélande,
top14,2017/2018,Mathias Colombet,Section Paloise,80,1,1,0,1997-05-01,15,France,
top14,2017/2018,Mathieu Babillot,Castres Olympique,1614,23,22,1,1993-09-09,"6,7,8",France,
top14,2017/2018,Mathieu Bastareaud,RC Toulon,1128,16,14,2,1988-09-17,"7,12,13",France,
top14,2017/2018,Mathieu Lamoulie,Agen,898,18,10,8,1990-08-07,"9,10,12,13,14,15",France,
top14,2017/2018,Mathieu Tanguy,Stade Rochelais,601,12,9,3,1996-06-05,"4,5",France,
top14,2017/2018,Mathieu de Giovanni,Stade Francais Paris,816,20,8,12,1994-01-10,"3,4,5,6,7",France,
top14,2017/2018,Matt Hopper,Oyonnax,645,9,8,1,1985-01-29,"12,13",Angleterre,
top14,2017/2018,Matthieu Jalibert,Union Bordeaux-Begles,716,11,9,2,1998-11-06,"10,12,15",France,
top14,2017/2018,Matthieu Ugalde,CA Brive,1618,25,20,5,1992-01-10,"6,10,12",France,
top14,2017/2018,Matthieu Ugena,Stade Francais Paris,306,9,4,5,1995-07-25,"5,6,7,8",France,
top14,2017/2018,Maurie Fa'asavalu,Oyonnax,31,2,0,2,1980-01-12,5,Samoa,
top14,2017/2018,Maxence Barjaud,ASM Clermont Auvergne,77,10,0,10,1996-03-25,"4,5",France,
top14,2017/2018,Maxime Gau,Stade Francais Paris,438,8,7,1,1990-12-05,2,France,
top14,2017/2018,Maxime Lamothe,Union Bordeaux-Begles,153,5,1,4,1998-10-03,"2,6",France,
top14,2017/2018,Maxime Machenaud,Racing 92,605,14,8,6,1988-12-30,"9,10",France,
top14,2017/2018,Maxime Medard,Stade Toulousain,1235,18,16,2,1986-11-16,"11,14,15",France,
top14,2017/2018,Maxime Veau,Oyonnax,436,12,3,9,1988-08-09,"12,13",France,
top14,2017/2018,Meddih Ahaouche,Agen,12,1,0,1,1996-05-09,2,France,
top14,2017/2018,Metuisela Talebula,Union Bordeaux-Begles,478,7,6,1,1991-05-20,"11,12,13,15",Fidji,
top14,2017/2018,Michael Simutoga,ASM Clermont Auvergne,179,6,3,3,1996-09-29,3,France,
top14,2017/2018,Mickael Ivaldi,Lyon,1363,25,23,2,1990-02-20,2,France,
top14,2017/2018,Mickael de Marco,Agen,715,14,12,2,1989-04-22,"5,8",France,
top14,2017/2018,Mihaita Lazar,Castres Olympique,155,4,2,2,1986-11-03,1,Roumanie,
top14,2017/2018,Mike Corbel,Stade Rochelais,443,10,6,4,1992-04-09,1,France,
top14,2017/2018,Mike Harris,Lyon,904,20,12,8,1988-07-08,"10,11,12,13,15",Australie,
top14,2017/2018,Mike Tadjer,CA Brive,887,20,13,7,1989-03-10,2,Portugal,
top14,2017/2018,Mikheil Nariashvili,Montpellier Herault Rugby,955,16,13,3,1990-05-25,1,Géorgie,
top14,2017/2018,Mitch Inman,Oyonnax,1341,20,17,3,1988-10-24,"12,13",Australie,
top14,2017/2018,Mohamed Boughanmi,Stade Rochelais,447,15,4,11,1991-10-27,3,France,
top14,2017/2018,Mohamed Haouas,Montpellier Herault Rugby,480,20,3,17,1994-03-09,"1,3",France,
top14,2017/2018,Morgan Parra,ASM Clermont Auvergne,750,13,9,4,1988-11-15,9,France,
top14,2017/2018,Morgan Phelipponneau,Agen,479,14,5,9,1989-09-05,1,France,
top14,2017/2018,Morne Steyn,Stade Francais Paris,886,20,9,11,1984-07-11,"10,12,13,14,15",Afrique du Sud,
top14,2017/2018,Na'ama Leleimalefaga,CA Brive,300,8,3,5,1987-11-20,1,France,
top14,2017/2018,Nadir Megdoud,CA Brive,438,8,6,2,1997-03-26,"11,14",France,
top14,2017/2018,Nans Ducuing,Union Bordeaux-Begles,1629,21,21,0,1991-11-06,"14,15",France,
top14,2017/2018,Nemani Nadolo,Montpellier Herault Rugby,1574,20,20,0,1988-01-31,11,Fidji,
top14,2017/2018,Nev Edwards,Union Bordeaux-Begles,310,4,4,0,1987-11-22,11,Angleterre,
top14,2017/2018,Nick Abendanon,ASM Clermont Auvergne,951,13,12,1,1986-08-27,"14,15",Angleterre,
top14,2017/2018,Nick Frisby,Union Bordeaux-Begles,403,9,5,4,1992-10-29,"9,11,14",Australie,
top14,2017/2018,Nicolaas Janse van Rensburg,Montpellier Herault Rugby,1546,23,19,4,1994-05-06,"4,5,7",Afrique du Sud,
top14,2017/2018,Nicolas Bezy,CA Brive,179,6,3,3,1989-09-26,"10,15",France,
top14,2017/2018,Nicolas Corato,Section Paloise,76,3,1,2,1997-10-07,3,France,
top14,2017/2018,Nicolas Metge,Agen,311,5,4,1,1994-05-04,"11,14",France,
top14,2017/2018,Noa Nakaitaci,ASM Clermont Auvergne,460,6,6,0,1990-07-11,"11,14",France,
top14,2017/2018,Ole Avei,Racing 92|Union Bordeaux-Begles,559,15,5,10,1983-06-13,2,Samoa,
top14,2017/2018,Opeti Fonua,Agen,264,6,5,1,1986-05-26,"7,8",Tonga,
top14,2017/2018,Otar Giorgadze,ASM Clermont Auvergne,66,3,0,3,1996-03-02,"4,7",Géorgie,
top14,2017/2018,Pablo Uberti,Union Bordeaux-Begles,133,4,0,4,1997-10-19,"12,13,15",France,
top14,2017/2018,Paddy Butler,Section Paloise,514,10,5,5,1990-12-01,"6,7,8",Irlande,
top14,2017/2018,Paea Fa'anunu,Castres Olympique,132,6,0,6,1988-11-04,3,Tonga,
top14,2017/2018,Pat Lambie,Racing 92,703,13,9,4,1990-10-17,"10,12,15",Afrique du Sud,
top14,2017/2018,Patricio Albacete,Racing 92,170,3,3,0,1981-02-09,5,France,
top14,2017/2018,Patricio Fernandez,ASM Clermont Auvergne,629,12,9,3,1994-10-11,"10,15",Argentine,
top14,2017/2018,Patrick Sobela,Oyonnax,1003,19,12,7,1992-08-12,"4,5,6,7,8",France,
top14,2017/2018,Patrick Tu'ugahala,Racing 92,14,1,0,1,1997-12-01,2,France,
top14,2017/2018,Paul Abadie,Agen,465,14,4,10,1994-07-28,9,France,
top14,2017/2018,Paul Alo-Emile,Stade Francais Paris,1149,24,16,8,1991-12-22,3,Samoa,
top14,2017/2018,Paul Gabrillagues,Stade Francais Paris,1388,19,18,1,1993-06-03,"4,5",France,
top14,2017/2018,Paul Jedrasiak,ASM Clermont Auvergne,1073,18,15,3,1993-02-06,"4,5",France,
top14,2017/2018,Paul Jordaan,Stade Rochelais,1237,18,15,3,1992-01-04,"12,13,15",Afrique du Sud,
top14,2017/2018,Paul Perez,Stade Toulousain,86,3,1,2,1986-07-26,"11,13,14",Samoa,
top14,2017/2018,Paul Willemse,Montpellier Herault Rugby,1250,20,15,5,1992-11-13,"4,5",France,
top14,2017/2018,Paul Williams,Stade Francais Paris,93,2,1,1,1983-04-22,13,Samoa,
top14,2017/2018,Paula Ngauamo,Agen,829,18,10,8,1990-02-19,2,Tonga,
top14,2017/2018,Peato Mauvaka,Stade Toulousain,22,1,0,1,1997-01-10,2,France,
top14,2017/2018,Peceli Yato,ASM Clermont Auvergne,756,14,10,4,1993-01-17,"4,6,7,8,12",Fidji,
top14,2017/2018,Peet Marais,CA Brive,1278,21,16,5,1990-10-31,"4,5,7",Afrique du Sud,
top14,2017/2018,Peni Ravai,Union Bordeaux-Begles,758,23,6,17,1990-06-16,"1,3",Fidji,
top14,2017/2018,Peter Betham,ASM Clermont Auvergne,1293,19,16,3,1989-01-06,"11,12,13,14",Australie,
top14,2017/2018,Peter Saili,Section Paloise,178,4,3,1,1988-01-04,"6,8",Nouvelle Zélande,
top14,2017/2018,Petrus Hauman,CA Brive,701,16,12,4,1986-01-12,"4,6,7,8",Afrique du Sud,
top14,2017/2018,Phoenix Battye,Oyonnax,1653,23,21,2,1990-09-28,"4,5",Australie,
top14,2017/2018,Piero Dominguez,Lyon,45,2,0,2,1995-06-05,10,Italie,
top14,2017/2018,Pierre Aguillon,Stade Rochelais,1236,19,17,2,1987-03-27,"9,12",France,
top14,2017/2018,Pierre Boudehent,Stade Rochelais,496,9,6,3,1998-02-06,"11,12,13,14",France,
top14,2017/2018,Pierre Bourgarit,Stade Rochelais,633,16,9,7,1997-09-12,2,France,
top14,2017/2018,Pierre Fouyssac,Agen,1253,20,16,4,1995-03-17,"6,12,14",France,
top14,2017/2018,Pierre Gayraud,Union Bordeaux-Begles,201,6,1,5,1992-03-27,"4,5,6",France,
top14,2017/2018,Pierre-Louis Barassi,Lyon,7,1,0,1,1998-04-22,13,France,
top14,2017/2018,Pierrick Gunther,Section Paloise,488,8,7,1,1989-10-16,"6,7,8",France,
top14,2017/2018,Pietro Ceccarelli,Oyonnax,539,20,4,16,1992-02-16,"1,3",Italie,
top14,2017/2018,Pio Muarua,Agen,40,1,0,1,1996-06-28,8,Fidji,
top14,2017/2018,Piula Fa'asalele,Stade Toulousain,921,19,10,9,1988-01-22,"4,5,6,7,8",Samoa,
top14,2017/2018,Poutasi Luafutu,CA Brive,996,20,11,9,1987-12-02,"6,7,8,12",Samoa,
top14,2017/2018,Quentin Bethune,Agen,1050,21,18,3,1995-09-25,1,France,
top14,2017/2018,Quentin Delord,Lyon,13,1,0,1,1999-02-10,,France,
top14,2017/2018,Quentin Etienne,Oyonnax,1350,19,18,1,1990-07-14,"11,15",France,
top14,2017/2018,Quentin Lespiaucq,Section Paloise,1371,25,21,4,1995-02-16,2,France,
top14,2017/2018,Quentin MacDonald,Oyonnax,1411,24,19,5,1988-09-25,2,Nouvelle Zélande,
top14,2017/2018,Rabah Slimani,ASM Clermont Auvergne,504,12,7,5,1989-10-18,"1,3",France,
top14,2017/2018,Ramiro Herrera,Stade Francais Paris,565,17,7,10,1989-02-14,3,Argentine,
top14,2017/2018,Raphael Chaume,ASM Clermont Auvergne,634,14,10,4,1989-04-29,1,France,
top14,2017/2018,Raphael Lakafia,RC Toulon,1416,20,17,3,1988-10-28,"6,7,8",France,
top14,2017/2018,Remi Bonfils,Stade Francais Paris,551,12,7,5,1988-09-26,"2,8",France,
top14,2017/2018,Remi Lamerat,ASM Clermont Auvergne,900,13,12,1,1990-01-14,"12,13",France,
top14,2017/2018,Remi Tales,Racing 92,758,14,10,4,1984-05-02,"10,12",France,
top14,2017/2018,Remy Grosso,ASM Clermont Auvergne,1219,16,15,1,1988-12-04,11,France,
top14,2017/2018,Rene Ranger,Stade Rochelais,250,4,3,1,1986-09-30,"11,14",Nouvelle Zélande,
top14,2017/2018,Retief Marais,CA Brive,106,3,0,3,1995-07-20,"5,6,7",Afrique du Sud,
top14,2017/2018,Richard Choirat,Lyon,386,11,3,8,1984-09-28,3,France,
top14,2017/2018,Richie Gray,Stade Toulousain,672,9,9,0,1989-08-24,"4,5",Ecosse,
top14,2017/2018,Ricky Januarie,Agen,1300,22,20,2,1982-01-02,9,Afrique du Sud,
top14,2017/2018,Robert Ebersohn,Castres Olympique,1467,23,18,5,1989-02-23,"12,13",Afrique du Sud,
top14,2017/2018,Rodrigo Capo Ortega,Castres Olympique,1102,21,14,7,1980-12-08,"4,5,6",Uruguay,
top14,2017/2018,Rodrigue Neti,Stade Toulousain,313,9,2,7,1995-04-26,1,France,
top14,2017/2018,Roimata Hansell-Pune,Oyonnax,310,10,4,6,1986-11-06,"12,13,15",Nouvelle Zélande,
top14,2017/2018,Romain Lonca,Union Bordeaux-Begles,644,10,9,1,1991-11-26,"12,13,14",France,
top14,2017/2018,Romain Martial,Stade Francais Paris,571,9,8,1,1984-11-13,"14,15",France,
top14,2017/2018,Romain Ntamack,Stade Toulousain,285,5,3,2,1999-05-01,10,France,
top14,2017/2018,Romain Ruffenach,Montpellier Herault Rugby,777,18,9,9,1994-09-04,"2,5",France,
top14,2017/2018,Romain Sazy,Stade Rochelais,1269,22,15,7,1986-10-14,"4,5,6,7",France,
top14,2017/2018,Romain Taofifenua,RC Toulon,1005,17,13,4,1990-09-14,"4,5",France,
top14,2017/2018,Romaric Camou,Stade Rochelais,119,3,1,2,1996-10-09,"9,15",France,
top14,2017/2018,Rory Grice,Oyonnax,1169,17,15,2,1990-04-02,"7,8",Nouvelle Zélande,
top14,2017/2018,Rory Kockott,Castres Olympique,1396,26,18,8,1986-06-25,"9,10",France,
top14,2017/2018,Ruan Pienaar,Montpellier Herault Rugby,1275,20,16,4,1984-03-10,9,Afrique du Sud,
top14,2017/2018,Rudi Wulf,Lyon,1550,21,20,1,1984-02-02,"12,13",Samoa,
top14,2017/2018,Rudy Gahetau,RC Toulon,78,4,0,4,1996-04-08,"6,7,8",France,
top14,2017/2018,Ryan Chapuis,Stade Francais Paris,9,1,0,1,1997-12-12,7,France,
top14,2017/2018,Ryan Lamb,Stade Rochelais,555,10,7,3,1986-05-18,"10,12",Angleterre,
top14,2017/2018,Rynhardt Elstadt,Stade Toulousain,833,15,12,3,1989-12-20,"5,6,7,8",Afrique du Sud,
top14,2017/2018,Said Hireche,CA Brive,1599,23,20,3,1985-05-27,"6,7,8",France,
top14,2017/2018,Sakaria Taulafo,Stade Francais Paris,62,2,1,1,1983-01-29,"1,3",Samoa,
top14,2017/2018,Samu Manoa,RC Toulon,832,18,10,8,1985-03-05,"2,4,5,6,7,8",Etats-Unis,
top14,2017/2018,Samuel Ezeala,ASM Clermont Auvergne,56,1,1,0,1999-12-11,14,Espagne,
top14,2017/2018,Samuel Marques,CA Brive,1461,24,19,5,1988-12-08,9,Portugal,
top14,2017/2018,Scott Spedding,ASM Clermont Auvergne,730,13,8,5,1986-05-04,"9,10,11,14,15",France,
top14,2017/2018,Sean Dougall,Section Paloise,913,15,13,2,1989-10-28,"7,8",Irlande,
top14,2017/2018,Sebastien Bezy,Stade Toulousain,993,14,12,2,1991-11-22,"9,10",France,
top14,2017/2018,Sebastien Taofifenua,Union Bordeaux-Begles,757,19,11,8,1992-03-21,"1,2",France,
top14,2017/2018,Sebastien Tillous-Borde,RC Toulon,561,13,6,7,1985-04-29,9,France,
top14,2017/2018,Sebastien Vahaamahina,ASM Clermont Auvergne,406,6,6,0,1991-10-21,5,France,
top14,2017/2018,Sekou Macalou,Stade Francais Paris,1050,17,12,5,1995-04-20,"6,7,8,14",France,
top14,2017/2018,Selevasio Tolofua,Stade Toulousain,241,7,1,6,1997-05-31,"7,8",France,
top14,2017/2018,Semi Kunatani,Stade Toulousain,210,5,2,3,1990-10-27,"6,7,8",Fidji,
top14,2017/2018,Semi Radradra,RC Toulon,1366,17,17,0,1992-06-13,"11,13",Fidji,
top14,2017/2018,Seremaia Burotu,CA Brive,457,6,6,0,1987-07-19,12,Fidji,
top14,2017/2018,Sergio Parisse,Stade Francais Paris,768,10,10,0,1983-09-12,8,Italie,
top14,2017/2018,Setariki Tuicuvu,ASM Clermont Auvergne,322,6,4,2,1995-09-07,"11,14,15",Fidji,
top14,2017/2018,Sevanaia Galala,CA Brive,842,15,10,5,1993-01-29,"10,12,13,14",Fidji,
top14,2017/2018,Shane Geraghty,Stade Francais Paris,136,4,1,3,1986-08-12,"10,12,15",Angleterre,
top14,2017/2018,Shay Kerry,Oyonnax,22,1,0,1,1995-02-10,5,Angleterre,
top14,2017/2018,Siegfried Fisi'ihoi,Stade Francais Paris,447,10,5,5,1987-06-08,1,Tonga,
top14,2017/2018,Sila Puafisi,CA Brive,779,16,11,5,1988-04-15,3,Tonga,
top14,2017/2018,Silvere Tian,Oyonnax,200,6,2,4,1980-07-19,"10,15",France,
top14,2017/2018,Simon Bienvenu,Racing 92,8,1,0,1,,13,France,
top14,2017/2018,Simon Hickey,Union Bordeaux-Begles,838,13,12,1,1994-01-12,"10,13",Nouvelle Zélande,
top14,2017/2018,Sipili Falatea,ASM Clermont Auvergne,18,2,0,2,1997-06-06,3,France,
top14,2017/2018,Sisa Koyamaibole,CA Brive,822,14,12,2,1980-03-06,"5,8",Fidji,
top14,2017/2018,Sitaleki Timani,ASM Clermont Auvergne,943,15,12,3,1986-09-19,"4,5",Tonga,
top14,2017/2018,So'otala Fa'aso'o,Racing 92,309,8,4,4,1994-10-02,"6,7,8",Samoa,
top14,2017/2018,Sofiane Guitoune,Stade Toulousain,424,10,4,6,1989-03-27,"11,12,13,14,15",France,
top14,2017/2018,Soso Bekoshvili,CA Brive,225,7,1,6,1993-11-03,3,Géorgie,
top14,2017/2018,Steeve Barry,Stade Rochelais,674,15,7,8,1991-04-18,"11,12,13,14,15",France,
top14,2017/2018,Steevy Cerqueira,Stade Francais Paris,299,9,3,6,1993-08-09,"4,5,6,7,13",Portugal,
top14,2017/2018,Steffon Armitage,Section Paloise,1614,21,21,0,1985-09-20,"7,8",Angleterre,
top14,2017/2018,Stephane Clement,Lyon,736,21,7,14,1987-09-03,"1,3",France,
top14,2017/2018,Steve Mafi,Castres Olympique,428,12,3,9,1989-12-09,"4,6,7,8",Tonga,
top14,2017/2018,Steven Sykes,Oyonnax,579,15,8,7,1984-08-05,"4,5,6,8",Afrique du Sud,
top14,2017/2018,Swan Rebbadj,RC Toulon,753,11,9,2,1995-01-15,"4,5,6,7",France,
top14,2017/2018,Sylvain Charlet,Section Paloise,287,7,6,1,1985-08-22,3,France,
top14,2017/2018,Sylvain Nicolas,Stade Francais Paris,60,1,1,0,1987-06-21,7,France,
top14,2017/2018,Taiasina Tuifua,Lyon,828,22,9,13,1984-08-20,"4,6,7,8",Samoa,
top14,2017/2018,Takudzwa Ngwenya,CA Brive,415,6,5,1,1985-07-22,"11,14",Etats-Unis,
top14,2017/2018,Talalelei Gray,Stade Toulousain,855,17,12,5,1990-02-28,"6,7,8",Samoa,
top14,2017/2018,Tamaz Mchedlidze,Agen,869,16,10,6,1993-03-17,"6,12,13,14,15",Géorgie,
top14,2017/2018,Tawera Kerr-Barlow,Stade Rochelais,489,11,7,4,1990-08-15,9,Nouvelle Zélande,
top14,2017/2018,Taylor Paris,Castres Olympique,155,3,2,1,1992-10-06,"11,12",Canada,
top14,2017/2018,Teddy Baubigny,Racing 92,84,5,0,5,1998-09-02,2,France,
top14,2017/2018,Teddy Iribaren,Racing 92,1134,20,14,6,1990-09-25,9,France,
top14,2017/2018,Teddy Thomas,Racing 92,940,13,12,1,1993-09-18,"11,13,14",France,
top14,2017/2018,Terry Bouhraoua,Stade Francais Paris,166,6,1,5,1987-08-29,9,France,
top14,2017/2018,Theo Belan,Lyon,748,15,8,7,1992-11-15,"11,12,13,14",France,
top14,2017/2018,Theo Millet,Stade Francais Paris,435,7,4,3,1997-07-08,"11,12,13,15",France,
top14,2017/2018,Theophile Cotte,Lyon,150,5,1,4,1993-04-26,"4,6,7",France,
top14,2017/2018,Thibault Daubagna,Section Paloise,1298,25,18,7,1994-05-20,9,France,
top14,2017/2018,Thibault Lassalle,Castres Olympique,894,16,12,4,1987-08-22,"4,5",France,
top14,2017/2018,Thibault Tauleigne,Oyonnax,50,2,0,2,1996-11-10,"4,8",France,
top14,2017/2018,Thibaut Regard,Lyon,1985,26,25,1,1993-08-06,"12,13",France,
top14,2017/2018,Thierry Paiva,Union Bordeaux-Begles,135,6,1,5,1995-11-19,1,France,
top14,2017/2018,Thomas Acquier,CA Brive,399,13,2,11,1989-11-21,"2,7",France,
top14,2017/2018,Thomas Bianchin,Section Paloise,18,1,0,1,1987-08-11,2,France,
top14,2017/2018,Thomas Combezou,Castres Olympique,1391,25,17,8,1987-01-26,"12,13,15",France,
top14,2017/2018,Thomas Darmon,Montpellier Herault Rugby,98,6,1,5,1998-05-12,"10,13",France,
top14,2017/2018,Thomas Domingo,Section Paloise,1073,23,22,1,1985-08-20,1,France,
top14,2017/2018,Thomas Jolmes,Stade Rochelais,464,8,8,0,1995-10-08,"4,5",France,
top14,2017/2018,Thomas Laclayat,Oyonnax,37,2,0,2,1997-10-02,3,France,
top14,2017/2018,Thomas Laranjeira,CA Brive,1300,22,15,7,1992-05-05,"10,12,13,15",France,
top14,2017/2018,Thomas Ramos,Stade Toulousain,1718,24,21,3,1995-07-23,"10,11,15",France,
top14,2017/2018,Thomas Vincent,Agen,136,5,1,4,1999-07-21,"10,13",France,
top14,2017/2018,Tian Schoeman,Union Bordeaux-Begles,585,12,6,6,1991-09-23,"10,12,15",Afrique du Sud,
top14,2017/2018,Tim Giresse,Oyonnax,80,1,1,0,1993-09-07,11,France,
top14,2017/2018,Timilai Rokoduru,Lyon,131,2,2,0,1993-01-21,"11,14",Fidji,
top14,2017/2018,Timoci Nagusa,Montpellier Herault Rugby,755,10,10,0,1987-07-14,"14,15",Fidji,
top14,2017/2018,Toa Halafihi,Lyon,654,12,9,3,1993-11-27,"7,8",Italie,
top14,2017/2018,Toby Arnold,Lyon,2010,25,25,0,1987-09-11,"14,15",Nouvelle Zélande,
top14,2017/2018,Tom Murday,Agen,985,21,9,12,1989-04-27,"4,5",Australie,
top14,2017/2018,Tom Taylor,Section Paloise,1227,22,13,9,1989-03-11,"10,11,12,14,15",Nouvelle Zélande,
top14,2017/2018,Tommy Raynaud,Oyonnax,975,22,16,6,1994-06-13,"1,3",France,
top14,2017/2018,Tony Ensor,Stade Francais Paris,1403,19,18,1,1991-05-11,"11,15",Nouvelle Zélande,
top14,2017/2018,Tudor Stroe,Castres Olympique,541,26,1,25,1993-09-06,1,France,
top14,2017/2018,Uini Atonio,Stade Rochelais,1330,24,19,5,1990-03-26,3,France,
top14,2017/2018,Ulupano Seuteni,Oyonnax,1342,20,18,2,1993-12-09,"10,12,13,14,15",Samoa,
top14,2017/2018,Vadim Cobilas,Union Bordeaux-Begles,1460,23,22,1,1983-07-30,3,France,
top14,2017/2018,Vakhtangi Akhobadze,Agen,266,7,3,4,1993-05-07,3,Géorgie,
top14,2017/2018,Valentin Saurs,Agen,274,4,3,1,1995-02-12,"10,11",France,
top14,2017/2018,Valentin Ursache,Oyonnax,1565,22,22,0,1985-12-08,"5,6,7",Roumanie,
top14,2017/2018,Vasil Kakovin,Racing 92,879,23,11,12,1989-12-01,1,Géorgie,
top14,2017/2018,Vasil Lobzhanidze,CA Brive,143,6,1,5,1996-10-14,9,Géorgie,
top14,2017/2018,Victor Moreaux,Castres Olympique,351,8,4,4,1993-09-19,5,France,
top14,2017/2018,Victor Vito,Stade Rochelais,1693,23,21,2,1987-03-27,"7,8",Nouvelle Zélande,
top14,2017/2018,Viliami Ma'afu,Oyonnax,462,13,4,9,1982-03-09,"4,5,6,7,8,12",Tonga,
top14,2017/2018,Viliamu Afatia,Racing 92,562,15,5,10,1990-05-24,1,Samoa,
top14,2017/2018,Vilikisa Salawa,Agen,171,3,2,1,1991-10-20,"11,14",Fidji,
top14,2017/2018,Vincent Clerc,RC Toulon,657,9,8,1,1981-05-07,"11,14",France,
top14,2017/2018,Vincent Debaty,Oyonnax,334,13,2,11,1981-10-02,"1,3",France,
top14,2017/2018,Vincent Farre,Agen,961,16,14,2,1990-06-06,"4,6,7,8",France,
top14,2017/2018,Vincent Giudicelli,Montpellier Herault Rugby,55,3,0,3,1997-06-25,2,France,
top14,2017/2018,Vincent Lasmarrigues,Oyonnax,449,7,7,0,1995-07-10,13,France,
top14,2017/2018,Vincent Martin,Montpellier Herault Rugby,460,11,4,7,1992-09-04,"13,14,15",France,
top14,2017/2018,Vincent Pelo,Stade Rochelais,269,11,1,10,1988-04-22,"1,3",France,
top14,2017/2018,Vincent Rattez,Stade Rochelais,1361,20,16,4,1992-03-24,"9,10,11,13,14,15",France,
top14,2017/2018,Virgile Bruni,Lyon,280,6,4,2,1989-02-06,"6,7,8",France,
top14,2017/2018,Virgile Lacombe,Lyon,619,22,3,19,1984-07-07,2,France,
top14,2017/2018,Virimi Vakatawa,Racing 92,874,13,11,2,1992-05-01,"11,12,13",France,
top14,2017/2018,Vito Kolelishvili,ASM Clermont Auvergne,740,13,11,2,1989-10-09,"6,7",Géorgie,
top14,2017/2018,Vivien Devisme,CA Brive,475,11,6,5,1992-03-23,1,France,
top14,2017/2018,Waisea Nayacalevu,Stade Francais Paris,1753,22,22,0,1990-06-26,13,Fidji,
top14,2017/2018,Wandile Mjekevu,Stade Toulousain,546,10,7,3,1991-01-07,"11,12,13,14",Afrique du Sud,
top14,2017/2018,Watisoni Votu,Section Paloise,1222,16,16,0,1985-03-25,11,Fidji,
top14,2017/2018,Wenceslas Lauret,Racing 92,1199,16,15,1,1989-03-28,"5,6",France,
top14,2017/2018,Wesley Fofana,ASM Clermont Auvergne,736,11,8,3,1988-01-20,"12,13",France,
top14,2017/2018,Wiaan Liebenberg,Montpellier Herault Rugby,473,8,6,2,1992-08-31,"6,7,8",Afrique du Sud,
top14,2017/2018,Willem Alberts,Stade Francais Paris,1782,24,23,1,1984-05-11,"6,7,8",Afrique du Sud,
top14,2017/2018,William Demotte,Stade Rochelais,396,12,6,6,1991-05-22,"4,5,6,7",France,
top14,2017/2018,William Hutteau,ASM Clermont Auvergne,181,4,2,2,1998-02-12,9,France,
top14,2017/2018,Xavier Chauveau,Racing 92,283,8,3,5,1992-10-14,9,France,
top14,2017/2018,Xavier Chiocci,RC Toulon,674,19,8,11,1990-02-13,"1,3",France,
top14,2017/2018,Xavier Mignot,Lyon,420,7,5,2,1994-01-27,"11,14,15",France,
top14,2017/2018,Yacouba Camara,Montpellier Herault Rugby,399,6,6,0,1994-06-02,7,France,
top14,2017/2018,Yann David,Stade Toulousain,765,13,11,2,1988-04-15,"12,13",France,
top14,2017/2018,Yann Lesgourgues,Union Bordeaux-Begles,676,13,8,5,1991-01-17,"9,14",France,
top14,2017/2018,Yannick Caballero,Castres Olympique,1025,17,14,3,1983-04-03,"6,7,8",France,
top14,2017/2018,Yannick Nyanga,Racing 92,1342,22,16,6,1983-12-19,"4,5,6,7,8",France,
top14,2017/2018,Yoan Tanga,Agen,1244,20,16,4,1996-11-29,"6,7,8",France,
top14,2017/2018,Yoann Huget,Stade Toulousain,1286,19,16,3,1987-06-02,"11,12,14,15",France,
top14,2017/2018,Yoann Maestri,Stade Toulousain,1471,20,20,0,1988-01-14,"4,5",France,
top14,2017/2018,Yohan Beheregaray,ASM Clermont Auvergne,534,17,5,12,1996-05-29,2,France,
top14,2017/2018,Yohan Domenech,Castres Olympique,70,4,0,4,1993-04-19,9,France,
top14,2017/2018,Yohan Le Bourhis,Castres Olympique,57,3,1,2,1994-03-14,"10,15",France,
top14,2017/2018,Yohan Montes,Castres Olympique,314,11,3,8,1985-02-07,3,France,
top14,2017/2018,Yvan Reilhac,Montpellier Herault Rugby,400,9,3,6,1995-06-09,"10,12,13",France,
top14,2017/2018,Yvan Watremez,Montpellier Herault Rugby,497,18,4,14,1989-04-21,1,France,
top14,2017/2018,Zack Holmes,Stade Toulousain,1606,23,22,1,1990-05-30,"10,12,13",Australie,
top14,2017/2018,Zeno Kieft,Stade Rochelais,652,12,10,2,1991-02-02,"4,6,7,8",Pays-Bas,
top14,2017/2018,Zurabi Zhvania,Stade Francais Paris,517,16,6,10,1991-09-23,"1,8",Géorgie,
top14,2018/2019,Aaron Cruden,Montpellier Herault Rugby,1051,15,13,2,1989-01-08,10,Nouvelle Zélande,
top14,2018/2019,Adrea Cocagi,USAP,726,13,9,4,1994-03-01,"12,13,14,15",Fidji,
top14,2018/2019,Adrian Motoc,Agen,213,8,1,7,1996-07-11,"4,5,6",Roumanie,
top14,2018/2019,Adrien Lapegue-Lafaye,Stade Francais Paris,87,2,1,1,1998-10-21,"14,15",France,
top14,2018/2019,Adrien Latorre,Grenoble,602,11,8,3,1990-08-04,10,France,
top14,2018/2019,Adrien Pelissie,Union Bordeaux-Begles,1015,22,13,9,1990-08-07,2,France,
top14,2018/2019,Adrien Planté,Section Paloise,171,3,3,0,1985-04-21,14,France,
top14,2018/2019,Adrien Seguret,Lyon,83,2,1,1,1998-07-22,13,France,
top14,2018/2019,Afaesetiti Amosa,Union Bordeaux-Begles,1424,23,21,2,1990-10-11,"6,8",Samoa,
top14,2018/2019,Afusipa Taumoepeau,USAP,1643,23,22,1,1990-01-26,"11,12,13,14",Tonga,
top14,2018/2019,Alan Brazo,USAP,1063,17,14,3,1992-05-21,"4,6,7,8",France,
top14,2018/2019,Alaska Taufa,Grenoble,1589,21,20,1,1983-07-24,"12,13",Tonga,
top14,2018/2019,Alban Placines,Stade Toulousain,869,19,10,9,1993-04-23,"5,6,7,8",France,
top14,2018/2019,Alban Roussel,USAP,22,2,0,2,1998-09-11,4,France,
top14,2018/2019,Albertus Buckle,Lyon,362,10,2,8,1983-09-09,1,Afrique du Sud,
top14,2018/2019,Alex Arrate,Stade Francais Paris,258,5,3,2,1997-06-24,12,France,
top14,2018/2019,Alex Burin,Agen,4,1,0,1,1999-12-14,3,France,
top14,2018/2019,Alex Tulou,Castres Olympique,862,20,8,12,1987-03-21,8,Samoa,
top14,2018/2019,Alexandre Dardet,Grenoble,177,6,2,4,1993-01-31,1,France,
top14,2018/2019,Alexandre Dumoulin,Montpellier Herault Rugby,149,3,1,2,1989-08-24,"10,12,13",France,
top14,2018/2019,Alexandre Fischer,ASM Clermont Auvergne,446,9,7,2,1998-01-19,"6,7",France,
top14,2018/2019,Alexandre Flanquart,Stade Francais Paris,554,18,5,13,1989-10-09,"4,5",France,
top14,2018/2019,Alexandre Lapandry,ASM Clermont Auvergne,621,13,9,4,1989-04-13,"6,7",France,
top14,2018/2019,Alexandre Manukula,Stade Toulousain,46,1,1,0,1996-08-05,4,France,
top14,2018/2019,Alexandre Menini,Lyon,553,17,4,13,1983-08-05,1,France,
top14,2018/2019,Alexandre Roumat,Union Bordeaux-Begles,1711,23,21,2,1997-06-27,"6,7,8",France,
top14,2018/2019,Alexi Bales,Stade Rochelais,964,19,13,6,1990-05-30,9,France,
top14,2018/2019,Alexis Palisson,Lyon,826,12,12,0,1987-09-09,11,France,
top14,2018/2019,Ali Oz,Grenoble,474,12,7,5,1995-05-28,3,France,
top14,2018/2019,Alivereti Duguivalu,USAP,176,4,2,2,1997-07-21,"12,14",Fidji,
top14,2018/2019,Alivereti Raka,ASM Clermont Auvergne,970,13,12,1,1994-12-09,"11,14",France,
top14,2018/2019,Anatole Pauvert,Racing 92,13,1,0,1,1997-05-23,14,France,
top14,2018/2019,Andre Warner,Stade Francais Paris,57,3,0,3,1993-09-02,9,Afrique du Sud,
top14,2018/2019,Andres Zafra,Agen,842,18,9,9,1996-03-26,"4,5,6,7",Colombie,
top14,2018/2019,Ange Capuozzo,Grenoble,19,1,0,1,1999-04-30,9,Italie,
top14,2018/2019,Anthony Belleau,RC Toulon,1300,18,17,1,1996-04-08,"10,12,15",France,
top14,2018/2019,Anthony Etrillard,RC Toulon,999,21,13,8,1993-03-21,2,France,
top14,2018/2019,Anthony Jelonch,Castres Olympique,747,14,10,4,1996-07-28,"6,7,8",France,
top14,2018/2019,Anthony Meric,RC Toulon,253,12,2,10,1995-02-15,9,France,
top14,2018/2019,Antoine Dupont,Stade Toulousain,856,13,11,2,1996-11-15,"9,10",France,
top14,2018/2019,Antoine Erbani,Section Paloise,427,10,4,6,1990-02-07,"4,5,7,8",France,
top14,2018/2019,Antoine Gibert,Racing 92,147,10,0,10,1997-12-31,"9,10,14",France,
top14,2018/2019,Antoine Guillamon,Montpellier Herault Rugby,497,11,8,3,1991-06-04,3,France,
top14,2018/2019,Antoine Hastoy,Section Paloise,901,20,10,10,1997-06-04,"10,11,12,14,15",France,
top14,2018/2019,Antoine Miquel,Agen,1185,16,15,1,1994-06-20,"6,7,8",France,
top14,2018/2019,Antoine Tichit,Castres Olympique,1456,26,23,3,1989-06-13,1,France,
top14,2018/2019,Antonie Claassen,Racing 92,1142,17,15,2,1984-10-20,"6,8",France,
top14,2018/2019,Antonin Berruyer,Grenoble,221,6,2,4,1998-09-08,"5,6,7,8",France,
top14,2018/2019,Apisai Naqalevu,ASM Clermont Auvergne,928,19,11,8,1989-08-21,"12,13,14",Fidji,
top14,2018/2019,Armand Batlle,Castres Olympique,928,14,12,2,1987-04-12,"11,14,15",France,
top14,2018/2019,Arthur Bonneval,Stade Toulousain,1165,19,14,5,1995-05-31,"3,10,11,14,15",France,
top14,2018/2019,Arthur Coville,Stade Francais Paris,362,12,4,8,1998-02-04,"9,10",France,
top14,2018/2019,Arthur Helmich,Lyon,7,1,0,1,1998-05-29,2,France,
top14,2018/2019,Arthur Iturria,ASM Clermont Auvergne,784,13,11,2,1994-05-13,"4,5,6",France,
top14,2018/2019,Arthur Joly,Stade Rochelais,704,19,8,11,1988-02-20,3,France,
top14,2018/2019,Arthur Retiere,Stade Rochelais,1682,23,21,2,1997-08-01,"11,14,15",France,
top14,2018/2019,Arthur Vincent,Montpellier Herault Rugby,752,15,8,7,1999-09-30,"11,12,13",France,
top14,2018/2019,Atila Septar,Section Paloise,107,4,1,3,1996-06-02,"1,11,12",France,
top14,2018/2019,Baptiste Chouzenoux,Racing 92,1633,24,19,5,1993-08-07,"5,6,7",France,
top14,2018/2019,Baptiste Couilloud,Lyon,608,11,7,4,1997-07-22,9,France,
top14,2018/2019,Baptiste Delaporte,Castres Olympique,1099,17,13,4,1997-03-25,"6,7",France,
top14,2018/2019,Baptiste Pesenti,Section Paloise,1028,21,12,9,1997-07-03,"4,5,7,8",France,
top14,2018/2019,Baptiste Serin,Union Bordeaux-Begles,1092,18,15,3,1994-06-20,"9,10",France,
top14,2018/2019,Bastien Guillemin,Grenoble,776,11,9,2,1997-09-22,"11,14,15",France,
top14,2018/2019,Bastien Pourailly,Section Paloise,143,2,2,0,1994-01-31,14,France,
top14,2018/2019,Bastien Soury,RC Toulon,301,14,2,12,1995-03-18,2,France,
top14,2018/2019,Beka Gigashvili,Grenoble,517,14,4,10,1992-02-17,"1,3",Géorgie,
top14,2018/2019,Beka Gorgadze,Union Bordeaux-Begles,498,14,5,9,1996-02-08,"6,7,8",Géorgie,
top14,2018/2019,Ben Lucas,Grenoble,96,4,0,4,1987-12-30,"9,10",Australie,
top14,2018/2019,Ben Mowen,Section Paloise,1137,16,16,0,1984-12-01,"6,7",Australie,
top14,2018/2019,Ben Tameifuna,Racing 92,933,20,15,5,1991-08-30,3,Tonga,
top14,2018/2019,Ben Volavola,Racing 92,861,22,8,14,1991-01-13,"10,12,15",Fidji,
top14,2018/2019,Benito Masilevu,Agen,602,8,8,0,1989-10-07,11,Fidji,
top14,2018/2019,Benjamin Fall,Montpellier Herault Rugby,687,11,9,2,1989-04-29,"11,14,15",France,
top14,2018/2019,Benjamin Kayser,ASM Clermont Auvergne,966,22,14,8,1984-07-26,2,France,
top14,2018/2019,Benjamin Urdapilleta,Castres Olympique,1720,23,22,1,1986-03-11,10,Argentine,
top14,2018/2019,Benoit Paillaugue,Montpellier Herault Rugby,1144,16,15,1,1987-11-17,9,France,
top14,2018/2019,Benson Stanley,Section Paloise,1262,18,17,1,1984-09-11,"10,12,13",France,
top14,2018/2019,Beqa Kakabadze,ASM Clermont Auvergne,465,12,6,6,1995-09-07,1,Géorgie,
top14,2018/2019,Berend Botha,USAP,786,15,13,2,1988-03-11,"5,6",Afrique du Sud,
top14,2018/2019,Bernard Le Roux,Racing 92,386,7,6,1,1989-06-04,"4,7,8",France,
top14,2018/2019,Bismarck du Plessis,Montpellier Herault Rugby,1166,17,16,1,1984-05-22,2,Afrique du Sud,
top14,2018/2019,Blair Connor,Union Bordeaux-Begles,1080,15,15,0,1988-09-29,"11,13,14",Australie,
top14,2018/2019,Boris Palu,Racing 92,1658,26,21,5,1996-02-04,"4,5,6,7",France,
top14,2018/2019,Brendan Lebrun,Stade Rochelais,10,1,0,1,1998-01-22,2,France,
top14,2018/2019,Brian Alainu'uese,RC Toulon,1142,18,14,4,1994-03-19,"4,5",Samoa,
top14,2018/2019,Brice Dulin,Racing 92,932,13,12,1,1990-04-13,15,France,
top14,2018/2019,Brieuc Plessis-Couillaud,Stade Rochelais,272,6,3,3,1994-03-19,"11,13,15",France,
top14,2018/2019,Brock James,Union Bordeaux-Begles,1422,23,20,3,1981-10-22,"9,10",France,
top14,2018/2019,Bruce Devaux,RC Toulon,253,9,1,8,1996-11-14,"1,3",France,
top14,2018/2019,Cameron Woki,Union Bordeaux-Begles,792,16,9,7,1998-11-07,"4,6,7,8",France,
top14,2018/2019,Camille Chat,Racing 92,779,15,12,3,1995-12-18,2,France,
top14,2018/2019,Camille Gerondeau,Castres Olympique,667,12,8,4,1988-03-12,"6,7,8",France,
top14,2018/2019,Camille Lopez,ASM Clermont Auvergne,1330,19,18,1,1989-04-03,10,France,
top14,2018/2019,Carl Axtens,Stade Toulousain,327,9,3,6,1991-08-26,"4,5,6,7,8",Nouvelle Zélande,
top14,2018/2019,Carl Fearns,Lyon,582,14,8,6,1989-05-28,8,Angleterre,
top14,2018/2019,Cedate Gomes Sa,Racing 92,713,18,9,9,1993-08-07,3,France,
top14,2018/2019,Census Johnston,Racing 92,280,8,2,6,1981-05-06,3,Samoa,
top14,2018/2019,Charl McLeod,Lyon,154,6,2,4,1983-08-05,9,Afrique du Sud,
top14,2018/2019,Charles Ollivon,RC Toulon,762,10,10,0,1993-05-11,"6,8",France,
top14,2018/2019,Charlie Cassang,ASM Clermont Auvergne,446,17,6,11,1995-02-08,"9,10,15",France,
top14,2018/2019,Charlie Faumuina,Stade Toulousain,991,21,17,4,1986-12-24,"3,5",Nouvelle Zélande,
top14,2018/2019,Charlie Francoz,Stade Francais Paris,141,5,1,4,1998-06-03,"6,7,8",France,
top14,2018/2019,Charlie Ngatai,Lyon,1698,24,22,2,1990-08-17,"12,13,15",Nouvelle Zélande,
top14,2018/2019,Charly Malie,Section Paloise,1552,20,19,1,1991-11-05,"14,15",Espagne,
top14,2018/2019,Cheslin Kolbe,Stade Toulousain,1192,16,16,0,1993-10-28,"11,15",Afrique du Sud,
top14,2018/2019,Christiaan van der Merwe,Agen,63,1,1,0,1996-09-09,4,Afrique du Sud,
top14,2018/2019,Christophe Samson,Castres Olympique,830,15,9,6,1984-03-01,"4,5",France,
top14,2018/2019,Clement Ancely,Grenoble,697,14,8,6,1993-03-04,"6,7,8",France,
top14,2018/2019,Clement Castets,Stade Toulousain,700,17,8,9,1996-05-05,1,France,
top14,2018/2019,Clement Daguin,Stade Francais Paris,339,12,4,8,1992-05-25,"9,11",France,
top14,2018/2019,Clement Fournier,Section Paloise,15,1,0,1,2000-05-06,8,France,
top14,2018/2019,Clement Gelin,Grenoble,40,1,0,1,1993-11-08,14,France,
top14,2018/2019,Clement Laporte,Agen,1538,25,17,8,1998-01-07,"11,12,13,14,15",France,
top14,2018/2019,Clement Maynadier,Union Bordeaux-Begles,613,16,8,8,1988-10-11,2,France,
top14,2018/2019,Clovis Le Bail,Section Paloise,426,15,4,11,1995-11-29,9,France,
top14,2018/2019,Clément Ric,Lyon,651,17,8,9,1988-07-18,3,France,
top14,2018/2019,Colin Slade,Section Paloise,1311,19,18,1,1987-10-10,"10,15",Nouvelle Zélande,
top14,2018/2019,Corentin Chabeaudie,Agen,23,1,0,1,1997-02-03,3,France,
top14,2018/2019,Corentin Glenat,Grenoble,62,3,0,3,1999-08-26,10,France,
top14,2018/2019,Corentin Vernet,RC Toulon,180,5,4,1,1996-09-27,4,France,
top14,2018/2019,Cyril Baille,Stade Toulousain,685,15,11,4,1993-09-15,1,France,
top14,2018/2019,Cyril Cazeaux,Union Bordeaux-Begles,1089,20,14,6,1995-02-10,"4,5,7",France,
top14,2018/2019,Cyril Deligny,USAP,57,2,0,2,1992-06-22,2,France,
top14,2018/2019,Damian Penaud,ASM Clermont Auvergne,1301,18,17,1,1996-09-25,"11,13,14",France,
top14,2018/2019,Damien Chouly,ASM Clermont Auvergne,1062,19,14,5,1985-11-27,"6,7,8",France,
top14,2018/2019,Dan Malafosse,Section Paloise,292,7,2,5,1992-01-14,"4,5",France,
top14,2018/2019,Daniel Brennan,Montpellier Herault Rugby,68,3,1,2,1998-09-23,"1,3",Irlande,
top14,2018/2019,Daniel Ikpefan,RC Toulon,1102,19,13,6,1993-10-18,"11,14,15",France,
top14,2018/2019,Daniel Kilioni,Grenoble,865,12,11,1,1993-02-22,"11,13,14",Tonga,
top14,2018/2019,Daniel Kotze,Castres Olympique,960,19,15,4,1987-03-28,3,France,
top14,2018/2019,Daniel Ramsay,Section Paloise,811,14,13,1,1984-06-01,"4,5",Nouvelle Zélande,
top14,2018/2019,Dany Priso,Stade Rochelais,1165,19,17,2,1994-01-02,1,France,
top14,2018/2019,Darly Domvo,RC Toulon,163,3,3,0,1992-04-03,15,France,
top14,2018/2019,Dave Foley,Section Paloise,427,9,6,3,1988-05-16,"4,5",Irlande,
top14,2018/2019,Dave Ryan,Agen,1037,22,14,8,1986-04-21,"1,3",Irlande,
top14,2018/2019,David Ainu'u,Stade Toulousain,109,5,0,5,1999-11-20,"1,2",Etats-Unis,
top14,2018/2019,David Mele,USAP,734,15,9,6,1985-10-22,"9,10",France,
top14,2018/2019,David Smith,Castres Olympique,1321,17,16,1,1986-10-12,"11,14",Samoa,
top14,2018/2019,Davit Kubriashvili,Grenoble,790,16,15,1,1986-12-03,3,Géorgie,
top14,2018/2019,Davit Zirakashvili,ASM Clermont Auvergne,1046,20,13,7,1983-10-10,3,Géorgie,
top14,2018/2019,Delon Armitage,Lyon,346,5,5,0,1983-12-15,"14,15",Angleterre,
top14,2018/2019,Denis Coulson,Stade Francais Paris,274,9,1,8,1994-06-15,"1,3",Irlande,
top14,2018/2019,Denis Marchois,Agen,1505,23,20,3,1994-02-05,"4,5",France,
top14,2018/2019,Deon Fourie,Lyon,924,17,12,5,1986-09-25,"4,6,7,8",Afrique du Sud,
top14,2018/2019,Dimitri Szarzewski,Racing 92,454,9,8,1,1983-01-26,2,France,
top14,2018/2019,Djibril Camara,Stade Francais Paris,402,8,5,3,1989-06-22,"11,13,14,15",France,
top14,2018/2019,Dominic Bird,Racing 92,1124,22,14,8,1991-04-09,"4,5",Nouvelle Zélande,
top14,2018/2019,Donnacha Ryan,Racing 92,1078,17,14,3,1983-12-11,4,Irlande,
top14,2018/2019,Dorian Aldegheri,Stade Toulousain,346,9,4,5,1993-08-04,3,France,
top14,2018/2019,Duncan Casey,Grenoble,264,10,1,9,1990-11-14,2,Irlande,
top14,2018/2019,Dylan Cretin,Lyon,1115,23,12,11,1997-05-04,"6,7,8",France,
top14,2018/2019,Dylan Jacquot,Grenoble,205,10,0,10,1995-02-06,1,France,
top14,2018/2019,Eddy Ben Arous,Racing 92,741,16,13,3,1990-08-25,1,France,
top14,2018/2019,Edwin Maka,Racing 92,75,6,0,6,1993-02-25,"4,5,8",France,
top14,2018/2019,Elies El Ansari,Stade Francais Paris,28,1,0,1,1997-01-22,1,France,
top14,2018/2019,Eliott Roudil,Stade Rochelais,825,15,11,4,1996-10-30,"11,12,13,14,15",France,
top14,2018/2019,Emerick Setiano,RC Toulon,1149,25,13,12,1996-07-19,"1,3",France,
top14,2018/2019,Enzo Forletta,USAP,1419,23,22,1,1994-06-15,1,France,
top14,2018/2019,Enzo Sanga,Montpellier Herault Rugby,210,17,0,17,1995-05-19,"9,14",France,
top14,2018/2019,Enzo Selponi,USAP,1375,23,18,5,1993-06-16,"10,12,14,15",France,
top14,2018/2019,Eric Escande,RC Toulon,532,9,6,3,1992-11-18,9,France,
top14,2018/2019,Eric Sione,USAP,359,10,1,9,1992-10-29,3,Samoa,
top14,2018/2019,Eroni Sau,USAP,486,9,5,4,1990-02-05,"11,13,14",Fidji,
top14,2018/2019,Erwan Dridi,RC Toulon,64,1,1,0,2000-07-04,14,France,
top14,2018/2019,Etienne Dussarte,Grenoble,474,7,7,0,1993-02-05,13,France,
top14,2018/2019,Etienne Falgoux,ASM Clermont Auvergne,1032,22,15,7,1993-01-19,1,France,
top14,2018/2019,Etienne Fourcade,Grenoble,1043,23,16,7,1997-04-11,2,France,
top14,2018/2019,Etienne Oosthuizen,Lyon,791,16,8,8,1992-12-22,"4,5",Afrique du Sud,
top14,2018/2019,Eto Nabuli,Union Bordeaux-Begles,901,13,12,1,1988-08-24,"11,14",Fidji,
top14,2018/2019,Fabien Alexandre,Grenoble,1368,21,16,5,1985-05-14,"6,7",France,
top14,2018/2019,Fabien Sanconnie,Racing 92,765,18,10,8,1995-02-21,"4,5,6,7,8",France,
top14,2018/2019,Fabrice Metz,Section Paloise,1106,19,14,5,1991-01-23,"4,5",France,
top14,2018/2019,Facundo Bosch,Agen,1036,21,12,9,1991-08-08,"2,6,7",Argentine,
top14,2018/2019,Facundo Isa,RC Toulon,940,15,11,4,1993-09-21,"6,7,8",Argentine,
top14,2018/2019,Faifili Levave,Stade Rochelais,350,9,4,5,1986-01-15,"4,5,6,7,8",Samoa,
top14,2018/2019,Felix Lambey,Lyon,1108,16,15,1,1994-03-15,"4,5",France,
top14,2018/2019,Fernandez Correa,Agen,33,1,0,1,1997-11-27,7,Sénégal,
top14,2018/2019,Filipo Nakosi,RC Toulon,979,15,13,2,1992-04-08,"11,14,15",Fidji,
top14,2018/2019,Finn Russell,Racing 92,1130,18,15,3,1992-09-23,10,Ecosse,
top14,2018/2019,Flip van der Merwe,ASM Clermont Auvergne,602,15,6,9,1985-06-06,"4,5",Afrique du Sud,
top14,2018/2019,Florent Vanverberghe,RC Toulon,40,1,1,0,2000-07-22,8,France,
top14,2018/2019,Florian Dufour,Union Bordeaux-Begles,276,6,4,2,1997-10-29,2,France,
top14,2018/2019,Florian Fresia,RC Toulon,511,14,7,7,1992-01-17,"1,3",France,
top14,2018/2019,Florian Nicot,Section Paloise,910,20,8,12,1986-09-30,"10,12,13,14,15",France,
top14,2018/2019,Florian Verhaeghe,Stade Toulousain,790,11,11,0,1997-04-27,4,France,
top14,2018/2019,Florian Vialelle,Castres Olympique,868,19,10,9,1993-10-05,"12,13,14",France,
top14,2018/2019,Francisco Gomez Kodela,Lyon,1312,25,20,5,1985-07-03,3,France,
top14,2018/2019,Franck Pourteau,Grenoble,728,17,9,8,1996-04-01,"10,15",France,
top14,2018/2019,Francois Cros,Stade Toulousain,1404,21,19,2,1994-03-25,"6,7,8",France,
top14,2018/2019,Francois Steyn,Montpellier Herault Rugby,997,15,14,1,1987-05-14,"10,12,13,15",Afrique du Sud,
top14,2018/2019,Francois Trinh-Duc,RC Toulon,1101,17,16,1,1986-11-11,"10,12",France,
top14,2018/2019,Francois Uys,Grenoble,835,17,9,8,1986-03-12,"4,5,6,7",Afrique du Sud,
top14,2018/2019,Francois van der Merwe,Lyon,584,16,6,10,1983-10-04,"4,5",France,
top14,2018/2019,Frank Halai,Section Paloise,141,2,2,0,1988-03-06,11,Nouvelle Zélande,
top14,2018/2019,Fritz Lee,ASM Clermont Auvergne,1255,19,17,2,1988-08-29,"7,8",Samoa,
top14,2018/2019,Fulgence Ouedraogo,Montpellier Herault Rugby,922,14,12,2,1986-07-21,"5,6",France,
top14,2018/2019,Gabriel Ngandebe,Montpellier Herault Rugby,891,13,11,2,1997-03-30,"11,14",France,
top14,2018/2019,Gael Fickou,Stade Francais Paris,1241,16,16,0,1994-03-26,"12,13",France,
top14,2018/2019,Gaetan Germain,Grenoble,1391,19,18,1,1990-07-02,"14,15",France,
top14,2018/2019,Gauthier Maravat,Agen,100,2,0,2,2000-06-11,"5,8",France,
top14,2018/2019,Genesis Mamea Lemalu,USAP,1137,16,15,1,1988-09-22,"7,8",Samoa,
top14,2018/2019,Geoffrey Cros,Union Bordeaux-Begles,256,5,3,2,1997-03-08,"11,12,14",France,
top14,2018/2019,Geoffrey Doumayrou,Stade Rochelais,1098,17,15,2,1989-09-16,"12,13",France,
top14,2018/2019,Geoffrey Moise,Section Paloise,726,17,11,6,1991-08-20,1,France,
top14,2018/2019,Geoffrey Palis,Castres Olympique,611,9,9,0,1991-07-08,15,France,
top14,2018/2019,George Moala,ASM Clermont Auvergne,1177,20,14,6,1990-11-05,"11,12,13",Tonga,
top14,2018/2019,George Tilsley,Union Bordeaux-Begles,767,11,9,2,1992-02-27,"11,14",Nouvelle Zélande,
top14,2018/2019,Georges-Henri Colombe,Racing 92,258,8,1,7,1998-04-09,"1,3",France,
top14,2018/2019,Gert Muller,USAP,420,13,5,8,1986-02-05,3,Afrique du Sud,
top14,2018/2019,Gervais Cordin,Grenoble,365,5,4,1,1998-12-10,"11,15",France,
top14,2018/2019,Gia Kharaishvili,Racing 92,17,2,0,2,1999-02-13,3,Géorgie,
top14,2018/2019,Gillian Galan,Stade Toulousain,550,13,5,8,1991-08-07,"4,5,6,8",France,
top14,2018/2019,Giorgi Beria,ASM Clermont Auvergne,55,2,0,2,1999-11-11,1,France,
top14,2018/2019,Giorgi Melikidze,Stade Francais Paris,355,13,2,11,1996-05-24,"1,3",Géorgie,
top14,2018/2019,Giorgi Tetrashvili,Agen,899,21,13,8,1993-08-31,1,Géorgie,
top14,2018/2019,Giovanni Habel-Kueffner,Section Paloise,394,8,5,3,1995-01-09,"6,7,8",Allemagne,
top14,2018/2019,Greg Peterson,Union Bordeaux-Begles,307,8,3,5,1991-03-26,"4,5",Etats-Unis,
top14,2018/2019,Gregory Alldritt,Stade Rochelais,1117,18,15,3,1997-03-23,"6,7,8",France,
top14,2018/2019,Gregory Fichten,Montpellier Herault Rugby,564,13,8,5,1990-08-13,1,France,
top14,2018/2019,Greig Laidlaw,ASM Clermont Auvergne,1074,21,12,9,1985-10-12,9,Ecosse,
top14,2018/2019,Guilhem Guirado,RC Toulon,780,16,11,5,1986-06-17,2,France,
top14,2018/2019,Guillaume Marchand,Stade Toulousain,454,12,4,8,1998-06-05,2,France,
top14,2018/2019,Guram Gogichashvili,Racing 92,626,16,8,8,1998-09-04,1,Géorgie,
top14,2018/2019,Halani 'Aulika,Grenoble,326,11,1,10,1983-08-31,3,Tonga,
top14,2018/2019,Hamza Kaabeche,Lyon,396,11,3,8,1996-09-23,"1,3",France,
top14,2018/2019,Hanro Liebenberg,Stade Francais Paris,220,5,2,3,1995-10-10,"4,5,6,8",Afrique du Sud,
top14,2018/2019,Hans Nkinsi,Grenoble,901,15,12,3,1992-09-21,"4,5",France,
top14,2018/2019,Heinke van der Merwe,Stade Francais Paris,501,11,10,1,1985-05-03,1,Afrique du Sud,
top14,2018/2019,Hendre Stassen,Stade Francais Paris,1014,15,14,1,1997-12-29,"6,7",Afrique du Sud,
top14,2018/2019,Hendrik Roodt,Lyon,1303,23,20,3,1987-11-06,"4,5",Afrique du Sud,
top14,2018/2019,Henry Chavancy,Racing 92,1431,21,20,1,1988-05-22,"12,13",France,
top14,2018/2019,Henry Immelman,Montpellier Herault Rugby,1132,17,14,3,1995-05-26,"11,12,14,15",Afrique du Sud,
top14,2018/2019,Hikairo Forbes,Stade Rochelais,357,11,3,8,1986-03-05,2,Nouvelle Zélande,
top14,2018/2019,Hugh Pyle,Stade Francais Paris,84,3,1,2,1988-09-21,"4,6",Australie,
top14,2018/2019,Hugo Bonneval,RC Toulon,877,14,11,3,1990-11-19,"13,14,15",France,
top14,2018/2019,Hugo Verdu,Agen,143,6,1,5,1996-10-24,9,France,
top14,2018/2019,Ibrahim Diallo,Racing 92,175,6,1,5,1998-01-23,"6,7,8",France,
top14,2018/2019,Ignacio Calles,Section Paloise,266,9,3,6,1995-10-24,"1,2",Argentine,
top14,2018/2019,Ihaia West,Stade Rochelais,1831,24,24,0,1992-01-16,10,Nouvelle Zélande,
top14,2018/2019,Isaia Toeava,ASM Clermont Auvergne,1032,14,13,1,1986-01-15,"13,15",Samoa,
top14,2018/2019,JC Janse van Rensburg,Grenoble,1295,22,20,2,1986-01-09,1,Afrique du Sud,
top14,2018/2019,JP Pietersen,RC Toulon,924,17,10,7,1986-07-12,"11,12,13,14,15",Afrique du Sud,
top14,2018/2019,Jacobus van Tonder,ASM Clermont Auvergne,405,11,3,8,1998-03-03,"4,5,6,7",Afrique du Sud,
top14,2018/2019,Jacques Potgieter,RC Toulon,308,7,2,5,1986-04-24,"6,7",Afrique du Sud,
top14,2018/2019,Jacques du Plessis,Montpellier Herault Rugby,1440,19,19,0,1993-08-12,"4,5,8",Afrique du Sud,
top14,2018/2019,Jake McIntyre,Agen,1215,23,15,8,1994-04-28,"10,13,15",Australie,
top14,2018/2019,Jale Vatubua,Section Paloise,1354,19,18,1,1991-08-30,"12,13",Fidji,
top14,2018/2019,Jamie Mackintosh,Section Paloise,534,13,5,8,1985-02-20,1,Nouvelle Zélande,
top14,2018/2019,Jan Serfontein,Montpellier Herault Rugby,1670,23,21,2,1993-04-15,12,Afrique du Sud,
top14,2018/2019,Jandre Marais,Union Bordeaux-Begles,546,10,7,3,1989-06-14,"4,5",Afrique du Sud,
top14,2018/2019,Jannie du Plessis,Montpellier Herault Rugby,466,11,6,5,1982-11-16,3,Afrique du Sud,
top14,2018/2019,Jean Monribot,RC Toulon,172,9,1,8,1987-10-11,"5,6,7,8,15",France,
top14,2018/2019,Jean-Baptiste Dubie,Union Bordeaux-Begles,701,14,9,5,1989-07-16,"11,12,13,14",France,
top14,2018/2019,Jean-Baptiste Gros,RC Toulon,625,15,9,6,1999-05-29,1,France,
top14,2018/2019,Jean-Bernard Pujol,USAP,965,14,12,2,1992-04-11,"11,12,14,15",France,
top14,2018/2019,Jean-Charles Orioli,Stade Rochelais,896,20,12,8,1989-08-09,2,France,
top14,2018/2019,Jean-Marc Doussain,Lyon,1285,26,16,10,1991-02-12,"9,10",France,
top14,2018/2019,Jean-Marcellin Buttin,Lyon,814,14,10,4,1991-12-16,"10,15",France,
top14,2018/2019,Jean-Teiva Jacquelin,Grenoble,294,4,4,0,1994-04-22,"11,14",France,
top14,2018/2019,Jean-Victor Goillot,Stade Rochelais,54,4,0,4,1998-02-10,9,France,
top14,2018/2019,Jefferson Poirot,Union Bordeaux-Begles,621,10,9,1,1992-11-01,1,France,
top14,2018/2019,Jeremie Maurouard,Lyon,445,12,6,6,1992-09-23,2,France,
top14,2018/2019,Jeremy Sinzelle,Stade Rochelais,1407,23,18,5,1990-07-02,"10,11,12,13,14,15",France,
top14,2018/2019,Jeremy Valencot,Grenoble,178,6,2,4,1997-02-28,9,France,
top14,2018/2019,Jerome Kaino,Stade Toulousain,1111,18,16,2,1983-04-06,"7,8",Nouvelle Zélande,
top14,2018/2019,Jesse Mogg,Section Paloise,618,10,8,2,1989-06-08,"13,14,15",Australie,
top14,2018/2019,Jessy Jegerlehner,Agen,772,13,10,3,1997-05-27,"6,7",France,
top14,2018/2019,Jimmy Yobo,Stade Francais Paris,2,1,0,1,1992-02-20,11,France,
top14,2018/2019,Jody Jenneker,Castres Olympique,1165,22,18,4,1984-04-10,2,Afrique du Sud,
top14,2018/2019,Joe Rokocoko,Racing 92,642,11,7,4,1983-06-06,"11,12,13,14",Nouvelle Zélande,
top14,2018/2019,Joe Tekori,Stade Toulousain,1278,23,21,2,1983-12-17,"4,5",Samoa,
top14,2018/2019,Johan Goosen,Montpellier Herault Rugby,849,13,11,2,1992-07-27,"10,13,15",Afrique du Sud,
top14,2018/2019,Johan van Heerden,USAP,337,7,3,4,1986-12-09,"4,5,6,7,8",Afrique du Sud,
top14,2018/2019,Johann Sadie,Agen,674,12,8,4,1989-01-23,"11,13",Afrique du Sud,
top14,2018/2019,John Ulugia,ASM Clermont Auvergne,1062,24,13,11,1986-01-17,2,Nouvelle Zélande,
top14,2018/2019,Jonah Placid,RC Toulon,162,4,3,1,1995-05-14,"11,15",Australie,
top14,2018/2019,Jonathan Bousquet,USAP,989,20,11,9,1988-03-05,"11,13,14,15",France,
top14,2018/2019,Jonathan Danty,Stade Francais Paris,1083,16,15,1,1992-10-07,"12,15",France,
top14,2018/2019,Jonathan Pelissie,Lyon,690,15,9,6,1988-06-06,"9,10",France,
top14,2018/2019,Jonathan Wisniewski,Lyon,1294,20,17,3,1985-07-16,10,France,
top14,2018/2019,Jone Qovu Nailiko,Stade Rochelais,288,8,3,5,1985-07-26,"4,5",Fidji,
top14,2018/2019,Jone Tuva,Lyon,28,1,0,1,1996-03-23,11,Fidji,
top14,2018/2019,Jordan Joseph,Racing 92,488,11,6,5,2000-07-31,"4,7,8",France,
top14,2018/2019,Josua Tuisova,RC Toulon,1451,20,19,1,1994-02-04,"11,12,13,14",Fidji,
top14,2018/2019,Juan Imhoff,Racing 92,1639,21,21,0,1988-05-11,11,Argentine,
top14,2018/2019,Juandre Kruger,RC Toulon,780,14,8,6,1985-09-06,"4,5,6",Afrique du Sud,
top14,2018/2019,Judicael Cancoriet,ASM Clermont Auvergne,1067,15,13,2,1996-04-25,"5,6,7",France,
top14,2018/2019,Jules Favre,Stade Rochelais,756,13,8,5,1999-03-22,"12,13,15",France,
top14,2018/2019,Jules Gimbert,Union Bordeaux-Begles,176,9,0,9,1998-03-02,"9,10,13",France,
top14,2018/2019,Jules Plisson,Stade Francais Paris,540,15,6,9,1991-08-20,"10,12",France,
top14,2018/2019,Julian Savea,RC Toulon,1107,17,13,4,1990-08-07,"11,12,13,14",Nouvelle Zélande,
top14,2018/2019,Julien Arias,Stade Francais Paris,1335,19,17,2,1983-10-26,"11,14",France,
top14,2018/2019,Julien Bardy,Montpellier Herault Rugby,379,8,6,2,1986-04-03,"6,7",Portugal,
top14,2018/2019,Julien Blanc,Section Paloise,168,8,1,7,1992-10-04,"9,14",France,
top14,2018/2019,Julien Caminati,Castres Olympique,127,3,1,2,1985-10-28,"11,14",France,
top14,2018/2019,Julien Delannoy,Section Paloise,535,11,8,3,1995-06-15,"4,5",France,
top14,2018/2019,Julien Delbouis,Stade Francais Paris,826,17,10,7,1999-08-04,"12,13,14",France,
top14,2018/2019,Julien Dumora,Castres Olympique,670,14,6,8,1988-03-24,"10,12,14,15",France,
top14,2018/2019,Julien Farnoux,USAP,1038,16,14,2,1993-04-24,15,France,
top14,2018/2019,Julien Fumat,Section Paloise,700,12,11,1,1987-03-26,"13,14",France,
top14,2018/2019,Julien Heriteau,Agen,1350,18,18,0,1994-09-12,"12,13",France,
top14,2018/2019,Julien Ledevedec,Montpellier Herault Rugby,410,13,4,9,1986-06-04,"4,5",France,
top14,2018/2019,Julien Marchand,Stade Toulousain,621,11,10,1,1995-05-10,2,France,
top14,2018/2019,Julien Ory,RC Toulon,72,3,1,2,1996-08-24,"5,7,8",France,
top14,2018/2019,Julien Puricelli,Lyon,1714,22,22,0,1981-08-01,6,France,
top14,2018/2019,Julien Ruaud,ASM Clermont Auvergne,67,4,0,4,1997-12-07,"6,7,8",France,
top14,2018/2019,Julien Tomas,Montpellier Herault Rugby,192,7,2,5,1985-04-21,9,France,
top14,2018/2019,Junior Rasolea,Grenoble,723,10,9,1,1991-04-29,"12,13",Fidji,
top14,2018/2019,Kane Douglas,Union Bordeaux-Begles,1376,22,17,5,1989-06-01,"4,5",Australie,
top14,2018/2019,Karl Chateau,USAP,1517,22,18,4,1992-06-15,"4,5,6,7,8",France,
top14,2018/2019,Kelian Galletier,Montpellier Herault Rugby,1185,21,14,7,1992-03-18,"4,6,7,8",France,
top14,2018/2019,Kevin Firmin,Castres Olympique,328,10,2,8,1992-04-20,2,France,
top14,2018/2019,Kevin Gimeno,Castres Olympique,102,3,2,1,1991-09-11,"6,7",France,
top14,2018/2019,Kevin Gourdon,Stade Rochelais,1163,21,15,6,1990-01-23,"6,7,8",France,
top14,2018/2019,Kevin Kornath,Montpellier Herault Rugby,376,10,4,6,1996-12-27,"6,7,8",France,
top14,2018/2019,Kevin Tougne,USAP,118,8,0,8,1997-04-13,1,France,
top14,2018/2019,Kevin Viallard,ASM Clermont Auvergne,64,2,0,2,2000-11-27,9,France,
top14,2018/2019,Kevin Yameogo,Lyon,126,8,0,8,1997-05-19,3,France,
top14,2018/2019,Killian Geraci,Grenoble,676,15,8,7,1999-03-25,"4,5,6,7,8",France,
top14,2018/2019,Kini Murimurivalu,Stade Rochelais,857,13,11,2,1989-05-15,"11,14,15",Fidji,
top14,2018/2019,Konstantine Mikautadze,Montpellier Herault Rugby,328,13,5,8,1991-07-01,"4,5",Géorgie,
top14,2018/2019,Kylan Hamdaoui,Stade Francais Paris,1293,17,17,0,1994-04-15,15,France,
top14,2018/2019,Lasha Tabidze,Union Bordeaux-Begles,506,20,5,15,1997-07-04,"1,3",Géorgie,
top14,2018/2019,Laurent Bouchet,Section Paloise,595,17,6,11,1988-01-23,2,France,
top14,2018/2019,Laurent Delboulbes,Union Bordeaux-Begles,181,6,2,4,1986-11-17,"1,3",France,
top14,2018/2019,Laurent Panis,Stade Francais Paris,621,15,8,7,1993-04-23,2,France,
top14,2018/2019,Laurent Sempere,Stade Francais Paris,726,18,8,10,1985-07-09,2,France,
top14,2018/2019,Lekso Kaulashvili,Union Bordeaux-Begles,371,7,5,2,1992-08-27,"1,3",Géorgie,
top14,2018/2019,Leo Aouf,Stade Rochelais,279,10,4,6,1997-02-25,1,France,
top14,2018/2019,Leo Berdeu,Agen,1128,21,12,9,1998-06-13,"10,11,12",France,
top14,2018/2019,Leonard Paris,Racing 92,128,5,1,4,1996-03-20,"12,13",France,
top14,2018/2019,Leonardo Ghiraldini,Stade Toulousain,306,10,2,8,1984-12-26,2,Italie,
top14,2018/2019,Leone Nakarawa,Racing 92,1266,21,17,4,1988-04-02,"3,4,5,8",Fidji,
top14,2018/2019,Leroy Houston,Union Bordeaux-Begles,124,4,1,3,1986-11-10,"6,8",Australie,
top14,2018/2019,Lester Etien,Stade Francais Paris,970,13,12,1,1995-06-21,"11,13,14",France,
top14,2018/2019,Leva Fifita,Grenoble,1108,18,14,4,1989-07-29,"4,5,8",Tonga,
top14,2018/2019,Levan Chilachava,Montpellier Herault Rugby,736,16,12,4,1991-08-17,3,Géorgie,
top14,2018/2019,Levani Botia,Stade Rochelais,376,10,5,5,1989-03-14,"6,11,12,13",Fidji,
top14,2018/2019,Liam Gill,Lyon,753,13,10,3,1992-06-08,"7,8",Australie,
top14,2018/2019,Liam Messam,RC Toulon,1256,23,16,7,1984-03-25,"6,7,8",Nouvelle Zélande,
top14,2018/2019,Lilian Rossi,Grenoble,45,1,1,0,1998-05-01,2,France,
top14,2018/2019,Lilian Saseras,Grenoble,1289,23,17,6,1994-06-27,9,France,
top14,2018/2019,Lionel Beauxis,Lyon,502,12,7,5,1985-10-24,"10,15",France,
top14,2018/2019,Loann Goujon,Lyon,1020,18,11,7,1989-04-23,"4,7,8",France,
top14,2018/2019,Loic Baradel,Grenoble,10,1,0,1,1996-10-25,8,France,
top14,2018/2019,Loic Godener,Grenoble,924,14,13,1,1995-08-13,"6,8",France,
top14,2018/2019,Loic Hocquet,Agen,320,11,2,9,1999-01-19,"6,7,8",France,
top14,2018/2019,Loic Jacquet,Castres Olympique,1471,21,20,1,1985-03-31,"4,5",France,
top14,2018/2019,Lolagi Visinia,Grenoble,912,14,11,3,1993-01-17,"11,14,15",Nouvelle Zélande,
top14,2018/2019,Loni Uhila,ASM Clermont Auvergne,643,17,7,10,1989-04-07,1,Tonga,
top14,2018/2019,Lopeti Timani,Stade Rochelais,155,5,4,1,1990-09-28,"4,5,7",Tonga,
top14,2018/2019,Loris Tolot,Agen,363,6,5,1,1993-03-03,"11,13,14,15",France,
top14,2018/2019,Louis Carbonel,RC Toulon,896,17,11,6,1999-02-04,"10,15",France,
top14,2018/2019,Louis Dupichot,Racing 92,1336,18,18,0,1995-09-23,"11,14,15",France,
top14,2018/2019,Louis Picamoles,Montpellier Herault Rugby,922,13,12,1,1986-02-05,"7,8",France,
top14,2018/2019,Louis-Benoit Madaule,Stade Toulousain,617,14,6,8,1988-09-24,"4,5,6,7",France,
top14,2018/2019,Lourens Adriaanse,Section Paloise,1178,24,16,8,1988-02-05,3,Afrique du Sud,
top14,2018/2019,Lucas Bachelier,USAP,449,8,6,2,1995-03-26,"6,7",France,
top14,2018/2019,Lucas Da Silva,Stade Francais Paris,209,6,2,4,1997-12-19,2,France,
top14,2018/2019,Lucas Dupont,Grenoble,252,5,4,1,1990-03-19,"11,14",France,
top14,2018/2019,Lucas Lebraud,Union Bordeaux-Begles,98,3,1,2,1997-04-08,"12,13,14",France,
top14,2018/2019,Lucas Meret,Union Bordeaux-Begles,156,7,1,6,1995-01-30,"9,10",France,
top14,2018/2019,Lucas Pointud,Stade Toulousain,404,8,7,1,1988-01-18,1,France,
top14,2018/2019,Lucas Rey,Section Paloise,724,20,8,12,1997-04-27,2,France,
top14,2018/2019,Lucas Rubio,Agen,460,11,4,7,1991-05-29,9,France,
top14,2018/2019,Lucas Tauzin,Stade Toulousain,714,12,9,3,1998-05-21,"11,12,13,14",France,
top14,2018/2019,Ludovic Radosavljevic,Castres Olympique,774,22,11,11,1989-08-17,"9,10,12",France,
top14,2018/2019,Luke Braid,Union Bordeaux-Begles,103,2,2,0,1988-10-05,6,Nouvelle Zélande,
top14,2018/2019,Luke Jones,Union Bordeaux-Begles,48,1,1,0,1991-04-02,4,Australie,
top14,2018/2019,Maama Vaipulu,Castres Olympique,776,14,12,2,1989-07-21,8,Tonga,
top14,2018/2019,Mahamadou Diaby,Union Bordeaux-Begles,1254,20,18,2,1990-08-15,6,France,
top14,2018/2019,Maks van Dyk,Stade Toulousain,718,20,5,15,1992-01-21,3,Afrique du Sud,
top14,2018/2019,Malakai Fekitoa,RC Toulon,1240,19,14,5,1992-05-10,"6,11,12,13,15",Tonga,
top14,2018/2019,Malietoa Hingano,Stade Francais Paris,155,2,2,0,1992-01-27,12,Tonga,
top14,2018/2019,Malik Hamadache,Section Paloise,715,18,10,8,1988-10-17,3,France,
top14,2018/2019,Mamuka Gorgodze,RC Toulon,619,16,9,7,1984-07-14,"4,5,6,7",France,
top14,2018/2019,Manu Leiataua,USAP,517,12,7,5,1986-12-26,2,Samoa,
top14,2018/2019,Manuel Carizza,Lyon,141,5,1,4,1984-08-23,"4,5",Argentine,
top14,2018/2019,Marc Andreu,Stade Rochelais,855,15,11,4,1985-12-27,"9,11,13",France,
top14,2018/2019,Marc Barthomeuf,Agen,435,15,4,11,1991-07-19,2,France,
top14,2018/2019,Marc Clerc,Castres Olympique,488,18,4,14,1987-06-09,3,France,
top14,2018/2019,Marc-Antoine Rallier,Castres Olympique,575,18,6,12,1988-12-02,2,France,
top14,2018/2019,Marcel van der Merwe,RC Toulon,780,20,13,7,1990-10-24,3,Afrique du Sud,
top14,2018/2019,Marco Tauleigne,Union Bordeaux-Begles,85,3,0,3,1993-08-30,8,France,
top14,2018/2019,Mariano Galarza,Union Bordeaux-Begles,823,16,11,5,1986-11-12,"4,5,6",Argentine,
top14,2018/2019,Martial Rolland,Lyon,7,1,0,1,1998-08-17,4,France,
top14,2018/2019,Martin Devergie,Montpellier Herault Rugby,500,15,3,12,1995-06-26,"5,6,7,8",France,
top14,2018/2019,Martin Laveau,Castres Olympique,829,12,12,0,1996-09-10,14,France,
top14,2018/2019,Martin Puech,Section Paloise,778,17,7,10,1988-12-14,"6,7,8",France,
top14,2018/2019,Marvin Lestremau,Section Paloise,822,12,11,1,1996-07-19,"10,11,14",France,
top14,2018/2019,Masalosalo Tutaia,USAP,720,15,8,7,1984-06-05,"4,5,7",Nouvelle Zélande,
top14,2018/2019,Mathieu Acebes,USAP,934,13,12,1,1987-08-01,"11,13",France,
top14,2018/2019,Mathieu Babillot,Castres Olympique,1322,18,18,0,1993-09-09,"6,7",France,
top14,2018/2019,Mathieu Bastareaud,RC Toulon,772,12,9,3,1988-09-17,"12,13",France,
top14,2018/2019,Mathieu Lamoulie,Agen,1472,22,19,3,1990-08-07,"10,12,14,15",France,
top14,2018/2019,Mathieu Smaili,RC Toulon,158,4,2,2,1999-08-30,"13,14,15",France,
top14,2018/2019,Mathieu Tanguy,Stade Rochelais,1073,22,12,10,1996-06-05,"4,5",France,
top14,2018/2019,Mathieu de Giovanni,Stade Francais Paris,823,16,10,6,1994-01-10,"4,5,6",France,
top14,2018/2019,Matt Tierney,Section Paloise,78,4,0,4,1996-07-04,3,Canada,
top14,2018/2019,Matt Va'ai,Grenoble,193,5,2,3,1992-02-28,"4,8",Nouvelle Zélande,
top14,2018/2019,Matthieu Jalibert,Union Bordeaux-Begles,393,10,4,6,1998-11-06,"10,11",France,
top14,2018/2019,Matthieu Ugalde,Grenoble,642,10,9,1,1992-01-10,10,France,
top14,2018/2019,Matthieu Ugena,Section Paloise,156,4,2,2,1995-07-25,"6,7,8",France,
top14,2018/2019,Matthis Lebel,Stade Toulousain,422,7,4,3,1999-03-25,"11,13,14,15",France,
top14,2018/2019,Maxime Lafage,Stade Rochelais,241,13,1,12,1994-09-01,"10,12,13,14,15",France,
top14,2018/2019,Maxime Lamothe,Union Bordeaux-Begles,199,10,1,9,1998-10-03,"2,6,8",France,
top14,2018/2019,Maxime Machenaud,Racing 92,676,12,10,2,1988-12-30,9,France,
top14,2018/2019,Maxime Medard,Stade Toulousain,889,13,12,1,1986-11-16,"11,14,15",France,
top14,2018/2019,Maxime Mermoz,Stade Toulousain,467,10,6,4,1986-07-28,"12,13",France,
top14,2018/2019,Michael Faleafa,USAP,680,14,11,3,1992-02-03,"6,7,8",Tonga,
top14,2018/2019,Michael Simutoga,ASM Clermont Auvergne,282,13,3,10,1996-09-29,3,France,
top14,2018/2019,Mickael Capelli,Grenoble,734,13,11,2,1997-03-18,"4,5",France,
top14,2018/2019,Mickael Ivaldi,Lyon,1090,21,18,3,1990-02-20,2,France,
top14,2018/2019,Mickael de Marco,Agen,122,4,1,3,1989-04-22,"4,5",France,
top14,2018/2019,Mihaita Lazar,Grenoble,339,11,3,8,1986-11-03,1,Roumanie,
top14,2018/2019,Mike Corbel,Stade Rochelais,430,13,3,10,1992-04-09,"1,3",France,
top14,2018/2019,Mike Tadjer,Grenoble,753,18,8,10,1989-03-10,2,Portugal,
top14,2018/2019,Mikheil Nariashvili,Montpellier Herault Rugby,669,12,9,3,1990-05-25,1,Géorgie,
top14,2018/2019,Mohamed Boughanmi,Stade Rochelais,123,4,0,4,1991-10-27,3,France,
top14,2018/2019,Mohamed Haouas,Montpellier Herault Rugby,406,14,1,13,1994-03-09,3,France,
top14,2018/2019,Morgan Parra,ASM Clermont Auvergne,717,14,10,4,1988-11-15,9,France,
top14,2018/2019,Morgan Phelipponneau,Agen,571,17,6,11,1989-09-05,1,France,
top14,2018/2019,Morne Steyn,Stade Francais Paris,1286,22,15,7,1984-07-11,"10,15",Afrique du Sud,
top14,2018/2019,Nans Ducuing,Union Bordeaux-Begles,1415,19,18,1,1991-11-06,"11,12,15",France,
top14,2018/2019,Nathan Decron,Union Bordeaux-Begles,282,5,3,2,1998-02-17,12,France,
top14,2018/2019,Nemani Nadolo,Montpellier Herault Rugby,681,10,9,1,1988-01-31,"11,14",Fidji,
top14,2018/2019,Nick Abendanon,ASM Clermont Auvergne,452,8,6,2,1986-08-27,"14,15",Angleterre,
top14,2018/2019,Nicolaas Janse van Rensburg,Montpellier Herault Rugby,1215,19,16,3,1994-05-06,"4,8",Afrique du Sud,
top14,2018/2019,Nicolas Corato,Section Paloise,123,6,0,6,1997-10-07,3,France,
top14,2018/2019,Nicolas Lemaire,USAP,124,5,0,5,1995-08-26,"1,3",France,
top14,2018/2019,Nicolas Metge,Agen,696,12,9,3,1994-05-04,"11,13,14",France,
top14,2018/2019,Nicolas Plazy,Union Bordeaux-Begles,15,1,0,1,1994-05-17,11,France,
top14,2018/2019,Nicolas Sanchez,Stade Francais Paris,910,14,12,2,1988-10-26,10,Argentine,
top14,2018/2019,Noa Nakaitaci,Lyon,1920,24,24,0,1990-07-11,"11,14",France,
top14,2018/2019,Ole Avei,Racing 92,414,13,4,9,1983-06-13,2,Samoa,
top14,2018/2019,Olivier Klemenczak,Racing 92,1168,23,12,11,1996-06-01,"12,13",France,
top14,2018/2019,Opeti Fonua,Agen,130,4,2,2,1986-05-26,8,Tonga,
top14,2018/2019,Pablo Uberti,Grenoble,691,13,8,5,1997-10-19,"12,13,14",France,
top14,2018/2019,Paddy Butler,Section Paloise,1185,21,13,8,1990-12-01,"4,5,6,7,8",Irlande,
top14,2018/2019,Paddy Jackson,USAP,1316,22,16,6,1992-01-05,"10,15",Irlande,
top14,2018/2019,Paea Fa'anunu,Castres Olympique,247,9,2,7,1988-11-04,"1,3",Tonga,
top14,2018/2019,Patricio Fernandez,ASM Clermont Auvergne,318,10,4,6,1994-10-11,10,Argentine,
top14,2018/2019,Patrick Sobela,Lyon,939,16,13,3,1992-08-12,"5,7,8",France,
top14,2018/2019,Paul Abadie,Agen,1036,20,17,3,1994-07-28,9,France,
top14,2018/2019,Paul Alo-Emile,Stade Francais Paris,1207,24,15,9,1991-12-22,3,Samoa,
top14,2018/2019,Paul Boudehent,Stade Rochelais,16,1,0,1,1999-11-21,7,France,
top14,2018/2019,Paul Gabrillagues,Stade Francais Paris,1449,21,20,1,1993-06-03,4,France,
top14,2018/2019,Paul Jedrasiak,ASM Clermont Auvergne,691,16,8,8,1993-02-06,"4,5,6",France,
top14,2018/2019,Paul Jordaan,Stade Rochelais,319,6,4,2,1992-01-04,"12,13,14",Afrique du Sud,
top14,2018/2019,Paul Willemse,Montpellier Herault Rugby,1629,21,21,0,1992-11-13,5,France,
top14,2018/2019,Paula Ngauamo,Agen,1145,23,17,6,1990-02-19,2,Tonga,
top14,2018/2019,Paulo Tafili,Stade Toulousain,182,6,2,4,1996-02-15,3,France,
top14,2018/2019,Peato Mauvaka,Stade Toulousain,786,19,12,7,1997-01-10,"2,6",France,
top14,2018/2019,Peceli Yato,ASM Clermont Auvergne,1199,22,11,11,1993-01-17,"4,6,7,8",Fidji,
top14,2018/2019,Peni Ravai,Union Bordeaux-Begles,162,6,0,6,1990-06-16,1,Fidji,
top14,2018/2019,Peter Betham,ASM Clermont Auvergne,1088,17,14,3,1989-01-06,"11,12,13,14",Australie,
top14,2018/2019,Peter Saili,Section Paloise,112,2,2,0,1988-01-04,8,Nouvelle Zélande,
top14,2018/2019,Pierre Aguillon,Stade Rochelais,974,18,11,7,1987-03-27,"11,12,13,15",France,
top14,2018/2019,Pierre Boudehent,Stade Rochelais,64,1,1,0,1998-02-06,11,France,
top14,2018/2019,Pierre Bourgarit,Stade Rochelais,848,20,12,8,1997-09-12,2,France,
top14,2018/2019,Pierre Fouyssac,Stade Toulousain,226,3,3,0,1995-03-17,13,France,
top14,2018/2019,Pierre Gayraud,Stade Toulousain,102,3,1,2,1992-03-27,"4,5,8",France,
top14,2018/2019,Pierre Lucas,USAP,459,7,6,1,1997-04-29,"11,12,13,14",France,
top14,2018/2019,Pierre Nueno,Section Paloise,95,2,1,1,1996-05-15,13,France,
top14,2018/2019,Pierre Pages,Stade Toulousain,389,13,3,10,1990-05-16,"9,12",France,
top14,2018/2019,Pierre Reynaud,USAP,437,9,5,4,1996-02-24,"6,7",France,
top14,2018/2019,Pierre-Louis Barassi,Lyon,835,14,10,4,1998-04-22,"11,13,14,15",France,
top14,2018/2019,Pierrick Gunther,Section Paloise,540,9,7,2,1989-10-16,"6,7",France,
top14,2018/2019,Piet van Zyl,Stade Francais Paris,1357,21,18,3,1989-09-14,9,Afrique du Sud,
top14,2018/2019,Pita Ahki,Stade Toulousain,1145,20,14,6,1992-09-24,"11,12,13",Tonga,
top14,2018/2019,Piula Fa'asalele,Stade Toulousain,753,20,6,14,1988-01-22,"4,5,6,7",Samoa,
top14,2018/2019,Quentin Bethune,Agen,670,15,8,7,1995-09-25,"1,3",France,
top14,2018/2019,Quentin Lespiaucq,Section Paloise,707,13,12,1,1995-02-16,2,France,
top14,2018/2019,Quentin Walcker,USAP,306,10,3,7,1996-02-21,"1,3",France,
top14,2018/2019,Rabah Slimani,ASM Clermont Auvergne,812,16,12,4,1989-10-18,"1,3",France,
top14,2018/2019,Ramiro Herrera,Stade Francais Paris,542,15,9,6,1989-02-14,3,Argentine,
top14,2018/2019,Raphael Carbou,USAP,855,23,7,16,1992-09-06,2,France,
top14,2018/2019,Raphael Chaume,Lyon,974,20,19,1,1989-04-29,1,France,
top14,2018/2019,Raphael Lagarde,Racing 92,244,6,4,2,1988-10-30,10,France,
top14,2018/2019,Raphael Lakafia,RC Toulon,1389,19,19,0,1988-10-28,"6,7,8",France,
top14,2018/2019,Raymond Rhule,Grenoble,1186,16,15,1,1992-11-06,"11,13,14,15",Afrique du Sud,
top14,2018/2019,Rayne Barka,Section Paloise,42,1,0,1,1999-02-05,2,France,
top14,2018/2019,Remi Bonfils,Stade Francais Paris,523,10,8,2,1988-09-26,2,France,
top14,2018/2019,Remi Bourdeau,Stade Rochelais,446,8,6,2,1992-02-27,"6,7",France,
top14,2018/2019,Remi Lamerat,ASM Clermont Auvergne,849,15,11,4,1990-01-14,"12,13",France,
top14,2018/2019,Remi Leroux,Stade Rochelais,11,1,0,1,1998-08-04,5,France,
top14,2018/2019,Remy Grosso,ASM Clermont Auvergne,855,12,11,1,1988-12-04,11,France,
top14,2018/2019,Rhys Webb,RC Toulon,1037,16,15,1,1988-12-09,9,Pays de Galles,
top14,2018/2019,Richard Choirat,Lyon,116,4,1,3,1984-09-28,3,France,
top14,2018/2019,Richie Arnold,Stade Toulousain,595,10,9,1,1990-07-01,"4,5",Australie,
top14,2018/2019,Richie Gray,Stade Toulousain,615,12,6,6,1989-08-24,"4,5",Ecosse,
top14,2018/2019,Ricky Januarie,Agen,440,13,4,9,1982-01-02,9,Afrique du Sud,
top14,2018/2019,Robert Ebersohn,Castres Olympique,1488,24,20,4,1989-02-23,"12,13",Afrique du Sud,
top14,2018/2019,Rodrigo Capo Ortega,Castres Olympique,561,9,9,0,1980-12-08,5,Uruguay,
top14,2018/2019,Rodrigue Neti,Stade Toulousain,364,11,2,9,1995-04-26,1,France,
top14,2018/2019,Romain Briatte,Agen,735,14,10,4,1993-02-18,"6,7,8",France,
top14,2018/2019,Romain Buros,Union Bordeaux-Begles,1337,18,17,1,1997-07-31,"11,14,15",France,
top14,2018/2019,Romain Lonca,Union Bordeaux-Begles,265,5,4,1,1991-11-26,"12,13",France,
top14,2018/2019,Romain Ntamack,Stade Toulousain,1086,19,14,5,1999-05-01,"10,12",France,
top14,2018/2019,Romain Ruffenach,Montpellier Herault Rugby,483,15,4,11,1994-09-04,"2,7",France,
top14,2018/2019,Romain Sazy,Stade Rochelais,1755,26,22,4,1986-10-14,"4,5,6",France,
top14,2018/2019,Romain Taofifenua,RC Toulon,1199,20,20,0,1990-09-14,5,France,
top14,2018/2019,Romaric Camou,Stade Rochelais,62,1,1,0,1996-10-09,15,France,
top14,2018/2019,Rory Kockott,Castres Olympique,1393,22,16,6,1986-06-25,9,France,
top14,2018/2019,Ruan Pienaar,Montpellier Herault Rugby,619,11,10,1,1984-03-10,9,Afrique du Sud,
top14,2018/2019,Rudi Wulf,Lyon,912,20,11,9,1984-02-02,"11,12,13,14",Samoa,
top14,2018/2019,Ryan Chapuis,Stade Francais Paris,646,16,8,8,1997-12-12,"4,6,7,8",France,
top14,2018/2019,Ryan Lamb,Stade Rochelais,32,2,0,2,1986-05-18,10,Angleterre,
top14,2018/2019,Rynhardt Elstadt,Stade Toulousain,1249,19,19,0,1989-12-20,"4,6,7",Afrique du Sud,
top14,2018/2019,Sadek Deghmache,USAP,498,16,6,10,1995-10-05,9,France,
top14,2018/2019,Sam Matavesi,Stade Toulousain,74,3,0,3,1992-01-13,2,Fidji,
top14,2018/2019,Sam Vaka,Agen,1396,22,19,3,1992-10-26,"12,13,14",Tonga,
top14,2018/2019,Samuel Ezeala,ASM Clermont Auvergne,228,6,3,3,1999-12-11,"11,14,15",Espagne,
top14,2018/2019,Samuel Lagrange,Stade Rochelais,115,4,1,3,1997-01-23,2,France,
top14,2018/2019,Scott Spedding,Castres Olympique,787,12,11,1,1986-05-04,15,France,
top14,2018/2019,Sean Dougall,Section Paloise,585,9,9,0,1989-10-28,"6,7",Irlande,
top14,2018/2019,Sebastien Bezy,Stade Toulousain,1372,24,16,8,1991-11-22,"9,12",France,
top14,2018/2019,Sebastien Taofifenua,RC Toulon,495,12,6,6,1992-03-21,"1,3",France,
top14,2018/2019,Sebastien Vahaamahina,ASM Clermont Auvergne,1224,17,17,0,1991-10-21,5,France,
top14,2018/2019,Seilala Lam,USAP,780,17,13,4,1989-02-18,"2,6,7",Samoa,
top14,2018/2019,Sekou Macalou,Stade Francais Paris,1660,23,23,0,1995-04-20,7,France,
top14,2018/2019,Selevasio Tolofua,Stade Toulousain,742,17,8,9,1997-05-31,"5,6,7,8",France,
top14,2018/2019,Semi Radradra,Union Bordeaux-Begles,1442,20,19,1,1992-06-13,"12,13",Fidji,
top14,2018/2019,Sergio Parisse,Stade Francais Paris,684,12,8,4,1983-09-12,8,Italie,
top14,2018/2019,Seta Tamanivalu,Union Bordeaux-Begles,638,13,7,6,1992-01-23,"11,12,13,14",Fidji,
top14,2018/2019,Setariki Tuicuvu,ASM Clermont Auvergne,610,9,8,1,1995-09-07,15,Fidji,
top14,2018/2019,Shahn Eru,USAP,1177,21,13,8,1989-09-20,"4,5,6,7,8",Nouvelle Zélande,
top14,2018/2019,Siegfried Fisi'ihoi,Stade Francais Paris,1027,19,11,8,1987-06-08,1,Tonga,
top14,2018/2019,Sila Puafisi,Stade Rochelais,269,11,1,10,1988-04-15,3,Tonga,
top14,2018/2019,Simon Moretti,RC Toulon,134,6,1,5,2000-04-19,"10,11,14,15",France,
top14,2018/2019,Simon Zebo,Racing 92,1320,19,16,3,1990-03-16,"14,15",Irlande,
top14,2018/2019,Sione Piukala,USAP,1038,17,13,4,1985-06-08,"12,13",Tonga,
top14,2018/2019,Sipili Falatea,ASM Clermont Auvergne,139,6,0,6,1997-06-06,3,France,
top14,2018/2019,Sitaleki Timani,ASM Clermont Auvergne,1507,23,22,1,1986-09-19,"4,5",Tonga,
top14,2018/2019,Sofiane Guitoune,Stade Toulousain,1710,23,23,0,1989-03-27,"11,13",France,
top14,2018/2019,Sosefo Tapu Falatea,Castres Olympique,57,5,0,5,1988-12-12,1,France,
top14,2018/2019,Steeve Blanc-Mappaz,Grenoble,646,12,9,3,1990-07-12,"6,7,8",France,
top14,2018/2019,Steffon Armitage,Section Paloise,737,12,10,2,1985-09-20,"7,8",Angleterre,
top14,2018/2019,Stephane Clement,Stade Francais Paris,219,7,4,3,1987-09-03,1,France,
top14,2018/2019,Stephane Onambele,RC Toulon,410,11,5,6,1993-02-12,"5,6,7",France,
top14,2018/2019,Steve Mafi,Castres Olympique,450,8,6,2,1989-12-09,"4,5,8",Tonga,
top14,2018/2019,Steven Setephano,Grenoble,1041,14,14,0,1984-04-15,"6,7",Nouvelle Zélande,
top14,2018/2019,Swan Rebbadj,RC Toulon,954,17,11,6,1995-01-15,"4,5,6,7",France,
top14,2018/2019,Sylvain Charlet,USAP,333,8,5,3,1985-08-22,3,France,
top14,2018/2019,Sylvain Nicolas,Stade Francais Paris,21,1,0,1,1987-06-21,6,France,
top14,2018/2019,Taiasina Tuifua,Grenoble,881,16,11,5,1984-08-20,"4,5,6,8",Samoa,
top14,2018/2019,Talalelei Gray,Stade Francais Paris,463,10,6,4,1990-02-28,"6,7,8",Samoa,
top14,2018/2019,Taleta Tupuola,Grenoble,839,17,10,7,1989-07-09,"10,11,12,13,14",Nouvelle Zélande,
top14,2018/2019,Tamaz Mchedlidze,Agen,188,5,3,2,1993-03-17,"8,12,13",Géorgie,
top14,2018/2019,Tawera Kerr-Barlow,Stade Rochelais,992,20,13,7,1990-08-15,9,Nouvelle Zélande,
top14,2018/2019,Taylor Paris,Castres Olympique,890,12,12,0,1992-10-06,"11,14",Canada,
top14,2018/2019,Teddy Baubigny,Racing 92,504,17,4,13,1998-09-02,2,France,
top14,2018/2019,Teddy Iribaren,Racing 92,1086,24,14,10,1990-09-25,9,France,
top14,2018/2019,Teddy Thomas,Racing 92,542,8,8,0,1993-09-18,14,France,
top14,2018/2019,Theo Belan,Stade Toulousain,169,3,2,1,1992-11-15,"12,13",France,
top14,2018/2019,Theo Nanette,Grenoble,516,13,7,6,1993-01-12,9,France,
top14,2018/2019,Thibault Daubagna,Section Paloise,1511,26,21,5,1994-05-20,9,France,
top14,2018/2019,Thibault Lassalle,Castres Olympique,689,16,9,7,1987-08-22,"4,5",France,
top14,2018/2019,Thibaut Martel,Grenoble,71,1,1,0,1998-08-15,8,France,
top14,2018/2019,Thibaut Regard,Lyon,1379,26,15,11,1993-08-06,"11,12,13,15",France,
top14,2018/2019,Thierry Paiva,Union Bordeaux-Begles,824,21,11,10,1995-11-19,1,France,
top14,2018/2019,Thomas Berjon,Stade Rochelais,200,7,2,5,1998-04-12,9,France,
top14,2018/2019,Thomas Combezou,Castres Olympique,1358,21,16,5,1987-01-26,"12,13,14",France,
top14,2018/2019,Thomas Darmon,Montpellier Herault Rugby,332,8,5,3,1998-05-12,"10,14",France,
top14,2018/2019,Thomas Domingo,Section Paloise,565,14,7,7,1985-08-20,1,France,
top14,2018/2019,Thomas Jolmes,Stade Rochelais,1193,21,18,3,1995-10-08,"4,5",France,
top14,2018/2019,Thomas Ramos,Stade Toulousain,1415,21,17,4,1995-07-23,"10,12,15",France,
top14,2018/2019,Thomas Vincent,Agen,72,3,0,3,1999-07-21,10,France,
top14,2018/2019,Tim Nanai-Williams,ASM Clermont Auvergne,1050,22,11,11,1989-06-12,"10,11,14,15",Samoa,
top14,2018/2019,Tima Fainga'anuku,USAP,720,9,9,0,1997-04-26,"11,14",Tonga,
top14,2018/2019,Timilai Rokoduru,Agen,916,17,13,4,1993-01-21,"13,14,15",Fidji,
top14,2018/2019,Timoci Nagusa,Montpellier Herault Rugby,1195,18,16,2,1987-07-14,"11,14",Fidji,
top14,2018/2019,Toby Arnold,Lyon,1568,21,19,2,1987-09-11,"11,13,14,15",Nouvelle Zélande,
top14,2018/2019,Tom Ecochard,USAP,1043,24,13,11,1992-12-14,"9,11",France,
top14,2018/2019,Tom Murday,Agen,1555,22,22,0,1989-04-27,"4,5",Australie,
top14,2018/2019,Tom Taylor,Section Paloise,574,10,6,4,1989-03-11,"10,12,13,15",Nouvelle Zélande,
top14,2018/2019,Tony Ensor,Stade Francais Paris,350,10,4,6,1991-05-11,"11,14,15",Nouvelle Zélande,
top14,2018/2019,Tristan Labouteley,USAP,1419,24,17,7,1995-04-12,"4,5,7",France,
top14,2018/2019,Tudor Stroe,Castres Olympique,534,17,3,14,1993-09-06,1,France,
top14,2018/2019,Uini Atonio,Stade Rochelais,1131,21,19,2,1990-03-26,3,France,
top14,2018/2019,Ulupano Seuteni,Union Bordeaux-Begles,1006,15,14,1,1993-12-09,"12,13",Samoa,
top14,2018/2019,Ushangi Tcheishvili,Montpellier Herault Rugby,176,4,3,1,1997-08-29,1,Géorgie,
top14,2018/2019,Vadim Cobilas,Union Bordeaux-Begles,1197,22,18,4,1983-07-30,3,France,
top14,2018/2019,Valentin Saurs,Agen,816,12,11,1,1995-02-12,"11,14",France,
top14,2018/2019,Vasil Kakovin,Racing 92,747,20,6,14,1989-12-01,1,Géorgie,
top14,2018/2019,Victor Moreaux,Castres Olympique,267,13,1,12,1993-09-19,"4,5",France,
top14,2018/2019,Victor Vito,Stade Rochelais,1529,22,18,4,1987-03-27,"7,8",Nouvelle Zélande,
top14,2018/2019,Viliamu Afatia,Union Bordeaux-Begles,309,10,3,7,1990-05-24,"1,3",Samoa,
top14,2018/2019,Vincent Farre,Agen,927,17,14,3,1990-06-06,"4,6,7",France,
top14,2018/2019,Vincent Giudicelli,Montpellier Herault Rugby,419,12,6,6,1997-06-25,"2,7",France,
top14,2018/2019,Vincent Martin,Montpellier Herault Rugby,961,20,11,9,1992-09-04,"11,12,13,14,15",France,
top14,2018/2019,Vincent Pelo,Stade Rochelais,402,13,4,9,1988-04-22,1,France,
top14,2018/2019,Vincent Pinto,Section Paloise,190,3,1,2,1999-04-10,"10,12,14",Portugal,
top14,2018/2019,Vincent Rattez,Stade Rochelais,1784,24,23,1,1992-03-24,"11,13,14,15",France,
top14,2018/2019,Virgile Bruni,Lyon,160,3,2,1,1989-02-06,"4,5",France,
top14,2018/2019,Virgile Lacombe,Lyon,689,21,4,17,1984-07-07,2,France,
top14,2018/2019,Virimi Vakatawa,Racing 92,1484,22,20,2,1992-05-01,"12,13",France,
top14,2018/2019,Vito Kolelishvili,ASM Clermont Auvergne,56,2,2,0,1989-10-09,7,Géorgie,
top14,2018/2019,Waisea Nayacalevu,Stade Francais Paris,1633,21,21,0,1990-06-26,"13,14",Fidji,
top14,2018/2019,Wandile Mjekevu,USAP,311,5,5,0,1991-01-07,"13,14",Afrique du Sud,
top14,2018/2019,Watisoni Votu,Section Paloise,1507,20,20,0,1985-03-25,11,Fidji,
top14,2018/2019,Wenceslas Lauret,Racing 92,902,13,12,1,1989-03-28,6,France,
top14,2018/2019,Wesley Fofana,ASM Clermont Auvergne,1149,15,15,0,1988-01-20,12,France,
top14,2018/2019,Wiaan Liebenberg,Montpellier Herault Rugby|Stade Rochelais,1570,22,20,2,1992-08-31,"6,7",Afrique du Sud,
top14,2018/2019,Wilfrid Hounkpatin,Castres Olympique,422,9,6,3,1991-07-29,3,France,
top14,2018/2019,Willem Alberts,Stade Francais Paris,1243,21,16,5,1984-05-11,"6,7,8",Afrique du Sud,
top14,2018/2019,William Demotte,Stade Rochelais,76,2,1,1,1991-05-22,5,France,
top14,2018/2019,Xavier Chauveau,Racing 92,260,6,3,3,1992-10-14,9,France,
top14,2018/2019,Xavier Chiocci,RC Toulon,328,9,3,6,1990-02-13,1,France,
top14,2018/2019,Xavier Mignot,Lyon,773,15,11,4,1994-01-27,"10,11,14,15",France,
top14,2018/2019,Xerom Civil,Agen,330,10,3,7,1994-04-02,3,France,
top14,2018/2019,Yacouba Camara,Montpellier Herault Rugby,883,13,13,0,1994-06-02,"6,7",France,
top14,2018/2019,Yann David,Castres Olympique,536,11,7,4,1988-04-15,"12,13",France,
top14,2018/2019,Yann Lesgourgues,Union Bordeaux-Begles,987,20,12,8,1991-01-17,"8,9",France,
top14,2018/2019,Yannick Arroyo,Montpellier Herault Rugby,104,5,0,5,1998-12-18,1,France,
top14,2018/2019,Yannick Caballero,Castres Olympique,530,10,6,4,1983-04-03,"6,7,8",France,
top14,2018/2019,Yassin Boutemmani,USAP,1095,24,17,7,1990-07-12,"1,3",France,
top14,2018/2019,Yoan Cottin,RC Toulon,228,7,3,4,1998-01-31,9,France,
top14,2018/2019,Yoan Tanga,Agen,1327,19,17,2,1996-11-29,"7,8",France,
top14,2018/2019,Yoann Huget,Stade Toulousain,1212,16,15,1,1987-06-02,14,France,
top14,2018/2019,Yoann Maestri,Stade Francais Paris,1167,16,16,0,1988-01-14,5,France,
top14,2018/2019,Yohan Beheregaray,ASM Clermont Auvergne,193,10,1,9,1996-05-29,2,France,
top14,2018/2019,Yohan Domenech,Castres Olympique,64,6,0,6,1993-04-19,9,France,
top14,2018/2019,Yohan Le Bourhis,Castres Olympique,78,4,1,3,1994-03-14,10,France,
top14,2018/2019,Yohan Montes,Agen,648,17,11,6,1985-02-07,"1,3",France,
top14,2018/2019,Yohan Vivalda,USAP,482,12,6,6,1988-12-09,"4,5,7,8",France,
top14,2018/2019,Youri Delhommel,Montpellier Herault Rugby,117,4,1,3,1996-03-06,2,France,
top14,2018/2019,Yvan Reilhac,Montpellier Herault Rugby,1552,24,19,5,1995-06-09,"10,11,12,13,14",France,
top14,2018/2019,Yvan Watremez,Montpellier Herault Rugby,613,19,7,12,1989-04-21,"1,2",France,
top14,2018/2019,Zack Holmes,Stade Toulousain,1208,18,17,1,1990-05-30,"10,12",Australie,
top14,2018/2019,Zeno Kieft,Stade Rochelais,858,17,9,8,1991-02-02,"4,6,7",Pays-Bas,
top14,2019/2020,Aaron Cruden,Montpellier Herault Rugby,390,6,6,0,1989-01-08,10,Nouvelle Zélande,
top14,2019/2020,Adam Jaulhac,Bayonne,203,4,4,0,1988-01-31,5,France,
top14,2019/2020,Adrian Motoc,Agen,234,10,2,8,1996-07-11,"3,4,5,6,8",Roumanie,
top14,2019/2020,Adrien Lapegue-Lafaye,Stade Francais Paris,761,10,10,0,1998-10-21,11,France,
top14,2019/2020,Adrien Pelissie,Union Bordeaux-Begles,657,15,8,7,1990-08-07,2,France,
top14,2019/2020,Afaesetiti Amosa,Union Bordeaux-Begles,15,1,0,1,1990-10-11,8,Samoa,
top14,2019/2020,Alban Placines,Stade Toulousain,430,8,5,3,1993-04-23,"6,7",France,
top14,2019/2020,Alban Ramette,CA Brive,37,1,0,1,1998-10-07,11,France,
top14,2019/2020,Aleksi Tchitchiashvili,Montpellier Herault Rugby,4,1,0,1,2001-09-23,3,Géorgie,
top14,2019/2020,Alex Arrate,Stade Francais Paris,113,5,2,3,1997-06-24,"11,12,13,15",France,
top14,2019/2020,Alex Dunbar,CA Brive,329,7,6,1,1990-04-23,"12,13",Ecosse,
top14,2019/2020,Alex Tulou,Castres Olympique,465,10,3,7,1987-03-21,"6,7,8",Samoa,
top14,2019/2020,Alexandre Dumoulin,Section Paloise,490,10,6,4,1989-08-24,"12,13,14",France,
top14,2019/2020,Alexandre Fischer,ASM Clermont Auvergne,256,5,3,2,1998-01-19,"6,7,9",France,
top14,2019/2020,Alexandre Flanquart,Union Bordeaux-Begles,394,10,5,5,1989-10-09,"4,5,6",France,
top14,2019/2020,Alexandre Lapandry,ASM Clermont Auvergne,560,8,8,0,1989-04-13,7,France,
top14,2019/2020,Alexandre Roumat,Union Bordeaux-Begles,943,13,12,1,1997-06-27,6,France,
top14,2019/2020,Alexi Bales,Stade Rochelais,140,3,2,1,1990-05-30,9,France,
top14,2019/2020,Alexis Decaux,Castres Olympique,12,1,0,1,2000-10-19,3,France,
top14,2019/2020,Alexis Palisson,Lyon|Stade Francais Paris,160,2,2,0,1987-09-09,11,France,
top14,2019/2020,Ali Oz,Racing 92,317,7,5,2,1995-05-28,3,France,
top14,2019/2020,Alivereti Raka,ASM Clermont Auvergne,550,7,7,0,1994-12-09,"11,14",France,
top14,2019/2020,Alofa Alofa,Bayonne,1161,15,15,0,1991-03-12,"11,12,13,14",Samoa,
top14,2019/2020,Andre Gorin,Bayonne,246,5,4,1,1987-11-30,"6,8",France,
top14,2019/2020,Andres Zafra,Agen,1000,17,13,4,1996-03-26,"4,5,6",Colombie,
top14,2019/2020,Anthony Belleau,RC Toulon,1142,15,14,1,1996-04-08,"10,12",France,
top14,2019/2020,Anthony Bouthier,Montpellier Herault Rugby,895,13,11,2,1992-06-19,"10,11,15",France,
top14,2019/2020,Anthony Etrillard,RC Toulon,409,7,7,0,1993-03-21,2,France,
top14,2019/2020,Anthony Jelonch,Castres Olympique,1001,16,14,2,1996-07-28,"7,8",France,
top14,2019/2020,Anthony Meric,RC Toulon,180,4,3,1,1995-02-15,9,France,
top14,2019/2020,Antoine Battut,Bayonne,465,9,8,1,1984-01-01,"4,7",France,
top14,2019/2020,Antoine Burban,Stade Francais Paris,48,1,1,0,1987-07-22,6,France,
top14,2019/2020,Antoine Dupont,Stade Toulousain,53,2,0,2,1996-11-15,9,France,
top14,2019/2020,Antoine Erbani,Section Paloise,546,12,7,5,1990-02-07,"6,7,8",France,
top14,2019/2020,Antoine Gibert,Racing 92,515,11,7,4,1997-12-31,"9,10,12",France,
top14,2019/2020,Antoine Guillamon,Montpellier Herault Rugby,64,3,0,3,1991-06-04,3,France,
top14,2019/2020,Antoine Hastoy,Section Paloise,1126,17,14,3,1997-06-04,"10,12,13,15",France,
top14,2019/2020,Antoine Miquel,Stade Toulousain,692,11,10,1,1994-06-20,"6,7,8",France,
top14,2019/2020,Antoine Tichit,Castres Olympique,534,9,9,0,1989-06-13,1,France,
top14,2019/2020,Anton Peikrishvili,Agen,88,3,1,2,1987-09-18,3,Géorgie,
top14,2019/2020,Antonie Claassen,Racing 92,634,9,9,0,1984-10-20,8,France,
top14,2019/2020,Apisai Naqalevu,ASM Clermont Auvergne,578,10,7,3,1989-08-21,"11,12,13,14",Fidji,
top14,2019/2020,Aretz Iguiniz,Bayonne,338,10,4,6,1983-06-03,"1,3",France,
top14,2019/2020,Armand Batlle,Castres Olympique,381,6,5,1,1987-04-12,"11,14",France,
top14,2019/2020,Arnaud Duputs,Bayonne,267,6,2,4,1995-07-26,"5,6,7,8",France,
top14,2019/2020,Arthur Bonneval,Stade Toulousain,496,7,6,1,1995-05-31,"11,14,15",France,
top14,2019/2020,Arthur Coville,Stade Francais Paris,765,14,10,4,1998-02-04,9,France,
top14,2019/2020,Arthur Duhau,Bayonne,800,10,10,0,1997-08-09,"11,14",France,
top14,2019/2020,Arthur Iturria,ASM Clermont Auvergne,399,6,6,0,1994-05-13,"4,6",France,
top14,2019/2020,Arthur Joly,Stade Rochelais,250,8,2,6,1988-02-20,3,France,
top14,2019/2020,Arthur Retiere,Stade Rochelais,977,13,12,1,1997-08-01,"11,13,14,15",France,
top14,2019/2020,Arthur Vincent,Montpellier Herault Rugby,867,13,11,2,1999-09-30,"12,13",France,
top14,2019/2020,Atila Septar,Section Paloise,558,9,6,3,1996-06-02,"11,12,14",France,
top14,2019/2020,Axel Muller,CA Brive,977,13,13,0,1993-11-25,"11,14",Argentine,
top14,2019/2020,Aymeric Luc,Bayonne,555,8,6,2,1997-10-14,"11,15",France,
top14,2019/2020,Badri Alkhazashvili,Lyon,107,6,0,6,1995-07-31,2,Géorgie,
top14,2019/2020,Baptiste Chouzenoux,Racing 92,1276,17,16,1,1993-08-07,"5,6,7",France,
top14,2019/2020,Baptiste Couilloud,Lyon,637,14,10,4,1997-07-22,9,France,
top14,2019/2020,Baptiste Delaporte,Castres Olympique,925,16,13,3,1997-03-25,"4,6,7",France,
top14,2019/2020,Baptiste Heguy,Bayonne,416,10,4,6,1998-05-11,"4,7,8",France,
top14,2019/2020,Baptiste Pesenti,Section Paloise,341,9,4,5,1997-07-03,"4,5,6,8",France,
top14,2019/2020,Baptiste Serin,RC Toulon,277,4,4,0,1994-06-20,9,France,
top14,2019/2020,Bastien Chalureau,Stade Toulousain,44,1,1,0,1992-02-13,5,France,
top14,2019/2020,Bastien Pourailly,Section Paloise,148,3,1,2,1994-01-31,"11,14",France,
top14,2019/2020,Bastien Soury,RC Toulon,228,13,0,13,1995-03-18,2,France,
top14,2019/2020,Beka Gigashvili,RC Toulon,244,6,3,3,1992-02-17,3,Géorgie,
top14,2019/2020,Beka Gorgadze,Union Bordeaux-Begles,84,3,1,2,1996-02-08,"6,7,8",Géorgie,
top14,2019/2020,Ben Botica,Union Bordeaux-Begles,693,17,9,8,1989-10-07,10,Nouvelle Zélande,
top14,2019/2020,Ben Smith,Section Paloise,369,5,5,0,1986-06-01,"14,15",Nouvelle Zélande,
top14,2019/2020,Ben Tameifuna,Racing 92,362,7,6,1,1991-08-30,3,Tonga,
top14,2019/2020,Ben Te'o,RC Toulon,179,3,2,1,1987-01-27,"12,13",Angleterre,
top14,2019/2020,Ben Volavola,Racing 92,121,4,1,3,1991-01-13,"10,12,13",Fidji,
top14,2019/2020,Benito Masilevu,Agen,640,8,8,0,1989-10-07,"11,14",Fidji,
top14,2019/2020,Benjamin Collet,Bayonne,52,1,1,0,1989-04-11,7,France,
top14,2019/2020,Benjamin Fall,Montpellier Herault Rugby,89,2,1,1,1989-04-29,15,France,
top14,2019/2020,Benjamin Lapeyre,Castres Olympique,216,4,2,2,1986-09-24,"10,11,14",France,
top14,2019/2020,Benjamin Urdapilleta,Castres Olympique,524,7,7,0,1986-03-11,10,Argentine,
top14,2019/2020,Benoit Paillaugue,Montpellier Herault Rugby,613,10,8,2,1987-11-17,9,France,
top14,2019/2020,Benson Stanley,Section Paloise,641,9,9,0,1984-09-11,"12,13",France,
top14,2019/2020,Beqa Kakabadze,ASM Clermont Auvergne,84,3,0,3,1995-09-07,1,Géorgie,
top14,2019/2020,Bernard Le Roux,Racing 92,215,3,3,0,1989-06-04,"4,7",France,
top14,2019/2020,Bismarck du Plessis,Montpellier Herault Rugby,363,7,4,3,1984-05-22,2,Afrique du Sud,
top14,2019/2020,Blair Connor,Union Bordeaux-Begles,794,11,10,1,1988-09-29,11,Australie,
top14,2019/2020,Boris Palu,Racing 92,897,12,12,0,1996-02-04,"4,5,7",France,
top14,2019/2020,Brandon Fajardo,Bayonne,444,11,4,7,1994-06-25,"10,11",France,
top14,2019/2020,Brendan Lebrun,Stade Rochelais,14,1,0,1,1998-01-22,2,France,
top14,2019/2020,Brian Alainu'uese,RC Toulon,732,13,8,5,1994-03-19,"4,5",Samoa,
top14,2019/2020,Brice Dulin,Racing 92,947,14,12,2,1990-04-13,15,France,
top14,2019/2020,Brieuc Plessis-Couillaud,Stade Rochelais,159,7,1,6,1994-03-19,"12,13",France,
top14,2019/2020,Brock James,Stade Rochelais,290,9,3,6,1981-10-22,"10,12",France,
top14,2019/2020,Bruce Devaux,RC Toulon,196,7,1,6,1996-11-14,1,France,
top14,2019/2020,Bryce Heem,RC Toulon,596,10,9,1,1989-01-18,"11,12,13,14,15",Nouvelle Zélande,
top14,2019/2020,Caleb Timu,Montpellier Herault Rugby,654,10,8,2,1994-02-22,"7,8",Australie,
top14,2019/2020,Callum Wilson,Bayonne,106,2,1,1,1990-10-28,"10,13",Angleterre,
top14,2019/2020,Cameron Woki,Union Bordeaux-Begles,497,8,6,2,1998-11-07,"6,7",France,
top14,2019/2020,Camille Chat,Racing 92,236,4,4,0,1995-12-18,2,France,
top14,2019/2020,Camille Gerondeau,Castres Olympique,724,13,9,4,1988-03-12,"6,7,8",France,
top14,2019/2020,Camille Lopez,ASM Clermont Auvergne,569,9,8,1,1989-04-03,10,France,
top14,2019/2020,Carl Axtens,Stade Toulousain,80,1,1,0,1991-08-26,8,Nouvelle Zélande,
top14,2019/2020,Carl Fearns,Lyon,680,13,11,2,1989-05-28,"7,8",Angleterre,
top14,2019/2020,Carlu Sadie,Stade Francais Paris,246,6,4,2,1997-05-07,3,Afrique du Sud,
top14,2019/2020,Cedate Gomes Sa,Racing 92,415,10,6,4,1993-08-07,3,France,
top14,2019/2020,Census Johnston,Bayonne,329,9,5,4,1981-05-06,3,Samoa,
top14,2019/2020,Charles Ollivon,RC Toulon,240,3,3,0,1993-05-11,6,France,
top14,2019/2020,Charlie Cassang,ASM Clermont Auvergne,273,9,3,6,1995-02-08,9,France,
top14,2019/2020,Charlie Faumuina,Stade Toulousain,529,10,10,0,1986-12-24,3,Nouvelle Zélande,
top14,2019/2020,Charlie Francoz,Stade Francais Paris,104,2,2,0,1998-06-03,7,France,
top14,2019/2020,Charlie Ngatai,Lyon,1265,17,16,1,1990-08-17,12,Nouvelle Zélande,
top14,2019/2020,Charly Malie,Section Paloise,945,13,12,1,1991-11-05,"11,15",Espagne,
top14,2019/2020,Cheikh Tiberghien,ASM Clermont Auvergne,57,1,1,0,2000-01-08,15,France,
top14,2019/2020,Cheslin Kolbe,Stade Toulousain,387,5,5,0,1993-10-28,"10,11,15",Afrique du Sud,
top14,2019/2020,Christophe Samson,Castres Olympique,754,11,10,1,1984-03-01,"4,5",France,
top14,2019/2020,Christopher Tolofua,RC Toulon,723,12,10,2,1993-12-31,2,France,
top14,2019/2020,Christopher Vaotoa,Stade Francais Paris,80,3,0,3,1996-11-16,3,France,
top14,2019/2020,Clement Castets,Stade Toulousain,971,17,15,2,1996-05-05,1,France,
top14,2019/2020,Clement Daguin,Stade Francais Paris,113,7,1,6,1992-05-25,9,France,
top14,2019/2020,Clement Lanen,ASM Clermont Auvergne,142,4,1,3,1998-04-01,"4,6,7,8",France,
top14,2019/2020,Clement Laporte,Lyon,75,1,1,0,1998-01-07,15,France,
top14,2019/2020,Clement Martinez,Agen,591,12,6,6,1996-03-14,2,France,
top14,2019/2020,Clement Maynadier,Union Bordeaux-Begles,461,12,7,5,1988-10-11,2,France,
top14,2019/2020,Clovis Le Bail,Section Paloise,61,4,0,4,1995-11-29,9,France,
top14,2019/2020,Clément Ric,Lyon,216,8,1,7,1988-07-18,3,France,
top14,2019/2020,Cody Thomas,CA Brive,352,9,2,7,1996-03-01,"1,3",Afrique du Sud,
top14,2019/2020,Colin Slade,Section Paloise,252,5,4,1,1987-10-10,10,Nouvelle Zélande,
top14,2019/2020,Corentin Chabeaudie,Agen,26,1,0,1,1997-02-03,3,France,
top14,2019/2020,Corentin Vernet,RC Toulon,157,7,0,7,1996-09-27,"4,5,6",France,
top14,2019/2020,Cyril Baille,Stade Toulousain,58,2,0,2,1993-09-15,1,France,
top14,2019/2020,Cyril Cazeaux,Union Bordeaux-Begles,695,11,9,2,1995-02-10,"4,5,6",France,
top14,2019/2020,Damian Penaud,ASM Clermont Auvergne,206,3,3,0,1996-09-25,"13,14",France,
top14,2019/2020,Damien Fitzpatrick,Stade Francais Paris,93,3,0,3,1989-06-08,2,Australie,
top14,2019/2020,Dan Malafosse,CA Brive|Section Paloise,169,4,1,3,1992-01-14,"4,5,8",France,
top14,2019/2020,Daniel Brennan,Montpellier Herault Rugby,14,1,0,1,1998-09-23,1,Irlande,
top14,2019/2020,Daniel Ikpefan,RC Toulon,916,13,12,1,1993-10-18,"11,14,15",France,
top14,2019/2020,Daniel Kotze,Castres Olympique,152,4,1,3,1987-03-28,3,France,
top14,2019/2020,Daniel Ramsay,Section Paloise,728,13,11,2,1984-06-01,"4,5",Nouvelle Zélande,
top14,2019/2020,Dany Priso,Stade Rochelais,694,14,10,4,1994-01-02,1,France,
top14,2019/2020,Dave Ryan,Agen,720,14,11,3,1986-04-21,3,Irlande,
top14,2019/2020,David Ainu'u,Stade Toulousain,27,1,0,1,1999-11-20,3,Etats-Unis,
top14,2019/2020,David Delarue,CA Brive,175,6,2,4,1996-10-27,9,France,
top14,2019/2020,Davit Zirakashvili,ASM Clermont Auvergne,593,12,9,3,1983-10-10,3,Géorgie,
top14,2019/2020,Demba Bamba,Lyon,316,5,5,0,1998-03-17,3,France,
top14,2019/2020,Denis Marchois,Section Paloise,226,6,1,5,1994-02-05,4,France,
top14,2019/2020,Djibril Camara,Bayonne,608,10,10,0,1989-06-22,"11,15",France,
top14,2019/2020,Dominic Bird,Racing 92,737,16,7,9,1991-04-09,"4,5,6",Nouvelle Zélande,
top14,2019/2020,Dominiko Waqaniburotu,Section Paloise,185,4,2,2,1986-04-20,6,Fidji,
top14,2019/2020,Donnacha Ryan,Racing 92,817,14,12,2,1983-12-11,"4,5,7",Irlande,
top14,2019/2020,Dorian Aldegheri,Stade Toulousain,244,5,4,1,1993-08-04,3,France,
top14,2019/2020,Dorian Clerc,Castres Olympique,108,3,0,3,1998-07-07,5,France,
top14,2019/2020,Dorian Laborde,Racing 92,451,11,2,9,1996-12-30,"11,12,13,14,15",France,
top14,2019/2020,Duane Aholelei,ASM Clermont Auvergne,102,3,2,1,1989-02-16,3,Tonga,
top14,2019/2020,Dylan Cretin,Lyon,776,12,9,3,1997-05-04,"6,7",France,
top14,2019/2020,Dylan Hayes,Agen,713,15,6,9,1994-02-11,"4,6,7,8",Nouvelle Zélande,
top14,2019/2020,Eben Etzebeth,RC Toulon,333,5,5,0,1991-10-29,4,Afrique du Sud,
top14,2019/2020,Eddy Ben Arous,Racing 92,450,9,7,2,1990-08-25,1,France,
top14,2019/2020,Edwin Maka,Bayonne,160,6,0,6,1993-02-25,"4,5,8",France,
top14,2019/2020,Eliott Roudil,Stade Rochelais,451,8,6,2,1996-10-30,"11,13,14",France,
top14,2019/2020,Emerick Setiano,RC Toulon,390,8,5,3,1996-07-19,3,France,
top14,2019/2020,Emmanuel Meafou,Stade Toulousain,64,2,1,1,1998-07-12,"3,5",France,
top14,2019/2020,Emmanuel Saubusse,Bayonne,74,3,1,2,1989-11-23,9,France,
top14,2019/2020,Eneriko Buliruarua,CA Brive,230,5,3,2,1997-01-23,"11,13,14",Fidji,
top14,2019/2020,Enzo Herve,CA Brive,830,14,9,5,1998-10-13,"10,13,15",France,
top14,2019/2020,Enzo Sanga,Montpellier Herault Rugby,320,10,2,8,1995-05-19,9,France,
top14,2019/2020,Erwan Dridi,RC Toulon,25,1,0,1,2000-07-04,14,France,
top14,2019/2020,Esteban Abadie,CA Brive,135,2,2,0,1997-12-01,7,France,
top14,2019/2020,Etienne Falgoux,ASM Clermont Auvergne,678,12,11,1,1993-01-19,1,France,
top14,2019/2020,Etienne Oosthuizen,Lyon,992,17,13,4,1992-12-22,"4,5",Afrique du Sud,
top14,2019/2020,Evrard Dion Oulai,Bayonne,154,5,1,4,1993-06-22,"5,8",Côte d'Ivoire,
top14,2019/2020,Ewan Johnson,Racing 92,3,1,0,1,1999-06-27,4,Ecosse,
top14,2019/2020,Fabien Sanconnie,Racing 92,611,11,7,4,1995-02-21,"4,5,6,8",France,
top14,2019/2020,Fabrice Metz,Section Paloise,1247,17,17,0,1991-01-23,5,France,
top14,2019/2020,Facundo Bosch,Stade Rochelais,496,13,6,7,1991-08-08,"2,6,7,8",Argentine,
top14,2019/2020,Facundo Isa,RC Toulon,747,13,10,3,1993-09-21,"6,7,8",Argentine,
top14,2019/2020,Faifili Levave,ASM Clermont Auvergne,407,12,3,9,1986-01-15,"6,7,8",Samoa,
top14,2019/2020,Felix Lambey,Lyon,422,8,6,2,1994-03-15,4,France,
top14,2019/2020,Fernandez Correa,Agen,40,2,0,2,1997-11-27,"1,2",Sénégal,
top14,2019/2020,Filimo Taofifenua,Bayonne,625,13,8,5,1993-10-15,"6,7,8",France,
top14,2019/2020,Filipo Nakosi,Castres Olympique,466,6,6,0,1992-04-08,"11,14",Fidji,
top14,2019/2020,Finn Russell,Racing 92,667,9,9,0,1992-09-23,10,Ecosse,
top14,2019/2020,Florian Dufour,Union Bordeaux-Begles,242,7,2,5,1997-10-29,2,France,
top14,2019/2020,Florian Fresia,RC Toulon,344,8,5,3,1992-01-17,1,France,
top14,2019/2020,Florian Nicot,Section Paloise,199,3,3,0,1986-09-30,"12,13",France,
top14,2019/2020,Florian Verhaeghe,Stade Toulousain,454,12,4,8,1997-04-27,"4,5,7",France,
top14,2019/2020,Florian Vialelle,Castres Olympique,507,10,6,4,1993-10-05,"11,12,13",France,
top14,2019/2020,Francisco Gomez Kodela,Lyon,699,13,10,3,1985-07-03,3,France,
top14,2019/2020,Franck Romanet,CA Brive,480,8,6,2,1986-05-02,"11,14,15",France,
top14,2019/2020,Francois Cros,Stade Toulousain,479,7,6,1,1994-03-25,"6,7",France,
top14,2019/2020,Francois Da Ros,CA Brive,424,12,5,7,1983-09-29,2,France,
top14,2019/2020,Francois Steyn,Montpellier Herault Rugby,421,6,5,1,1987-05-14,"12,15",Afrique du Sud,
top14,2019/2020,Francois Trinh-Duc,Racing 92,127,6,1,5,1986-11-11,"10,12",France,
top14,2019/2020,Fritz Lee,ASM Clermont Auvergne,956,13,13,0,1988-08-29,8,Samoa,
top14,2019/2020,Fulgence Ouedraogo,Montpellier Herault Rugby,383,5,5,0,1986-07-21,6,France,
top14,2019/2020,Gabin Villiere,RC Toulon,332,5,4,1,1995-12-13,"11,13",France,
top14,2019/2020,Gabriel Ngandebe,Montpellier Herault Rugby,977,13,12,1,1997-03-30,"14,15",France,
top14,2019/2020,Gael Fickou,Stade Francais Paris,400,5,5,0,1994-03-26,"12,13",France,
top14,2019/2020,Gauthier Maravat,Agen,137,3,2,1,2000-06-11,"6,7",France,
top14,2019/2020,Gela Aprasidze,Montpellier Herault Rugby,122,3,2,1,1998-01-14,9,Géorgie,
top14,2019/2020,Geoffrey Cros,Union Bordeaux-Begles,876,12,11,1,1997-03-08,"11,14",France,
top14,2019/2020,Geoffrey Doumayrou,Stade Rochelais,259,4,4,0,1989-09-16,13,France,
top14,2019/2020,Geoffrey Moise,Section Paloise,430,13,3,10,1991-08-20,1,France,
top14,2019/2020,Geoffrey Palis,Castres Olympique,983,13,13,0,1991-07-08,"11,14,15",France,
top14,2019/2020,George Merrick,ASM Clermont Auvergne,351,10,4,6,1992-10-04,"4,5",Angleterre,
top14,2019/2020,George Moala,ASM Clermont Auvergne,1014,15,12,3,1990-11-05,"12,13",Tonga,
top14,2019/2020,Georges-Henri Colombe,Racing 92,266,10,0,10,1998-04-09,3,France,
top14,2019/2020,Gervais Cordin,RC Toulon,1154,17,14,3,1998-12-10,"11,14,15",France,
top14,2019/2020,Gillian Galan,Stade Toulousain,228,7,2,5,1991-08-07,"5,8",France,
top14,2019/2020,Giorgi Beria,ASM Clermont Auvergne,156,6,0,6,1999-11-11,1,France,
top14,2019/2020,Giorgi Melikidze,Stade Francais Paris,83,5,1,4,1996-05-24,3,Géorgie,
top14,2019/2020,Giorgi Tetrashvili,Agen,672,14,9,5,1993-08-31,1,Géorgie,
top14,2019/2020,Giovanni Habel-Kueffner,Section Paloise,428,9,4,5,1995-01-09,"6,7,8,9",Allemagne,
top14,2019/2020,Gregory Alldritt,Stade Rochelais,160,2,2,0,1997-03-23,"6,7",France,
top14,2019/2020,Gregory Fichten,Montpellier Herault Rugby,565,13,7,6,1990-08-13,1,France,
top14,2019/2020,Greig Laidlaw,ASM Clermont Auvergne,315,8,4,4,1985-10-12,9,Ecosse,
top14,2019/2020,Guilhem Guirado,Montpellier Herault Rugby,57,1,1,0,1986-06-17,2,France,
top14,2019/2020,Guillaume Cramont,Stade Toulousain,35,3,0,3,2000-12-29,2,France,
top14,2019/2020,Guillaume Ducat,Bayonne,606,9,9,0,1996-05-25,"4,5",France,
top14,2019/2020,Guillaume Galletier,CA Brive,682,11,8,3,1997-03-07,"12,13",France,
top14,2019/2020,Guillaume Marchand,Stade Toulousain,547,13,7,6,1998-06-05,2,France,
top14,2019/2020,Guillaume Namy,CA Brive,562,8,7,1,1989-04-03,"11,12",France,
top14,2019/2020,Guillaume Rouet,Bayonne,601,14,8,6,1988-08-13,9,Espagne,
top14,2019/2020,Guram Gogichashvili,Racing 92,92,3,1,2,1998-09-04,1,Géorgie,
top14,2019/2020,Hamza Kaabeche,Lyon,236,9,2,7,1996-09-23,"1,3",France,
top14,2019/2020,Handre Pollard,Montpellier Herault Rugby,531,7,7,0,1994-03-11,10,Afrique du Sud,
top14,2019/2020,Hans Nkinsi,Castres Olympique,355,7,3,4,1992-09-21,"4,5,6",France,
top14,2019/2020,Hansie Graaff,Bayonne,147,3,2,1,1989-09-10,"14,15",Afrique du Sud,
top14,2019/2020,Hassane Kolingar,Racing 92,462,13,4,9,1998-03-06,1,France,
top14,2019/2020,Hayden Thompson-Stringer,CA Brive,348,9,3,6,1994-12-29,1,Angleterre,
top14,2019/2020,Hendrik Roodt,Lyon,411,10,5,5,1987-11-06,"4,5",Afrique du Sud,
top14,2019/2020,Henry Chavancy,Racing 92,1032,14,14,0,1988-05-22,12,France,
top14,2019/2020,Henry Immelman,Montpellier Herault Rugby,458,8,5,3,1995-05-26,"10,14,15",Afrique du Sud,
top14,2019/2020,Hugh Pyle,Stade Francais Paris,245,7,2,5,1988-09-21,"4,5,6",Australie,
top14,2019/2020,Hugo Bonneval,RC Toulon,160,2,2,0,1990-11-19,15,France,
top14,2019/2020,Hugo Verdu,Agen,390,10,4,6,1996-10-24,9,France,
top14,2019/2020,Ibrahim Diallo,Racing 92,188,9,1,8,1998-01-23,"4,6,8",France,
top14,2019/2020,Ignacio Calles,Section Paloise,430,11,5,6,1995-10-24,1,Argentine,
top14,2019/2020,Ihaia West,Stade Rochelais,827,13,10,3,1992-01-16,"10,15",Nouvelle Zélande,
top14,2019/2020,Isaia Toeava,ASM Clermont Auvergne,481,7,7,0,1986-01-15,13,Samoa,
top14,2019/2020,Issam Hamel,Racing 92,33,2,0,2,1997-06-18,2,France,
top14,2019/2020,JJ Engelbrecht,ASM Clermont Auvergne,14,1,1,0,1989-02-22,14,Afrique du Sud,
top14,2019/2020,Jaco Visagie,Stade Toulousain,96,3,1,2,1992-07-08,2,Afrique du Sud,
top14,2019/2020,Jacobus van Tonder,ASM Clermont Auvergne,212,5,3,2,1998-03-03,"4,6",Afrique du Sud,
top14,2019/2020,Jacques du Plessis,Montpellier Herault Rugby,744,11,10,1,1993-08-12,"4,5,7,8",Afrique du Sud,
top14,2019/2020,Jake McIntyre,ASM Clermont Auvergne,764,16,8,8,1994-04-28,"10,14,15",Australie,
top14,2019/2020,Jale Vatubua,Section Paloise,671,9,9,0,1991-08-30,12,Fidji,
top14,2019/2020,James Hall,Stade Francais Paris,476,12,6,6,1996-01-02,9,Afrique du Sud,
top14,2019/2020,James Johnston,CA Brive,393,11,3,8,1986-03-06,3,Samoa,
top14,2019/2020,Jamie-Jerry Taulagi,Agen,993,13,13,0,1993-06-18,"11,14",Samoa,
top14,2019/2020,Jan Serfontein,Montpellier Herault Rugby,594,9,8,1,1993-04-15,"12,13",Afrique du Sud,
top14,2019/2020,Jan Uys,CA Brive,385,10,4,6,1994-01-03,"4,5",Afrique du Sud,
top14,2019/2020,Jandre Marais,Union Bordeaux-Begles,409,7,5,2,1989-06-14,"4,5",Afrique du Sud,
top14,2019/2020,Jannie du Plessis,Montpellier Herault Rugby,71,5,0,5,1982-11-16,3,Afrique du Sud,
top14,2019/2020,Jean Monribot,Bayonne,875,12,12,0,1987-10-11,6,France,
top14,2019/2020,Jean-Baptiste De Clercq,Bayonne,185,6,3,3,1994-02-23,3,Belgique,
top14,2019/2020,Jean-Baptiste Dubie,Union Bordeaux-Begles,744,11,10,1,1989-07-16,"12,13",France,
top14,2019/2020,Jean-Baptiste Gros,RC Toulon,385,10,4,6,1999-05-29,1,France,
top14,2019/2020,Jean-Charles Orioli,Stade Rochelais,467,12,4,8,1989-08-09,2,France,
top14,2019/2020,Jean-Marc Doussain,Lyon,281,7,3,4,1991-02-12,"9,10",France,
top14,2019/2020,Jean-Marcellin Buttin,Lyon,242,4,3,1,1991-12-16,15,France,
top14,2019/2020,Jefferson Poirot,Union Bordeaux-Begles,286,5,5,0,1992-11-01,1,France,
top14,2019/2020,Jeremie Maurouard,Lyon,454,13,4,9,1992-09-23,2,France,
top14,2019/2020,Jeremy Fernandez,Castres Olympique,73,1,1,0,1997-05-15,9,France,
top14,2019/2020,Jeremy Jordaan,Agen,138,4,2,2,1991-01-06,"4,5",Afrique du Sud,
top14,2019/2020,Jeremy Sinzelle,Stade Rochelais,1226,17,16,1,1990-07-02,"12,13,15",France,
top14,2019/2020,Jerome Kaino,Stade Toulousain,670,12,11,1,1983-04-06,"6,7,8",Nouvelle Zélande,
top14,2019/2020,Jeronimo Negrotto,Agen,140,4,1,3,1989-10-03,3,Argentine,
top14,2019/2020,Jessy Jegerlehner,Agen,742,11,10,1,1997-05-27,"6,7",France,
top14,2019/2020,Joaquin Diaz Bonilla,Racing 92,218,6,1,5,1989-04-12,"9,10",Argentine,
top14,2019/2020,Jody Jenneker,Castres Olympique,834,15,10,5,1984-04-10,2,Afrique du Sud,
top14,2019/2020,Joe Tekori,Stade Toulousain,799,16,10,6,1983-12-17,"4,5,8",Samoa,
top14,2019/2020,Johan Goosen,Montpellier Herault Rugby,390,7,6,1,1992-07-27,"10,13,14,15",Afrique du Sud,
top14,2019/2020,Johann Sadie,Agen,1004,15,12,3,1989-01-23,"11,12,13",Afrique du Sud,
top14,2019/2020,Johannes Jonker,Montpellier Herault Rugby,131,2,1,1,1994-08-22,3,Afrique du Sud,
top14,2019/2020,John Ulugia,ASM Clermont Auvergne,486,11,10,1,1986-01-17,2,Nouvelle Zélande,
top14,2019/2020,Joketani Koroi,Stade Francais Paris,76,4,0,4,1992-08-20,"6,7,8",Nouvelle Zélande,
top14,2019/2020,Jonathan Danty,Stade Francais Paris,861,14,12,2,1992-10-07,"12,14",France,
top14,2019/2020,Jonathan Pelissie,Lyon,493,11,6,5,1988-06-06,9,France,
top14,2019/2020,Jonathan Wisniewski,Lyon,747,13,10,3,1985-07-16,10,France,
top14,2019/2020,Jone Qovu Nailiko,Stade Rochelais,169,6,3,3,1985-07-26,"4,5,8",Fidji,
top14,2019/2020,Jordan Joseph,Racing 92,146,5,2,3,2000-07-31,8,France,
top14,2019/2020,Jordan Puletua,Agen,152,5,1,4,1990-02-28,"12,13,15",Samoa,
top14,2019/2020,Joris Jurand,CA Brive,670,14,8,6,1995-11-11,"10,11,12,14,15",France,
top14,2019/2020,Joris Segonds,Stade Francais Paris,745,15,5,10,1997-04-06,"10,12,13,15",France,
top14,2019/2020,Josh Strauss,Stade Francais Paris,389,6,5,1,1986-10-23,"5,8",Ecosse,
top14,2019/2020,Josua Tuisova,Lyon,522,7,7,0,1994-02-04,"13,14",Fidji,
top14,2019/2020,Juan Imhoff,Racing 92,997,13,13,0,1988-05-11,11,Argentine,
top14,2019/2020,Judicael Cancoriet,ASM Clermont Auvergne,808,12,11,1,1996-04-25,"6,7,8",France,
top14,2019/2020,Jules Favre,Stade Rochelais,877,11,11,0,1999-03-22,14,France,
top14,2019/2020,Jules Gimbert,Union Bordeaux-Begles,27,2,0,2,1998-03-02,"9,14",France,
top14,2019/2020,Jules Plisson,Stade Francais Paris|Stade Rochelais,663,11,8,3,1991-08-20,10,France,
top14,2019/2020,Julian Savea,RC Toulon,886,15,10,5,1990-08-07,"11,12,13,14",Nouvelle Zélande,
top14,2019/2020,Julien Arias,Stade Francais Paris,132,3,2,1,1983-10-26,"11,14",France,
top14,2019/2020,Julien Bardy,Montpellier Herault Rugby,131,3,2,1,1986-04-03,7,Portugal,
top14,2019/2020,Julien Blanc,CA Brive,725,14,10,4,1992-10-04,9,France,
top14,2019/2020,Julien Caminati,Castres Olympique,221,5,3,2,1985-10-28,"11,14,15",France,
top14,2019/2020,Julien Delannoy,Section Paloise,379,10,5,5,1995-06-15,"4,5",France,
top14,2019/2020,Julien Delbouis,Stade Francais Paris,575,10,7,3,1999-08-04,"11,12,13,14",France,
top14,2019/2020,Julien Dumora,Castres Olympique,1234,17,16,1,1988-03-24,"10,15",France,
top14,2019/2020,Julien Fumat,Section Paloise,1032,16,14,2,1987-03-26,"11,13,14",France,
top14,2019/2020,Julien Heriteau,RC Toulon,602,11,8,3,1994-09-12,"10,12,13",France,
top14,2019/2020,Julien Jane,Agen,310,4,4,0,1989-09-12,"11,14",France,
top14,2019/2020,Julien Ledevedec,Montpellier Herault Rugby,72,4,0,4,1986-06-04,"4,5",France,
top14,2019/2020,Julien Marchand,Stade Toulousain,258,6,4,2,1995-05-10,2,France,
top14,2019/2020,Julien Ory,RC Toulon,175,5,2,3,1996-08-24,"6,7",France,
top14,2019/2020,Julien Puricelli,Lyon,326,6,4,2,1981-08-01,6,France,
top14,2019/2020,Julien Ruaud,ASM Clermont Auvergne,24,2,1,1,1997-12-07,"4,8",France,
top14,2019/2020,Julien Tisseron,Bayonne,769,11,10,1,1995-08-12,"11,14,15",France,
top14,2019/2020,Kahn Fotuali'i,Montpellier Herault Rugby,331,11,5,6,1982-05-22,9,Samoa,
top14,2019/2020,Kane Douglas,Union Bordeaux-Begles,1001,16,14,2,1989-06-01,4,Australie,
top14,2019/2020,Karena Wihongi,Castres Olympique,273,8,5,3,1979-09-29,3,France,
top14,2019/2020,Karlen Asieshvili,CA Brive,354,10,4,6,1987-04-21,1,Géorgie,
top14,2019/2020,Kelian Galletier,Montpellier Herault Rugby,1088,15,14,1,1992-03-18,"6,7,8",France,
top14,2019/2020,Kevin Firmin,Castres Olympique,175,7,0,7,1992-04-20,2,France,
top14,2019/2020,Kevin Gimeno,Castres Olympique,344,8,4,4,1991-09-11,"4,5,6",France,
top14,2019/2020,Kevin Gourdon,Stade Rochelais,702,9,9,0,1990-01-23,"6,7",France,
top14,2019/2020,Kevin Kornath,Montpellier Herault Rugby,280,12,2,10,1996-12-27,"4,5,6,7",France,
top14,2019/2020,Kevin Le Guen,Racing 92,259,12,1,11,1990-11-17,2,France,
top14,2019/2020,Kevin Yameogo,Lyon,18,2,0,2,1997-05-19,3,France,
top14,2019/2020,Killian Geraci,Lyon,363,9,4,5,1999-03-25,"4,5,8",France,
top14,2019/2020,Kini Murimurivalu,Stade Rochelais,359,6,5,1,1989-05-15,"14,15",Fidji,
top14,2019/2020,Kitione Kamikamica,CA Brive,784,15,11,4,1996-04-27,"6,7,8",Fidji,
top14,2019/2020,Konstantine Mikautadze,Montpellier Herault Rugby,426,9,7,2,1991-07-01,5,Géorgie,
top14,2019/2020,Kylan Hamdaoui,Stade Francais Paris,1121,16,16,0,1994-04-15,15,France,
top14,2019/2020,Lasha Tabidze,Union Bordeaux-Begles,234,7,2,5,1997-07-04,3,Géorgie,
top14,2019/2020,Latu Latunipulu,Bayonne,457,6,6,0,1997-03-12,"11,14",Australie,
top14,2019/2020,Laurence Pearce,Agen,1105,16,15,1,1990-12-03,8,Angleterre,
top14,2019/2020,Laurent Delboulbes,Union Bordeaux-Begles,120,7,0,7,1986-11-17,1,France,
top14,2019/2020,Laurent Panis,Stade Francais Paris,81,4,1,3,1993-04-23,2,France,
top14,2019/2020,Lekima Tagitagivalu,Section Paloise,742,13,10,3,1995-12-04,"6,7,8",Fidji,
top14,2019/2020,Lekso Kaulashvili,Union Bordeaux-Begles,350,13,1,12,1992-08-27,"1,3",Géorgie,
top14,2019/2020,Leo Berdeu,Agen,834,15,10,5,1998-06-13,"10,15",France,
top14,2019/2020,Leo Treilles,ASM Clermont Auvergne,70,1,1,0,2000-01-26,13,France,
top14,2019/2020,Leonard Paris,Racing 92,172,3,3,0,1996-03-20,13,France,
top14,2019/2020,Lester Etien,Stade Francais Paris,1082,15,14,1,1995-06-21,"11,12,14",France,
top14,2019/2020,Levan Chilachava,Montpellier Herault Rugby,400,8,5,3,1991-08-17,3,Géorgie,
top14,2019/2020,Levani Botia,Stade Rochelais,516,8,8,0,1989-03-14,"6,12",Fidji,
top14,2019/2020,Liam Gill,Lyon,871,13,12,1,1992-06-08,"7,8",Australie,
top14,2019/2020,Liam Messam,RC Toulon,283,8,3,5,1984-03-25,"6,7,8",Nouvelle Zélande,
top14,2019/2020,Lionel Mapoe,Stade Francais Paris,431,7,5,2,1988-07-13,"11,13,14",Afrique du Sud,
top14,2019/2020,Lizo Gqoboka,Montpellier Herault Rugby,101,4,1,3,1990-03-24,1,Afrique du Sud,
top14,2019/2020,Loann Goujon,Lyon,506,10,6,4,1989-04-23,"4,5,6",France,
top14,2019/2020,Loic Godener,Stade Francais Paris,616,11,8,3,1995-08-13,"6,7,8",France,
top14,2019/2020,Loic Jacquet,Castres Olympique,497,8,7,1,1985-03-31,"4,5",France,
top14,2019/2020,Loni Uhila,ASM Clermont Auvergne,464,15,6,9,1989-04-07,"1,3",Tonga,
top14,2019/2020,Lopeti Timani,Stade Rochelais,453,9,8,1,1990-09-28,"5,6,7,8",Tonga,
top14,2019/2020,Loris Tolot,Agen,582,10,7,3,1993-03-03,"11,12,15",France,
top14,2019/2020,Loris Zarantonello,Agen,121,4,1,3,2000-11-17,2,France,
top14,2019/2020,Louis Carbonel,RC Toulon,685,16,8,8,1999-02-04,"10,13,15",France,
top14,2019/2020,Louis Dupichot,Racing 92,771,12,11,1,1995-09-23,"11,14",France,
top14,2019/2020,Louis Picamoles,Montpellier Herault Rugby,149,2,2,0,1986-02-05,8,France,
top14,2019/2020,Louis Schreuder,RC Toulon,274,6,3,3,1990-04-25,"9,15",Afrique du Sud,
top14,2019/2020,Louis-Benoit Madaule,Stade Toulousain,133,4,1,3,1988-09-24,"5,6,7",France,
top14,2019/2020,Lourens Adriaanse,Section Paloise,817,15,11,4,1988-02-05,3,Afrique du Sud,
top14,2019/2020,Luc Mousset,Bayonne,686,14,7,7,1994-04-03,"3,13",France,
top14,2019/2020,Lucas Da Silva,Stade Francais Paris,641,13,8,5,1997-12-19,2,France,
top14,2019/2020,Lucas Dessaigne,ASM Clermont Auvergne,22,1,0,1,1999-02-27,6,France,
top14,2019/2020,Lucas Meret,Union Bordeaux-Begles,19,2,0,2,1995-01-30,10,France,
top14,2019/2020,Lucas Pointud,Section Paloise,209,4,4,0,1988-01-18,1,France,
top14,2019/2020,Lucas Rey,Section Paloise,692,17,7,10,1997-04-27,2,France,
top14,2019/2020,Lucas Tauzin,Stade Toulousain,862,15,11,4,1998-05-21,"11,13,14",France,
top14,2019/2020,Lucas de Coninck,Montpellier Herault Rugby,17,2,0,2,1996-01-15,"4,8",France,
top14,2019/2020,Ludovic Radosavljevic,Castres Olympique,473,16,5,11,1989-08-17,"9,10",France,
top14,2019/2020,Luka Azariashvili,Montpellier Herault Rugby,8,1,0,1,1999-11-30,1,Géorgie,
top14,2019/2020,Luka Japaridze,CA Brive,37,1,1,0,1998-09-06,3,Géorgie,
top14,2019/2020,Luka Tchelidze,RC Toulon,6,2,0,2,2000-08-01,3,Géorgie,
top14,2019/2020,Luke Tagi,Stade Francais Paris,157,5,0,5,1997-07-23,3,Fidji,
top14,2019/2020,Luke Whitelock,Section Paloise,400,5,5,0,1991-01-29,8,Nouvelle Zélande,
top14,2019/2020,Maama Vaipulu,Castres Olympique,472,8,6,2,1989-07-21,8,Tonga,
top14,2019/2020,Mahamadou Diaby,Union Bordeaux-Begles,896,13,12,1,1990-08-15,"6,7",France,
top14,2019/2020,Maile Mamao,Bayonne,28,1,0,1,1996-01-07,14,Tonga,
top14,2019/2020,Maks van Dyk,Stade Toulousain,316,9,1,8,1992-01-21,3,Afrique du Sud,
top14,2019/2020,Malietoa Hingano,Bayonne,320,4,4,0,1992-01-27,"12,14",Tonga,
top14,2019/2020,Malik Hamadache,Section Paloise,198,8,1,7,1988-10-17,3,France,
top14,2019/2020,Malino Vanai,Agen,545,15,7,8,1993-05-04,1,France,
top14,2019/2020,Mamuka Gorgodze,RC Toulon,316,6,4,2,1984-07-14,"4,5,6,7",France,
top14,2019/2020,Manuel Ordas,Bayonne,175,6,2,4,1998-02-21,"10,13,14",Espagne,
top14,2019/2020,Marc Andreu,Stade Rochelais,239,5,3,2,1985-12-27,11,France,
top14,2019/2020,Marc Barthomeuf,Agen,359,9,6,3,1991-07-19,2,France,
top14,2019/2020,Marc Palmier,ASM Clermont Auvergne,108,6,1,5,1999-02-17,"9,10,13",France,
top14,2019/2020,Marc-Antoine Rallier,Castres Olympique,252,7,6,1,1988-12-02,2,France,
top14,2019/2020,Marcel van der Merwe,RC Toulon,357,8,5,3,1990-10-24,3,Afrique du Sud,
top14,2019/2020,Marco Tauleigne,Union Bordeaux-Begles,634,14,7,7,1993-08-30,"6,7,8",France,
top14,2019/2020,Mariano Galarza,Bayonne,835,13,11,2,1986-11-12,4,Argentine,
top14,2019/2020,Martial Rolland,Lyon,25,1,0,1,1998-08-17,5,France,
top14,2019/2020,Martin Devergie,Montpellier Herault Rugby,577,14,7,7,1995-06-26,"6,7,8",France,
top14,2019/2020,Martin Laveau,Castres Olympique,718,12,9,3,1996-09-10,"11,14,15",France,
top14,2019/2020,Martin Puech,Section Paloise,1208,16,16,0,1988-12-14,"6,7,8",France,
top14,2019/2020,Masalosalo Tutaia,Union Bordeaux-Begles,191,8,1,7,1984-06-05,"4,5",Nouvelle Zélande,
top14,2019/2020,Masivesi Dakuwaqa,RC Toulon,612,10,9,1,1994-02-14,"11,14",Fidji,
top14,2019/2020,Mat Luamanu,Bayonne,892,14,12,2,1988-03-04,"5,8",Samoa,
top14,2019/2020,Mathieu Babillot,Castres Olympique,323,6,6,0,1993-09-09,6,France,
top14,2019/2020,Mathieu Bastareaud,Lyon,348,7,4,3,1988-09-17,8,France,
top14,2019/2020,Mathieu Lamoulie,Agen,528,9,7,2,1990-08-07,"9,13,15",France,
top14,2019/2020,Mathieu Smaili,RC Toulon,173,6,2,4,1999-08-30,"9,10,12,13",France,
top14,2019/2020,Mathieu Tanguy,Stade Rochelais,1058,17,15,2,1996-06-05,"4,5",France,
top14,2019/2020,Mathieu de Giovanni,Stade Francais Paris,546,12,7,5,1994-01-10,"4,5,7",France,
top14,2019/2020,Matt Tierney,Castres Olympique,284,5,4,1,1996-07-04,"1,3",Canada,
top14,2019/2020,Matteo Le Corvec,RC Toulon,17,1,0,1,2001-01-04,7,France,
top14,2019/2020,Matthieu Jalibert,Union Bordeaux-Begles,483,10,6,4,1998-11-06,10,France,
top14,2019/2020,Matthieu Ugena,Section Paloise,202,6,3,3,1995-07-25,"7,8",France,
top14,2019/2020,Matthieu Voisin,CA Brive,702,12,8,4,1996-05-16,"6,8",France,
top14,2019/2020,Matthis Lebel,Stade Toulousain,577,9,7,2,1999-03-25,"11,14,15",France,
top14,2019/2020,Maxime Delonca,Bayonne,439,11,7,4,1988-04-29,2,France,
top14,2019/2020,Maxime Lafage,Bayonne,305,5,5,0,1994-09-01,10,France,
top14,2019/2020,Maxime Lamothe,Bayonne,616,15,5,10,1998-10-03,2,France,
top14,2019/2020,Maxime Lucu,Union Bordeaux-Begles,687,16,8,8,1993-01-12,"9,10",France,
top14,2019/2020,Maxime Machenaud,Racing 92,337,8,4,4,1988-12-30,9,France,
top14,2019/2020,Maxime Marty,Stade Toulousain,280,4,4,0,1998-02-27,"11,14",France,
top14,2019/2020,Maxime Medard,Stade Toulousain,409,6,5,1,1986-11-16,"11,15",France,
top14,2019/2020,Maxime Mermoz,Stade Toulousain,2,1,0,1,1986-07-28,12,France,
top14,2019/2020,Mesake Doge,CA Brive,525,12,10,2,1993-04-01,3,Fidji,
top14,2019/2020,Michael Ruru,Bayonne,689,16,8,8,1990-12-03,9,Nouvelle Zélande,
top14,2019/2020,Mickael Ivaldi,Lyon,795,15,13,2,1990-02-20,2,France,
top14,2019/2020,Mike Corbel,Stade Rochelais,119,4,2,2,1992-04-09,1,France,
top14,2019/2020,Mike Tadjer,ASM Clermont Auvergne,430,11,4,7,1989-03-10,2,Portugal,
top14,2019/2020,Mikheil Nariashvili,Montpellier Herault Rugby,464,9,7,2,1990-05-25,1,Géorgie,
top14,2019/2020,Mitch Lees,CA Brive,841,12,12,0,1988-10-12,5,Australie,
top14,2019/2020,Mohamed Boughanmi,Section Paloise,261,6,5,1,1991-10-27,3,France,
top14,2019/2020,Mohamed Haouas,Montpellier Herault Rugby,682,13,11,2,1994-03-09,3,France,
top14,2019/2020,Morgan Parra,ASM Clermont Auvergne,619,10,9,1,1988-11-15,9,France,
top14,2019/2020,Morgan Phelipponneau,Agen|Castres Olympique,151,5,2,3,1989-09-05,1,France,
top14,2019/2020,Morne Steyn,Stade Francais Paris,322,6,4,2,1984-07-11,10,Afrique du Sud,
top14,2019/2020,Nans Ducuing,Union Bordeaux-Begles,715,9,9,0,1991-11-06,15,France,
top14,2019/2020,Nathan Decron,Agen,1067,17,15,2,1998-02-17,"12,13",France,
top14,2019/2020,Nemani Nadolo,Montpellier Herault Rugby,400,7,6,1,1988-01-31,"11,14",Fidji,
top14,2019/2020,Nick Abendanon,ASM Clermont Auvergne,731,10,10,0,1986-08-27,"11,15",Angleterre,
top14,2019/2020,Nico Lee,CA Brive,734,10,10,0,1994-03-13,"12,13",Afrique du Sud,
top14,2019/2020,Nicolaas Janse van Rensburg,Montpellier Herault Rugby,907,12,12,0,1994-05-06,4,Afrique du Sud,
top14,2019/2020,Nicolas Corato,Section Paloise,102,5,0,5,1997-10-07,"1,3,6",France,
top14,2019/2020,Nicolas Plazy,Union Bordeaux-Begles,80,1,1,0,1994-05-17,11,France,
top14,2019/2020,Nicolas Sanchez,Stade Francais Paris,527,9,7,2,1988-10-26,"10,12",Argentine,
top14,2019/2020,Noa Nakaitaci,Lyon,1071,14,14,0,1990-07-11,11,France,
top14,2019/2020,Olivier Klemenczak,Racing 92,930,13,12,1,1996-06-01,"11,12,13",France,
top14,2019/2020,Otar Giorgadze,CA Brive,217,6,3,3,1996-03-02,8,Géorgie,
top14,2019/2020,PJ van Lill,Bayonne,293,6,3,3,1983-12-04,"4,7,8",Namibie,
top14,2019/2020,Pablo Matera,Stade Francais Paris,442,7,6,1,1993-07-18,"6,7,8",Argentine,
top14,2019/2020,Paea Fa'anunu,Castres Olympique,251,6,3,3,1988-11-04,"1,3",Tonga,
top14,2019/2020,Patricio Fernandez,Lyon,332,7,4,3,1994-10-11,10,Argentine,
top14,2019/2020,Patrick Sobela,Lyon,650,13,7,6,1992-08-12,"7,8",France,
top14,2019/2020,Paul Abadie,Agen,725,13,10,3,1994-07-28,9,France,
top14,2019/2020,Paul Alo-Emile,Stade Francais Paris,602,9,8,1,1991-12-22,3,Samoa,
top14,2019/2020,Paul Boudehent,Stade Rochelais,129,2,2,0,1999-11-21,7,France,
top14,2019/2020,Paul Gabrillagues,Stade Francais Paris,606,9,8,1,1993-06-03,4,France,
top14,2019/2020,Paul Jedrasiak,ASM Clermont Auvergne,957,15,12,3,1993-02-06,"4,6",France,
top14,2019/2020,Paul Sauzaret,Castres Olympique,90,4,1,3,1997-03-04,2,France,
top14,2019/2020,Paul Willemse,Montpellier Herault Rugby,784,12,9,3,1992-11-13,"4,5",France,
top14,2019/2020,Paula Ngauamo,Agen,289,6,4,2,1990-02-19,2,Tonga,
top14,2019/2020,Paulo Tafili,Stade Toulousain,234,9,2,7,1996-02-15,3,France,
top14,2019/2020,Peato Mauvaka,Stade Toulousain,328,6,4,2,1997-01-10,2,France,
top14,2019/2020,Peceli Yato,ASM Clermont Auvergne,352,6,4,2,1993-01-17,"5,6,7,8",Fidji,
top14,2019/2020,Peet Marais,CA Brive,982,14,14,0,1990-10-31,"4,5",Afrique du Sud,
top14,2019/2020,Peni Ravai,Union Bordeaux-Begles,219,7,1,6,1990-06-16,1,Fidji,
top14,2019/2020,Peniami Narisia,CA Brive,202,6,3,3,1997-06-10,2,Fidji,
top14,2019/2020,Peter Betham,ASM Clermont Auvergne,707,10,8,2,1989-01-06,"13,14",Australie,
top14,2019/2020,Peyo Muscarditz,Bayonne,1031,14,13,1,1996-01-02,"12,13",France,
top14,2019/2020,Pierce Phillips,Agen,188,4,2,2,1992-10-06,5,Angleterre,
top14,2019/2020,Pierre Aguillon,Stade Rochelais,628,13,7,6,1987-03-27,"12,13,15",France,
top14,2019/2020,Pierre Boudehent,Stade Rochelais,106,2,1,1,1998-02-06,"2,11",France,
top14,2019/2020,Pierre Bourgarit,Stade Rochelais,443,9,7,2,1997-09-12,2,France,
top14,2019/2020,Pierre Fouyssac,Stade Toulousain,345,8,4,4,1995-03-17,"12,13,14,15",France,
top14,2019/2020,Pierre Nueno,Section Paloise,77,2,1,1,1996-05-15,13,France,
top14,2019/2020,Pierre Pages,Stade Toulousain,410,12,3,9,1990-05-16,9,France,
top14,2019/2020,Pierre Tournebize,CA Brive|Montpellier Herault Rugby,99,2,1,1,1998-09-25,11,France,
top14,2019/2020,Pierre-Henri Azagoh,Stade Francais Paris,65,4,0,4,1998-07-25,"4,5",France,
top14,2019/2020,Pierre-Louis Barassi,Lyon,300,5,5,0,1998-04-22,13,France,
top14,2019/2020,Pita Ahki,Stade Toulousain,879,14,11,3,1992-09-24,"12,13",Tonga,
top14,2019/2020,Quentin Bethune,Stade Francais Paris,772,14,13,1,1995-09-25,1,France,
top14,2019/2020,Quentin Delord,CA Brive,101,5,1,4,1999-02-10,9,France,
top14,2019/2020,Quentin Lespiaucq,Section Paloise,625,12,10,2,1995-02-16,2,France,
top14,2019/2020,Rabah Slimani,ASM Clermont Auvergne,397,8,6,2,1989-10-18,3,France,
top14,2019/2020,Ramiro Herrera,Stade Rochelais,444,10,7,3,1989-02-14,3,Argentine,
top14,2019/2020,Ramiro Moyano,RC Toulon,291,4,4,0,1990-05-28,15,Argentine,
top14,2019/2020,Raphael Chaume,Lyon,351,9,3,6,1989-04-29,1,France,
top14,2019/2020,Raphael Lagarde,Agen,502,12,7,5,1988-10-30,10,France,
top14,2019/2020,Raphael Lakafia,RC Toulon,939,14,14,0,1988-10-28,"5,7,8",France,
top14,2019/2020,Rayne Barka,Section Paloise,39,3,0,3,1999-02-05,2,France,
top14,2019/2020,Reda Wardi,Stade Rochelais,484,14,5,9,1995-08-02,1,France,
top14,2019/2020,Remi Bonfils,Stade Francais Paris,175,3,3,0,1988-09-26,2,France,
top14,2019/2020,Remi Bourdeau,Stade Rochelais,55,2,0,2,1992-02-27,"6,7",France,
top14,2019/2020,Remi Hugues,Stade Toulousain,35,3,0,3,1986-01-01,1,France,
top14,2019/2020,Remi Lamerat,Union Bordeaux-Begles,857,13,12,1,1990-01-14,12,France,
top14,2019/2020,Remi Leroux,Stade Rochelais,292,9,1,8,1998-08-04,"4,5",France,
top14,2019/2020,Remy Baget,Bayonne,179,3,2,1,1997-07-27,11,France,
top14,2019/2020,Remy Grosso,ASM Clermont Auvergne,393,6,6,0,1988-12-04,"11,14",France,
top14,2019/2020,Retief Marais,CA Brive,253,4,3,1,1995-07-20,"6,7",Afrique du Sud,
top14,2019/2020,Rhys Webb,RC Toulon,300,8,5,3,1988-12-09,9,Pays de Galles,
top14,2019/2020,Richard Fourcade,CA Brive,131,4,1,3,1993-04-04,"4,5",France,
top14,2019/2020,Richie Arnold,Stade Toulousain,513,9,7,2,1990-07-01,"4,5",Australie,
top14,2019/2020,Richie Gray,Stade Toulousain,208,4,3,1,1989-08-24,"4,5",Ecosse,
top14,2019/2020,Robert Ebersohn,Castres Olympique,637,13,7,6,1989-02-23,"12,13,14",Afrique du Sud,
top14,2019/2020,Rodrigo Capo Ortega,Castres Olympique,347,7,6,1,1980-12-08,5,Uruguay,
top14,2019/2020,Rodrigue Neti,Stade Toulousain,294,12,3,9,1995-04-26,1,France,
top14,2019/2020,Romain Barthelemy,Bayonne,709,14,8,6,1990-01-25,"3,4,10,12",France,
top14,2019/2020,Romain Briatte,Agen,737,11,10,1,1993-02-18,"6,7",France,
top14,2019/2020,Romain Buros,Union Bordeaux-Begles,629,8,8,0,1997-07-31,"11,15",France,
top14,2019/2020,Romain Ntamack,Stade Toulousain,320,4,4,0,1999-05-01,"10,12",France,
top14,2019/2020,Romain Sazy,Stade Rochelais,852,12,10,2,1986-10-14,"4,5,6",France,
top14,2019/2020,Romain Taofifenua,RC Toulon,208,4,4,0,1990-09-14,5,France,
top14,2019/2020,Ronan Chambord,Montpellier Herault Rugby,32,1,0,1,1994-04-11,2,France,
top14,2019/2020,Rory Arnold,Stade Toulousain,426,6,6,0,1990-07-01,"4,5",Australie,
top14,2019/2020,Rory Kockott,Castres Olympique,881,16,11,5,1986-06-25,9,France,
top14,2019/2020,Rory Scholes,CA Brive,226,4,2,2,1993-04-23,"13,15",Irlande,
top14,2019/2020,Ruan Combrinck,Stade Francais Paris,160,2,2,0,1990-05-10,"14,15",Afrique du Sud,
top14,2019/2020,Rudi Wulf,Lyon,474,11,4,7,1984-02-02,"11,12,13,14",Samoa,
top14,2019/2020,Rudy Paige,ASM Clermont Auvergne,135,5,1,4,1989-08-02,9,Afrique du Sud,
top14,2019/2020,Ryan Chapuis,Stade Francais Paris,650,12,6,6,1997-12-12,"6,7,8",France,
top14,2019/2020,Rynhardt Elstadt,Stade Toulousain,897,12,11,1,1989-12-20,"4,6,7,8",Afrique du Sud,
top14,2019/2020,Said Hireche,CA Brive,1092,14,14,0,1985-05-27,7,France,
top14,2019/2020,Sam Hidalgo-Clyne,Lyon|Racing 92,361,11,2,9,1993-08-04,9,Ecosse,
top14,2019/2020,Sam Vaka,Agen,644,11,8,3,1992-10-26,"12,13",Tonga,
top14,2019/2020,Sami Mavinga,Stade Francais Paris,384,13,2,11,1993-05-25,1,France,
top14,2019/2020,Samuel Ezeala,ASM Clermont Auvergne,695,9,9,0,1999-12-11,"11,14",Espagne,
top14,2019/2020,Samuel Marques,Section Paloise,698,15,9,6,1988-12-08,9,Portugal,
top14,2019/2020,Samuel Maximin,Montpellier Herault Rugby,15,1,0,1,2001-04-30,4,France,
top14,2019/2020,Santiago Cordero,Union Bordeaux-Begles,1023,13,13,0,1993-12-06,"11,14,15",Argentine,
top14,2019/2020,Scott Higginbotham,Union Bordeaux-Begles,908,16,13,3,1986-09-05,"6,8",Australie,
top14,2019/2020,Sean Robinson,Bayonne,237,4,3,1,1993-11-02,"11,13,14",Afrique du Sud,
top14,2019/2020,Sebastien Bezy,Stade Toulousain,858,14,14,0,1991-11-22,9,France,
top14,2019/2020,Sebastien Taofifenua,RC Toulon,540,14,7,7,1992-03-21,"1,3",France,
top14,2019/2020,Sebastien Vahaamahina,ASM Clermont Auvergne,345,5,5,0,1991-10-21,5,France,
top14,2019/2020,Sefa Naivalu,Stade Francais Paris,293,4,4,0,1992-01-07,14,Fidji,
top14,2019/2020,Sekou Macalou,Stade Francais Paris,743,10,10,0,1995-04-20,7,France,
top14,2019/2020,Selevasio Tolofua,Stade Toulousain,679,14,7,7,1997-05-31,"6,8",France,
top14,2019/2020,Semi Radradra,Union Bordeaux-Begles,513,9,6,3,1992-06-13,"12,13",Fidji,
top14,2019/2020,Sergio Parisse,RC Toulon,611,8,8,0,1983-09-12,8,Italie,
top14,2019/2020,Seta Tamanivalu,Union Bordeaux-Begles,508,13,5,8,1992-01-23,"12,13,14,15",Fidji,
top14,2019/2020,Setareki Bituniyata,CA Brive,101,2,1,1,1995-08-12,14,Fidji,
top14,2019/2020,Setariki Tuicuvu,ASM Clermont Auvergne,227,5,2,3,1995-09-07,"11,13,15",Fidji,
top14,2019/2020,Sevanaia Galala,CA Brive,562,9,6,3,1993-01-29,"12,14",Fidji,
top14,2019/2020,Siegfried Fisi'ihoi,Section Paloise,268,6,5,1,1987-06-08,"1,3",Tonga,
top14,2019/2020,Sila Puafisi,Stade Rochelais,163,6,1,5,1988-04-15,3,Tonga,
top14,2019/2020,Simon Zebo,Racing 92,439,10,6,4,1990-03-16,"11,13,15",Irlande,
top14,2019/2020,Simon-Pierre Chauvac,CA Brive,604,13,10,3,1998-03-23,1,France,
top14,2019/2020,Sione Anga'aelangi,Stade Francais Paris,38,2,0,2,1988-11-07,2,Tonga,
top14,2019/2020,Sione Tau,Bayonne,235,5,2,3,1989-02-21,"4,7,8",Tonga,
top14,2019/2020,Sipili Falatea,ASM Clermont Auvergne,250,9,0,9,1997-06-06,3,France,
top14,2019/2020,Sitaleki Timani,ASM Clermont Auvergne,767,11,10,1,1986-09-19,"4,5",Tonga,
top14,2019/2020,So'otala Fa'aso'o,CA Brive,791,15,9,6,1994-10-02,"4,6,8",Samoa,
top14,2019/2020,Sofiane Guitoune,Stade Toulousain,598,8,8,0,1989-03-27,13,France,
top14,2019/2020,Sonatane Takulua,RC Toulon,104,2,1,1,1991-01-11,9,Tonga,
top14,2019/2020,Sosefo Tapu Falatea,Castres Olympique,172,6,0,6,1988-12-12,"1,3",France,
top14,2019/2020,Soso Bekoshvili,CA Brive,101,3,1,2,1993-11-03,3,Géorgie,
top14,2019/2020,Steevy Cerqueira,CA Brive,66,2,1,1,1993-08-09,"5,6",Portugal,
top14,2019/2020,Stephane Clement,Stade Francais Paris,337,9,6,3,1987-09-03,"1,2,3",France,
top14,2019/2020,Stephane Onambele,RC Toulon,475,9,6,3,1993-02-12,"6,7,8",France,
top14,2019/2020,Stuart Olding,CA Brive,542,9,9,0,1993-03-11,"10,12",Irlande,
top14,2019/2020,Swan Cormenier,Bayonne,171,4,2,2,1996-01-18,1,France,
top14,2019/2020,Swan Rebbadj,RC Toulon,1282,17,16,1,1995-01-15,"4,5,6",France,
top14,2019/2020,Takeshi Hino,Stade Toulousain,97,3,1,2,1990-01-20,2,Japon,
top14,2019/2020,Talalelei Gray,Stade Francais Paris,743,12,10,2,1990-02-28,"6,8",Samoa,
top14,2019/2020,Tani Vili,ASM Clermont Auvergne,152,5,1,4,2000-10-31,"12,13",France,
top14,2019/2020,Tawera Kerr-Barlow,Stade Rochelais,1149,16,15,1,1990-08-15,9,Nouvelle Zélande,
top14,2019/2020,Taylor Paris,Castres Olympique,251,4,3,1,1992-10-06,"11,14",Canada,
top14,2019/2020,Teddy Baubigny,Racing 92,832,16,12,4,1998-09-02,2,France,
top14,2019/2020,Teddy Iribaren,Racing 92,791,16,12,4,1990-09-25,9,France,
top14,2019/2020,Teddy Thomas,Racing 92,541,7,7,0,1993-09-18,14,France,
top14,2019/2020,Tedo Abzhandadze,CA Brive,8,1,0,1,1999-06-13,10,Géorgie,
top14,2019/2020,Theo Belan,Stade Toulousain,448,6,6,0,1992-11-15,"12,13",France,
top14,2019/2020,Theo Dachary,RC Toulon,414,9,4,5,1997-03-26,"9,11,12,13",France,
top14,2019/2020,Theo Idjellidaine,Stade Toulousain,39,3,0,3,2001-03-15,9,France,
top14,2019/2020,Thibaud Lanen,ASM Clermont Auvergne,155,5,1,4,1998-04-01,"4,5,6,7",France,
top14,2019/2020,Thibault Daubagna,Section Paloise,622,15,8,7,1994-05-20,9,France,
top14,2019/2020,Thibaut Regard,Lyon,740,14,8,6,1993-08-06,"12,13,14",France,
top14,2019/2020,Thierry Futeu,Stade Francais Paris,86,4,0,4,1995-06-23,1,Espagne,
top14,2019/2020,Thierry Paiva,Union Bordeaux-Begles,642,12,10,2,1995-11-19,1,France,
top14,2019/2020,Thomas Acquier,CA Brive,728,15,9,6,1989-11-21,2,France,
top14,2019/2020,Thomas Berjon,Stade Rochelais,57,5,0,5,1998-04-12,"9,11",France,
top14,2019/2020,Thomas Combezou,Castres Olympique,1253,17,16,1,1987-01-26,"12,13",France,
top14,2019/2020,Thomas Darmon,Montpellier Herault Rugby,290,8,2,6,1998-05-12,"10,11,12,13,15",France,
top14,2019/2020,Thomas Fortunel,Castres Olympique,296,8,4,4,1995-06-07,"10,11,13,14",France,
top14,2019/2020,Thomas Hoarau,RC Toulon,192,6,3,3,1995-06-01,"5,6,7",France,
top14,2019/2020,Thomas Jolmes,Stade Rochelais,79,2,1,1,1995-10-08,5,France,
top14,2019/2020,Thomas Laranjeira,CA Brive,1060,15,13,2,1992-05-05,"10,12,13,15",France,
top14,2019/2020,Thomas Lavault,Stade Rochelais,374,7,6,1,1999-05-03,"4,5",France,
top14,2019/2020,Thomas Ramos,Stade Toulousain,558,7,7,0,1995-07-23,"10,15",France,
top14,2019/2020,Thomas Vincent,Agen,74,2,0,2,1999-07-21,10,France,
top14,2019/2020,Tim Nanai-Williams,ASM Clermont Auvergne,480,6,6,0,1989-06-12,"14,15",Samoa,
top14,2019/2020,Timilai Rokoduru,Agen,32,2,0,2,1993-01-21,"6,11",Fidji,
top14,2019/2020,Timoci Nagusa,Montpellier Herault Rugby,518,9,8,1,1987-07-14,"11,14",Fidji,
top14,2019/2020,Toby Arnold,Lyon,1188,15,15,0,1987-09-11,"14,15",Nouvelle Zélande,
top14,2019/2020,Tolu Latu,Stade Francais Paris,328,7,5,2,1993-02-23,2,Tonga,
top14,2019/2020,Tom Darlet,Bayonne,335,5,4,1,1996-08-06,"6,7",France,
top14,2019/2020,Tom Murday,Agen,1168,16,15,1,1989-04-27,"4,5",Australie,
top14,2019/2020,Tom Taylor,Section Paloise,193,9,0,9,1989-03-11,"10,11,12,15",Nouvelle Zélande,
top14,2019/2020,Toma Taufa,Bayonne,51,1,1,0,1995-03-09,3,Tonga,
top14,2019/2020,Torsten van Jaarsveld,Bayonne,306,8,5,3,1987-06-30,2,Namibie,
top14,2019/2020,Tristan Tedder,Stade Toulousain,257,8,2,6,1996-04-17,"10,11,12,14,15",Afrique du Sud,
top14,2019/2020,Tudor Stroe,Castres Olympique,38,2,0,2,1993-09-06,1,France,
top14,2019/2020,Ugo Boniface,Bayonne,571,15,3,12,1998-07-21,1,France,
top14,2019/2020,Uini Atonio,Stade Rochelais,473,9,7,2,1990-03-26,3,France,
top14,2019/2020,Ulupano Seuteni,Union Bordeaux-Begles,220,6,3,3,1993-12-09,"10,12,13",Samoa,
top14,2019/2020,Ushangi Tcheishvili,Montpellier Herault Rugby,190,6,2,4,1997-08-29,1,Géorgie,
top14,2019/2020,Vadim Cobilas,Union Bordeaux-Begles,851,16,15,1,1983-07-30,3,France,
top14,2019/2020,Valentin Saurs,Agen,798,11,10,1,1995-02-12,"4,11,15",France,
top14,2019/2020,Valentin Seille,Montpellier Herault Rugby,113,2,1,1,1999-04-07,2,France,
top14,2019/2020,Valentin Tirefort,Stade Rochelais,80,1,1,0,1998-07-01,11,France,
top14,2019/2020,Vano Karkadze,CA Brive,15,1,0,1,2000-06-25,2,Géorgie,
top14,2019/2020,Vasil Kakovin,Racing 92,351,9,5,4,1989-12-01,1,Géorgie,
top14,2019/2020,Vasil Lobzhanidze,CA Brive,368,9,4,5,1996-10-14,9,Géorgie,
top14,2019/2020,Victor Lebas,CA Brive,240,9,2,7,1993-06-09,"4,5,7",France,
top14,2019/2020,Victor Moreaux,Castres Olympique,389,9,4,5,1993-09-19,"4,5",France,
top14,2019/2020,Victor Vito,Stade Rochelais,1092,14,14,0,1987-03-27,"6,8",Nouvelle Zélande,
top14,2019/2020,Viliamu Afatia,Bayonne,391,9,9,0,1990-05-24,"1,3",Samoa,
top14,2019/2020,Vincent Farre,Agen,541,9,8,1,1990-06-06,7,France,
top14,2019/2020,Vincent Giudicelli,Montpellier Herault Rugby,512,13,7,6,1997-06-25,2,France,
top14,2019/2020,Vincent Martin,Montpellier Herault Rugby,254,7,3,4,1992-09-04,"11,12,14",France,
top14,2019/2020,Vincent Pelo,Stade Rochelais,87,3,0,3,1988-04-22,"1,3",France,
top14,2019/2020,Vincent Pinto,Section Paloise,347,8,5,3,1999-04-10,"11,14",Portugal,
top14,2019/2020,Vincent Rattez,Stade Rochelais,619,8,8,0,1992-03-24,"11,14,15",France,
top14,2019/2020,Virgile Bruni,Lyon,311,8,4,4,1989-02-06,"4,5",France,
top14,2019/2020,Virimi Vakatawa,Racing 92,290,4,4,0,1992-05-01,13,France,
top14,2019/2020,Vivien Devisme,Lyon,211,6,3,3,1992-03-23,1,France,
top14,2019/2020,Waisea Nayacalevu,Stade Francais Paris,383,5,5,0,1990-06-26,13,Fidji,
top14,2019/2020,Walter Desmaison,Agen,388,12,4,8,1991-10-18,3,France,
top14,2019/2020,Watisoni Votu,Section Paloise,1031,13,13,0,1985-03-25,"11,12",Fidji,
top14,2019/2020,Wayan De Benedittis,Castres Olympique,240,11,1,10,1999-03-10,1,France,
top14,2019/2020,Wenceslas Lauret,Racing 92,457,6,6,0,1989-03-28,6,France,
top14,2019/2020,Werner Kok,Stade Toulousain,168,5,2,3,1993-01-17,"11,13,14",Afrique du Sud,
top14,2019/2020,Wesley Fofana,ASM Clermont Auvergne,310,4,4,0,1988-01-20,12,France,
top14,2019/2020,Wiaan Liebenberg,Stade Rochelais,749,11,9,2,1992-08-31,"6,7",Afrique du Sud,
top14,2019/2020,Wilco Louw,RC Toulon,258,5,4,1,1994-07-20,3,Afrique du Sud,
top14,2019/2020,Wilfrid Hounkpatin,Castres Olympique,705,15,10,5,1991-07-29,3,France,
top14,2019/2020,Willem Alberts,Stade Francais Paris,254,5,4,1,1984-05-11,"4,6,7",Afrique du Sud,
top14,2019/2020,William Beaudon,RC Toulon,13,1,0,1,,9,France,
top14,2019/2020,Xavier Chauveau,Agen,247,9,3,6,1992-10-14,"6,9",France,
top14,2019/2020,Xavier Chiocci,Lyon,660,15,10,5,1990-02-13,1,France,
top14,2019/2020,Xavier Mignot,Lyon,811,12,11,1,1994-01-27,"11,12,14",France,
top14,2019/2020,Yacouba Camara,Montpellier Herault Rugby,470,8,7,1,1994-06-02,7,France,
top14,2019/2020,Yan Lestrade,Bayonne,109,2,1,1,1997-03-21,"10,12",France,
top14,2019/2020,Yann David,Castres Olympique,334,8,5,3,1988-04-15,12,France,
top14,2019/2020,Yann Lesgourgues,Union Bordeaux-Begles,672,16,9,7,1991-01-17,9,France,
top14,2019/2020,Yoan Cottin,RC Toulon,176,6,1,5,1998-01-31,9,France,
top14,2019/2020,Yoan Tanga,Racing 92,798,14,10,4,1996-11-29,"6,8",France,
top14,2019/2020,Yoann Huget,Stade Toulousain,510,7,7,0,1987-06-02,14,France,
top14,2019/2020,Yoann Maestri,Stade Francais Paris,1173,16,16,0,1988-01-14,5,France,
top14,2019/2020,Yohan Beheregaray,ASM Clermont Auvergne,439,12,3,9,1996-05-29,2,France,
top14,2019/2020,Youri Delhommel,Montpellier Herault Rugby,281,9,4,5,1996-03-06,2,France,
top14,2019/2020,Yvan Reilhac,Montpellier Herault Rugby,996,16,11,5,1995-06-09,"11,12,13,14",France,
top14,2019/2020,Zack Holmes,Stade Toulousain,1027,13,13,0,1990-05-30,10,Australie,
top14,2019/2020,Zakaria El Fakir,Union Bordeaux-Begles,19,1,0,1,1997-01-29,3,France,
top14,2019/2020,Zeno Kieft,Stade Rochelais,483,11,4,7,1991-02-02,"4,6,7,8",Pays-Bas,
top14,2020/2021,Adrea Cocagi,Castres Olympique,457,11,6,5,1994-03-01,"12,13,15",Fidji,
top14,2020/2021,Adrien Lapegue-Lafaye,Stade Francais Paris,350,9,5,4,1998-10-21,"11,13,14",France,
top14,2020/2021,Adrien Pelissie,ASM Clermont Auvergne,779,18,9,9,1990-08-07,2,France,
top14,2020/2021,Adrien Warion,RC Toulon,236,6,3,3,2001-01-07,"4,5",France,
top14,2020/2021,Afaesetiti Amosa,Bayonne|Union Bordeaux-Begles,1013,20,12,8,1990-10-11,"6,7,8",Samoa,
top14,2020/2021,Aitor Hourcade,Bayonne,56,1,1,0,2001-02-13,7,France,
top14,2020/2021,Alban Placines,Stade Toulousain,911,18,12,6,1993-04-23,"4,6,7,8",France,
top14,2020/2021,Alex Arrate,Stade Francais Paris,718,15,9,6,1997-06-24,"11,12,13",France,
top14,2020/2021,Alex Burin,Agen,459,12,6,6,1999-12-14,3,France,
top14,2020/2021,Alex Lozowski,Montpellier Herault Rugby,1117,21,12,9,1993-06-30,"10,12,13",Angleterre,
top14,2020/2021,Alex Tulou,Lyon,475,14,5,9,1987-03-21,"6,7,8",Samoa,
top14,2020/2021,Alexandre Becognee,Montpellier Herault Rugby,581,18,5,13,1996-09-03,"4,5,6,7,8",France,
top14,2020/2021,Alexandre Dumoulin,Section Paloise,617,13,7,6,1989-08-24,"10,12,13",France,
top14,2020/2021,Alexandre Fischer,ASM Clermont Auvergne,816,18,11,7,1998-01-19,"6,7",France,
top14,2020/2021,Alexandre Flanquart,Union Bordeaux-Begles,375,9,4,5,1989-10-09,"4,5",France,
top14,2020/2021,Alexandre Lapandry,ASM Clermont Auvergne,117,2,2,0,1989-04-13,7,France,
top14,2020/2021,Alexandre Manukula,Bayonne,91,3,1,2,1996-08-05,"4,5",France,
top14,2020/2021,Alexandre Odinga,Agen,80,1,1,0,2000-03-26,11,France,
top14,2020/2021,Alexandre Roumat,Union Bordeaux-Begles,1260,19,16,3,1997-06-27,"6,7,8",France,
top14,2020/2021,Alexandre Tchaptchet,Lyon,21,1,0,1,2001-09-26,10,France,
top14,2020/2021,Alexi Bales,Stade Toulousain,872,21,13,8,1990-05-30,"9,10",France,
top14,2020/2021,Alfred Parisien,Lyon,68,1,1,0,2001-03-04,12,France,
top14,2020/2021,Ali Oz,Racing 92,596,13,7,6,1995-05-28,3,France,
top14,2020/2021,Alivereti Raka,ASM Clermont Auvergne,1120,15,14,1,1994-12-09,11,France,
top14,2020/2021,Alofa Alofa,Bayonne,225,4,3,1,1991-03-12,"11,13,14",Samoa,
top14,2020/2021,Aminiasi Tuimaba,Section Paloise,962,15,13,2,1995-03-26,"11,14",Fidji,
top14,2020/2021,Andre Gorin,Bayonne,594,11,6,5,1987-11-30,"4,5,6,7,8",France,
top14,2020/2021,Andres Zafra,Agen,1312,22,16,6,1996-03-26,"4,5,6,7",Colombie,
top14,2020/2021,Andy Bordelai,Racing 92,43,2,0,2,2000-03-29,1,France,
top14,2020/2021,Anthony Belleau,RC Toulon,60,3,1,2,1996-04-08,"13,15",France,
top14,2020/2021,Anthony Bouthier,Montpellier Herault Rugby,947,13,12,1,1992-06-19,"10,15",France,
top14,2020/2021,Anthony Etrillard,RC Toulon,1056,23,15,8,1993-03-21,2,France,
top14,2020/2021,Anthony Jelonch,Castres Olympique,1238,16,16,0,1996-07-28,"6,7,8",France,
top14,2020/2021,Anthony Meric,RC Toulon,239,10,4,6,1995-02-15,9,France,
top14,2020/2021,Antoine Bouzerand,Castres Olympique,5,1,0,1,1999-05-26,15,France,
top14,2020/2021,Antoine Burban,Stade Francais Paris,1274,22,20,2,1987-07-22,"6,7,8",France,
top14,2020/2021,Antoine Dupont,Stade Toulousain,1024,15,13,2,1996-11-15,9,France,
top14,2020/2021,Antoine Erbani,Section Paloise,255,9,3,6,1990-02-07,"5,6,7,8",France,
top14,2020/2021,Antoine Gibert,Racing 92,952,22,12,10,1997-12-31,"9,10,15",France,
top14,2020/2021,Antoine Guillamon,Montpellier Herault Rugby,113,3,1,2,1991-06-04,"3,4,5",France,
top14,2020/2021,Antoine Hastoy,Section Paloise,1588,22,20,2,1997-06-04,"10,15",France,
top14,2020/2021,Antoine Miquel,Stade Toulousain,834,14,10,4,1994-06-20,"6,7,8",France,
top14,2020/2021,Antoine Tichit,Castres Olympique,1242,22,20,2,1989-06-13,1,France,
top14,2020/2021,Antonie Claassen,Racing 92,375,7,6,1,1984-10-20,"7,8",France,
top14,2020/2021,Apisai Naqalevu,ASM Clermont Auvergne,1065,17,13,4,1989-08-21,"12,13,15",Fidji,
top14,2020/2021,Armand Batlle,Castres Olympique,118,3,1,2,1987-04-12,"11,14",France,
top14,2020/2021,Arnaud Duputs,Bayonne,681,14,9,5,1995-07-26,"6,7,8",France,
top14,2020/2021,Arthur Bonneval,Stade Toulousain,135,4,2,2,1995-05-31,"11,14,15",France,
top14,2020/2021,Arthur Coville,Stade Francais Paris,799,21,11,10,1998-02-04,"9,12",France,
top14,2020/2021,Arthur Duhau,Bayonne,966,15,11,4,1997-08-09,"10,11,14,15",France,
top14,2020/2021,Arthur Iturria,ASM Clermont Auvergne,730,11,11,0,1994-05-13,"6,8",France,
top14,2020/2021,Arthur Joly,Stade Rochelais,861,24,8,16,1988-02-20,3,France,
top14,2020/2021,Arthur Retiere,Stade Rochelais,1380,19,16,3,1997-08-01,"9,11,14,15",France,
top14,2020/2021,Arthur Vincent,Montpellier Herault Rugby,1121,14,14,0,1999-09-30,"12,13,14",France,
top14,2020/2021,Asier Usarraga,Bayonne,446,8,7,1,1994-12-31,"6,7",Espagne,
top14,2020/2021,Atila Septar,Section Paloise,457,7,7,0,1996-06-02,"11,14",France,
top14,2020/2021,Aurelien Labau,Agen,151,2,2,0,1999-04-13,"12,13",France,
top14,2020/2021,Axel Bevia,Montpellier Herault Rugby,229,3,3,0,2002-05-04,15,France,
top14,2020/2021,Axel Muller,CA Brive,1498,19,19,0,1993-11-25,"11,14",Argentine,
top14,2020/2021,Aymeric Luc,Bayonne,1680,23,21,2,1997-10-14,"10,11,14,15",France,
top14,2020/2021,Badri Alkhazashvili,CA Brive,296,11,0,11,1995-07-31,2,Géorgie,
top14,2020/2021,Baptiste Chouzenoux,Racing 92,1071,20,13,7,1993-08-07,"6,7,8",France,
top14,2020/2021,Baptiste Couilloud,Lyon,825,16,11,5,1997-07-22,9,France,
top14,2020/2021,Baptiste Delaporte,Castres Olympique,1222,22,12,10,1997-03-25,"6,7,8",France,
top14,2020/2021,Baptiste Germain,Stade Toulousain,332,11,1,10,2000-11-21,"9,10",France,
top14,2020/2021,Baptiste Heguy,Bayonne,844,16,10,6,1998-05-11,"5,6,7",France,
top14,2020/2021,Baptiste Pesenti,Section Paloise,791,14,10,4,1997-07-03,4,France,
top14,2020/2021,Baptiste Serin,RC Toulon,1328,18,17,1,1994-06-20,"9,10",France,
top14,2020/2021,Bastien Chalureau,Montpellier Herault Rugby,672,18,8,10,1992-02-13,"4,5,7",France,
top14,2020/2021,Bastien Guillemin,Castres Olympique,532,11,6,5,1997-09-22,"11,14,15",France,
top14,2020/2021,Bastien Pourailly,ASM Clermont Auvergne,619,9,9,0,1994-01-31,"11,14",France,
top14,2020/2021,Bastien Soury,RC Toulon,160,10,1,9,1995-03-18,2,France,
top14,2020/2021,Bautista Delguy,Union Bordeaux-Begles,431,7,7,0,1997-04-22,14,Argentine,
top14,2020/2021,Beka Gigashvili,RC Toulon,868,15,10,5,1992-02-17,3,Géorgie,
top14,2020/2021,Beka Gorgadze,Union Bordeaux-Begles,100,2,1,1,1996-02-08,8,Géorgie,
top14,2020/2021,Ben Botica,Union Bordeaux-Begles,857,22,9,13,1989-10-07,"9,10,15",Nouvelle Zélande,
top14,2020/2021,Ben Lam,Union Bordeaux-Begles,1591,20,20,0,1991-06-09,11,Samoa,
top14,2020/2021,Ben Tameifuna,Union Bordeaux-Begles,1083,24,14,10,1991-08-30,"1,3",Tonga,
top14,2020/2021,Benjamin Boudou,ASM Clermont Auvergne,35,3,0,3,2002-06-07,2,France,
top14,2020/2021,Benjamin Urdapilleta,Castres Olympique,1883,24,24,0,1986-03-11,10,Argentine,
top14,2020/2021,Benoit Paillaugue,Montpellier Herault Rugby,712,17,9,8,1987-11-17,"9,10",France,
top14,2020/2021,Bernard Le Roux,Racing 92,799,13,12,1,1989-06-04,"4,7",France,
top14,2020/2021,Bismarck du Plessis,Montpellier Herault Rugby,358,12,3,9,1984-05-22,2,Afrique du Sud,
top14,2020/2021,Boris Palu,Racing 92,1469,23,17,6,1996-02-04,"4,5,6,7,8",France,
top14,2020/2021,Brandon Fajardo,Bayonne,88,3,0,3,1994-06-25,"12,15",France,
top14,2020/2021,Brandon Nansen,CA Brive,287,5,5,0,1993-11-03,"4,5",Samoa,
top14,2020/2021,Brian Alainu'uese,RC Toulon,1154,19,16,3,1994-03-19,"4,5,6",Samoa,
top14,2020/2021,Brice Dulin,Stade Rochelais,920,15,14,1,1990-04-13,15,France,
top14,2020/2021,Bruce Devaux,RC Toulon,401,16,3,13,1996-11-14,1,France,
top14,2020/2021,Bryce Heem,RC Toulon,583,8,8,0,1989-01-18,"11,13,14,15",Nouvelle Zélande,
top14,2020/2021,Caleb Timu,Montpellier Herault Rugby,1047,18,13,5,1994-02-22,"5,6,8",Australie,
top14,2020/2021,Calum Randle,Montpellier Herault Rugby,83,2,1,1,2000-01-18,11,France,
top14,2020/2021,Cameron Woki,Union Bordeaux-Begles,976,14,13,1,1998-11-07,"6,7",France,
top14,2020/2021,Camille Chat,Racing 92,395,9,5,4,1995-12-18,2,France,
top14,2020/2021,Camille Gerondeau,Agen,1023,17,12,5,1988-03-12,"5,6,7,8",France,
top14,2020/2021,Camille Lopez,ASM Clermont Auvergne,1471,20,18,2,1989-04-03,10,France,
top14,2020/2021,Cedate Gomes Sa,Racing 92,837,20,14,6,1993-08-07,3,France,
top14,2020/2021,Cesar Baudin,Stade Rochelais,101,2,0,2,1999-07-18,5,France,
top14,2020/2021,Charles Ollivon,RC Toulon,808,15,11,4,1993-05-11,"4,5,6,7,8",France,
top14,2020/2021,Charlie Faumuina,Stade Toulousain,1081,22,17,5,1986-12-24,3,Nouvelle Zélande,
top14,2020/2021,Charlie Francoz,Stade Francais Paris,5,1,0,1,1998-06-03,4,France,
top14,2020/2021,Charlie Ngatai,Lyon,1091,17,15,2,1990-08-17,"10,12,15",Nouvelle Zélande,
top14,2020/2021,Charly Malie,Section Paloise,1233,19,16,3,1991-11-05,"13,15",Espagne,
top14,2020/2021,Cheikh Tiberghien,ASM Clermont Auvergne,608,13,6,7,2000-01-08,"9,11,13,15",France,
top14,2020/2021,Cheslin Kolbe,Stade Toulousain,1189,18,16,2,1993-10-28,"10,11,14,15",Afrique du Sud,
top14,2020/2021,Christian Lacombe,Agen,421,8,4,4,1999-12-04,"10,11,12,15",France,
top14,2020/2021,Christopher Tolofua,RC Toulon,851,19,10,9,1993-12-31,2,France,
top14,2020/2021,Clement Castets,Stade Toulousain,498,13,7,6,1996-05-05,1,France,
top14,2020/2021,Clement Egiziano,RC Toulon,30,1,0,1,2001-12-23,14,France,
top14,2020/2021,Clement Garrigues,Agen,210,3,3,0,2002-07-09,13,France,
top14,2020/2021,Clement Lanen,ASM Clermont Auvergne,202,4,3,1,1998-04-01,"6,7,8",France,
top14,2020/2021,Clement Laporte,Lyon,614,10,8,2,1998-01-07,15,France,
top14,2020/2021,Clement Martinez,Agen,968,22,13,9,1996-03-14,2,France,
top14,2020/2021,Clement Maynadier,Union Bordeaux-Begles,999,23,17,6,1988-10-11,2,France,
top14,2020/2021,Clovis Le Bail,Section Paloise,778,21,9,12,1995-11-29,9,France,
top14,2020/2021,Clément Ric,Lyon,319,11,3,8,1988-07-18,3,France,
top14,2020/2021,Cobus Reinach,Montpellier Herault Rugby,1319,22,18,4,1990-02-07,9,Afrique du Sud,
top14,2020/2021,Cody Thomas,CA Brive,116,3,2,1,1996-03-01,"1,3",Afrique du Sud,
top14,2020/2021,Colby Fainga'a,Lyon,1352,23,15,8,1991-03-31,"4,5,6,7,8",Australie,
top14,2020/2021,Corentin Vernet,Agen,623,12,8,4,1996-09-27,"4,5",France,
top14,2020/2021,Cristian Ojovan,ASM Clermont Auvergne,754,20,7,13,1997-01-04,"1,3",Moldavie,
top14,2020/2021,Cyril Baille,Stade Toulousain,694,14,11,3,1993-09-15,1,France,
top14,2020/2021,Cyril Cazeaux,Union Bordeaux-Begles,1187,18,16,2,1995-02-10,"4,5",France,
top14,2020/2021,Damian Penaud,ASM Clermont Auvergne,1040,13,13,0,1996-09-25,14,France,
top14,2020/2021,Dan Malafosse,CA Brive,408,12,5,7,1992-01-14,"4,5,6",France,
top14,2020/2021,Daniel Bibi Biziwu,ASM Clermont Auvergne,246,12,0,12,2001-08-29,1,France,
top14,2020/2021,Daniel Brennan,CA Brive|Montpellier Herault Rugby,283,10,3,7,1998-09-23,"1,3,4",Irlande,
top14,2020/2021,Daniel Ikpefan,RC Toulon,485,10,5,5,1993-10-18,"9,11,14,15",France,
top14,2020/2021,Daniel Kotze,Castres Olympique,298,11,3,8,1987-03-28,3,France,
top14,2020/2021,Daniel Ramsay,Section Paloise,454,14,3,11,1984-06-01,"4,5,6,7,8",Nouvelle Zélande,
top14,2020/2021,Dany Priso,Stade Rochelais,539,15,5,10,1994-01-02,1,France,
top14,2020/2021,Darren Sweetnam,Stade Rochelais,234,6,2,4,1993-05-05,"11,14,15",Irlande,
top14,2020/2021,Dave Ryan,Agen,710,15,12,3,1986-04-21,"1,3",Irlande,
top14,2020/2021,David Ainu'u,Stade Toulousain,399,14,2,12,1999-11-20,"1,3",Etats-Unis,
top14,2020/2021,David Delarue,CA Brive,244,9,2,7,1996-10-27,"9,10",France,
top14,2020/2021,Demba Bamba,Lyon,802,14,13,1,1998-03-17,3,France,
top14,2020/2021,Dillyn Leyds,Stade Rochelais,1550,21,20,1,1992-09-12,"11,14,15",Afrique du Sud,
top14,2020/2021,Dimitri Delibes,Stade Toulousain,320,5,4,1,1999-03-17,"11,13,14",France,
top14,2020/2021,Djibril Camara,Bayonne,93,2,2,0,1989-06-22,11,France,
top14,2020/2021,Dominic Bird,Racing 92,1302,21,18,3,1991-04-09,"4,5",Nouvelle Zélande,
top14,2020/2021,Donnacha Ryan,Racing 92,807,19,9,10,1983-12-11,"4,5,6",Irlande,
top14,2020/2021,Donovan Taofifenua,Racing 92,1611,21,20,1,1999-03-30,"11,14",France,
top14,2020/2021,Dorian Aldegheri,Stade Toulousain,566,14,7,7,1993-08-04,3,France,
top14,2020/2021,Dorian Bellot,Agen,95,4,0,4,2000-06-16,9,France,
top14,2020/2021,Dorian Clerc,Castres Olympique,134,4,1,3,1998-07-07,"4,5,6",France,
top14,2020/2021,Dorian Laborde,Racing 92,587,12,6,6,1996-12-30,"11,12,13,14,15",France,
top14,2020/2021,Duncan Paia'aua,RC Toulon,1360,19,19,0,1995-01-20,"10,12,13,15",Samoa,
top14,2020/2021,Dylan Cretin,Lyon,1183,16,16,0,1997-05-04,"6,7",France,
top14,2020/2021,Dylan Hayes,Agen,441,13,4,9,1994-02-11,"7,8",Nouvelle Zélande,
top14,2020/2021,Dylan Smith,Stade Francais Paris,47,1,1,0,1994-02-26,1,Afrique du Sud,
top14,2020/2021,Eben Etzebeth,RC Toulon,1093,17,15,2,1991-10-29,"4,5,6",Afrique du Sud,
top14,2020/2021,Eddy Ben Arous,Racing 92,875,19,15,4,1990-08-25,1,France,
top14,2020/2021,Eliott Roudil,Section Paloise,1295,18,16,2,1996-10-30,"11,13,14",France,
top14,2020/2021,Elton Jantjies,Section Paloise,186,3,2,1,1990-08-01,"10,15",Afrique du Sud,
top14,2020/2021,Emerick Setiano,RC Toulon,761,16,13,3,1996-07-19,3,France,
top14,2020/2021,Emiliano Boffelli,Racing 92,104,3,1,2,1995-01-16,"11,15",Argentine,
top14,2020/2021,Emmanuel Meafou,Stade Toulousain,928,23,11,12,1998-07-12,"4,5,8",France,
top14,2020/2021,Eneriko Buliruarua,CA Brive,1570,23,20,3,1997-01-23,"10,11,12,13,14",Fidji,
top14,2020/2021,Enzo Forletta,Montpellier Herault Rugby,708,18,8,10,1994-06-15,"1,3",France,
top14,2020/2021,Enzo Herve,CA Brive,1309,21,19,2,1998-10-13,10,France,
top14,2020/2021,Eoghan Barrett,Section Paloise,304,5,4,1,1999-05-31,14,Irlande,
top14,2020/2021,Erwan Dridi,RC Toulon,714,11,10,1,2000-07-04,"11,14",France,
top14,2020/2021,Esteban Abadie,CA Brive,303,8,3,5,1997-12-01,"6,7,15",France,
top14,2020/2021,Ethan Dumortier,Lyon,340,7,3,4,2000-12-29,"11,12,13,14",France,
top14,2020/2021,Etienne Falgoux,ASM Clermont Auvergne,506,10,8,2,1993-01-19,1,France,
top14,2020/2021,Etienne Fourcade,ASM Clermont Auvergne,1190,22,17,5,1997-04-11,2,France,
top14,2020/2021,FC du Plessis,RC Toulon,230,4,3,1,2001-02-07,"11,14",Afrique du Sud,
top14,2020/2021,Fabien Sanconnie,Racing 92,517,10,7,3,1995-02-21,"6,7,8",France,
top14,2020/2021,Fabrice Metz,Section Paloise,1138,23,16,7,1991-01-23,"4,5",France,
top14,2020/2021,Facundo Bosch,Stade Rochelais,945,19,11,8,1991-08-08,"2,7",Argentine,
top14,2020/2021,Facundo Isa,RC Toulon,638,11,8,3,1993-09-21,"6,7,8",Argentine,
top14,2020/2021,Felix Lambey,Lyon,806,16,11,5,1994-03-15,"4,5,6,7",France,
top14,2020/2021,Fernandez Correa,Agen,231,7,4,3,1997-11-27,1,Sénégal,
top14,2020/2021,Filimo Taofifenua,Bayonne,1012,18,12,6,1993-10-15,"6,7,8",France,
top14,2020/2021,Filipo Nakosi,Castres Olympique,1667,23,22,1,1992-04-08,"11,14",Fidji,
top14,2020/2021,Finn Russell,Racing 92,947,13,13,0,1992-09-23,10,Ecosse,
top14,2020/2021,Florent Vanverberghe,Castres Olympique,761,17,9,8,2000-07-22,"4,5",France,
top14,2020/2021,Florian Dufour,CA Brive,369,8,6,2,1997-10-29,2,France,
top14,2020/2021,Florian Fresia,RC Toulon,429,11,6,5,1992-01-17,1,France,
top14,2020/2021,Florian Nicot,Section Paloise,68,1,1,0,1986-09-30,12,France,
top14,2020/2021,Florian Verhaeghe,Montpellier Herault Rugby,435,7,6,1,1997-04-27,"4,6",France,
top14,2020/2021,Florian Vialelle,Castres Olympique,448,9,5,4,1993-10-05,"9,10,12,13",France,
top14,2020/2021,Francisco Gomez Kodela,Lyon,809,19,10,9,1985-07-03,3,France,
top14,2020/2021,Francois Cros,Stade Toulousain,971,14,13,1,1994-03-25,"6,7,8",France,
top14,2020/2021,Francois Trinh-Duc,Racing 92,714,20,7,13,1986-11-11,"10,12,13",France,
top14,2020/2021,Fritz Lee,ASM Clermont Auvergne,1644,24,21,3,1988-08-29,"7,8",Samoa,
top14,2020/2021,Fulgence Ouedraogo,Montpellier Herault Rugby,1016,14,13,1,1986-07-21,"6,8",France,
top14,2020/2021,Gabin Villiere,RC Toulon,1173,15,14,1,1995-12-13,"11,12,13",France,
top14,2020/2021,Gabriel Ibitoye,Agen|Montpellier Herault Rugby,490,8,7,1,1998-03-05,"11,14",Angleterre,
top14,2020/2021,Gabriel Ngandebe,Montpellier Herault Rugby,1095,17,14,3,1997-03-30,"11,14",France,
top14,2020/2021,Gael Doms,Agen,30,2,0,2,2001-07-15,2,France,
top14,2020/2021,Gael Fickou,Racing 92|Stade Francais Paris,1116,15,13,2,1994-03-26,"11,12,13",France,
top14,2020/2021,Gaetan Barlot,Castres Olympique,1415,24,21,3,1997-04-13,2,France,
top14,2020/2021,Gaetan Germain,Bayonne,1412,22,18,4,1990-07-02,"10,11,15",France,
top14,2020/2021,Gauthier Maravat,Agen,967,19,11,8,2000-06-11,"4,5,6,7",France,
top14,2020/2021,Gela Aprasidze,Montpellier Herault Rugby,125,4,1,3,1998-01-14,"9,11",Géorgie,
top14,2020/2021,Geoffrey Cros,Union Bordeaux-Begles,411,6,6,0,1997-03-08,14,France,
top14,2020/2021,Geoffrey Doumayrou,Stade Rochelais,1049,15,14,1,1989-09-16,"12,13",France,
top14,2020/2021,Geoffrey Moise,Section Paloise,366,11,3,8,1991-08-20,1,France,
top14,2020/2021,Geoffrey Palis,Castres Olympique,1658,23,23,0,1991-07-08,"11,14",France,
top14,2020/2021,George Moala,ASM Clermont Auvergne,1303,19,17,2,1990-11-05,"12,13",Tonga,
top14,2020/2021,Georges-Henri Colombe,Racing 92,497,13,7,6,1998-04-09,"1,3",France,
top14,2020/2021,Gerbrandt Grobler,Stade Francais Paris,632,13,7,6,1992-02-06,"4,5,6,7",Afrique du Sud,
top14,2020/2021,Gervais Cordin,RC Toulon,1372,18,17,1,1998-12-10,"14,15",France,
top14,2020/2021,Gia Kharaishvili,Racing 92,341,10,0,10,1999-02-13,3,Géorgie,
top14,2020/2021,Gigi Leshkasheli,Montpellier Herault Rugby,75,2,2,0,2000-07-10,"7,8",Géorgie,
top14,2020/2021,Giorgi Beria,ASM Clermont Auvergne,283,11,1,10,1999-11-11,"1,3",France,
top14,2020/2021,Giorgi Melikidze,Stade Francais Paris,309,14,3,11,1996-05-24,3,Géorgie,
top14,2020/2021,Giorgi Tetrashvili,Agen,464,9,7,2,1993-08-31,1,Géorgie,
top14,2020/2021,Giovanni Habel-Kueffner,Section Paloise,1593,23,21,2,1995-01-09,"6,7,8",Allemagne,
top14,2020/2021,Gregory Alldritt,Stade Rochelais,854,13,11,2,1997-03-23,"6,7,8",France,
top14,2020/2021,Gregory Fichten,Montpellier Herault Rugby,810,18,11,7,1990-08-13,1,France,
top14,2020/2021,Guido Petti,Union Bordeaux-Begles,1236,17,16,1,1994-11-17,"4,6,7",Argentine,
top14,2020/2021,Guilhem Guirado,Montpellier Herault Rugby,1096,22,15,7,1986-06-17,2,France,
top14,2020/2021,Guillaume Cramont,Stade Toulousain,231,8,2,6,2000-12-29,2,France,
top14,2020/2021,Guillaume Ducat,Bayonne,973,17,15,2,1996-05-25,"4,5",France,
top14,2020/2021,Guillaume Galletier,CA Brive,630,10,7,3,1997-03-07,"12,13",France,
top14,2020/2021,Guillaume Marchand,Stade Toulousain,761,18,8,10,1998-06-05,2,France,
top14,2020/2021,Guillaume Rouet,Bayonne,999,20,12,8,1988-08-13,"6,9",Espagne,
top14,2020/2021,Guram Gogichashvili,Racing 92,599,16,5,11,1998-09-04,1,Géorgie,
top14,2020/2021,Hamza Kaabeche,Lyon,350,11,2,9,1996-09-23,"1,3",France,
top14,2020/2021,Handre Pollard,Montpellier Herault Rugby,251,4,4,0,1994-03-11,10,Afrique du Sud,
top14,2020/2021,Hans Lombard-Buret,Agen,143,5,1,4,2000-11-17,1,France,
top14,2020/2021,Hans Nkinsi,Castres Olympique,329,6,4,2,1992-09-21,"4,5",France,
top14,2020/2021,Harry Glynn,Stade Rochelais,19,1,0,1,2001-08-22,10,Angleterre,
top14,2020/2021,Hassane Kolingar,Racing 92,764,19,8,11,1998-03-06,1,France,
top14,2020/2021,Hayden Thompson-Stringer,CA Brive,1151,25,15,10,1994-12-29,"1,4",Angleterre,
top14,2020/2021,Henry Chavancy,Racing 92,1229,17,15,2,1988-05-22,"12,13,15",France,
top14,2020/2021,Henry Immelman,Montpellier Herault Rugby,476,8,7,1,1995-05-26,15,Afrique du Sud,
top14,2020/2021,Hugh Pyle,Bayonne,407,9,5,4,1988-09-21,"4,5,8",Australie,
top14,2020/2021,Hugo Bonneval,Section Paloise,428,8,5,3,1990-11-19,"11,15",France,
top14,2020/2021,Hugo Gens,Montpellier Herault Rugby,98,2,1,1,2001-03-11,7,France,
top14,2020/2021,Hugo Ndiaye,Lyon,28,2,0,2,2000-08-18,3,France,
top14,2020/2021,Hugo Verdu,Agen,584,13,5,8,1996-10-24,"9,10,13",France,
top14,2020/2021,Hugo Zabalza,Bayonne,185,8,1,7,2000-04-12,9,France,
top14,2020/2021,Ian Kitwanga,Union Bordeaux-Begles,22,1,0,1,1999-02-21,6,République Démocratique du Congo,
top14,2020/2021,Ibrahim Diallo,Racing 92,1366,21,17,4,1998-01-23,"6,7,8",France,
top14,2020/2021,Ignacio Calles,Section Paloise,576,14,8,6,1995-10-24,1,Argentine,
top14,2020/2021,Ihaia West,Stade Rochelais,1162,18,15,3,1992-01-16,10,Nouvelle Zélande,
top14,2020/2021,Irakli Tskhadadze,CA Brive,131,3,2,1,1996-08-01,6,Géorgie,
top14,2020/2021,Isaia Toeava,RC Toulon,1169,18,16,2,1986-01-15,"10,11,13,15",Samoa,
top14,2020/2021,Izack Rodda,Lyon,1642,23,22,1,1996-08-20,"4,5",Australie,
top14,2020/2021,Izaia Perese,Bayonne,222,5,3,2,1997-05-17,"11,12,13",Australie,
top14,2020/2021,Jacobus van Tonder,ASM Clermont Auvergne,688,13,7,6,1998-03-03,"5,6,7,8",Afrique du Sud,
top14,2020/2021,Jacques du Plessis,Montpellier Herault Rugby,763,12,11,1,1993-08-12,"7,8",Afrique du Sud,
top14,2020/2021,Jale Vatubua,Section Paloise,1506,21,19,2,1991-08-30,"11,12,13,14",Fidji,
top14,2020/2021,James Hall,Stade Francais Paris,1380,26,16,10,1996-01-02,9,Afrique du Sud,
top14,2020/2021,Jamie-Jerry Taulagi,Agen,524,8,6,2,1993-06-18,"11,13,14",Samoa,
top14,2020/2021,Jan Serfontein,Montpellier Herault Rugby,1026,15,15,0,1993-04-15,"12,13",Afrique du Sud,
top14,2020/2021,Jandre Marais,Union Bordeaux-Begles,1349,21,18,3,1989-06-14,"4,5",Afrique du Sud,
top14,2020/2021,Jean Monribot,Bayonne,894,18,11,7,1987-10-11,"5,6,7,8",France,
top14,2020/2021,Jean-Baptiste De Clercq,Bayonne,189,7,1,6,1994-02-23,3,Belgique,
top14,2020/2021,Jean-Baptiste Dubie,Union Bordeaux-Begles,953,19,14,5,1989-07-16,"11,12,13",France,
top14,2020/2021,Jean-Baptiste Gros,RC Toulon,752,14,12,2,1999-05-29,1,France,
top14,2020/2021,Jean-Baptiste Lachaise,Union Bordeaux-Begles,90,4,0,4,2001-04-26,"6,7,8",France,
top14,2020/2021,Jean-Marc Doussain,Lyon,1119,23,14,9,1991-02-12,"9,10",France,
top14,2020/2021,Jean-Marcellin Buttin,Agen,1356,19,17,2,1991-12-16,"10,12,15",France,
top14,2020/2021,Jean-Pascal Barraque,ASM Clermont Auvergne,967,14,13,1,1991-04-24,"12,13,15",France,
top14,2020/2021,Jefferson Poirot,Union Bordeaux-Begles,1147,20,19,1,1992-11-01,1,France,
top14,2020/2021,Jeremie Maurouard,Lyon,635,15,7,8,1992-09-23,2,France,
top14,2020/2021,Jeremy Boyadjis,RC Toulon,8,1,0,1,1990-06-18,1,France,
top14,2020/2021,Jeremy Fernandez,Castres Olympique,174,10,1,9,1997-05-15,9,France,
top14,2020/2021,Jeremy Jordaan,Agen,413,10,5,5,1991-01-06,"4,5,8",Afrique du Sud,
top14,2020/2021,Jeremy Sinzelle,Stade Rochelais,1181,16,15,1,1990-07-02,"11,12,13,15",France,
top14,2020/2021,Jerome Kaino,Stade Toulousain,645,13,8,5,1983-04-06,"4,5,6,7,8,9",Nouvelle Zélande,
top14,2020/2021,Jesse Mogg,Section Paloise,507,10,7,3,1989-06-08,"14,15",Australie,
top14,2020/2021,Jessy Jegerlehner,Agen,1205,17,16,1,1997-05-27,"6,7",France,
top14,2020/2021,Joe Ravouvou,Bayonne,1293,18,17,1,1991-03-21,"11,14",Nouvelle Zélande,
top14,2020/2021,Joe Taufete'e,Lyon,305,12,2,10,1992-10-04,"2,3",Samoa,
top14,2020/2021,Joe Tekori,Stade Toulousain,875,22,12,10,1983-12-17,"4,5",Samoa,
top14,2020/2021,Joel Everson,ASM Clermont Auvergne,64,3,0,3,1990-03-09,"4,5",Nouvelle Zélande,
top14,2020/2021,Johan Goosen,Montpellier Herault Rugby,308,5,4,1,1992-07-27,"11,13,15",Afrique du Sud,
top14,2020/2021,Johann Sadie,Agen,80,1,1,0,1989-01-23,13,Afrique du Sud,
top14,2020/2021,John Ulugia,Bayonne,741,14,12,2,1986-01-17,2,Nouvelle Zélande,
top14,2020/2021,Jonathan Danty,Stade Francais Paris,1302,20,16,4,1992-10-07,"11,12,13",France,
top14,2020/2021,Jonathan Maiau,Racing 92,14,1,1,0,2001-10-16,2,France,
top14,2020/2021,Jonathan Pelissie,Lyon,666,20,7,13,1988-06-06,"8,9",France,
top14,2020/2021,Jonathan Wisniewski,Lyon,815,16,12,4,1985-07-16,"10,15",France,
top14,2020/2021,Jordan Joseph,Racing 92,562,11,7,4,2000-07-31,"6,8",France,
top14,2020/2021,Jordan Puletua,Agen,824,12,10,2,1990-02-28,"12,13",Samoa,
top14,2020/2021,Jordan Taufua,Lyon,276,4,4,0,1992-01-29,8,Samoa,
top14,2020/2021,Joris Jurand,CA Brive,963,18,9,9,1995-11-11,"11,12,14,15",France,
top14,2020/2021,Joris Segonds,Stade Francais Paris,1812,27,23,4,1997-04-06,"10,15",France,
top14,2020/2021,Joseph Dweba,Union Bordeaux-Begles,427,14,3,11,1995-10-25,2,Afrique du Sud,
top14,2020/2021,Joshua Brennan,Stade Toulousain,32,2,0,2,2001-11-28,4,France,
top14,2020/2021,Josua Tuisova,Lyon,1320,18,17,1,1994-02-04,"8,11,13,14",Fidji,
top14,2020/2021,Juan Cruz Mallia,Stade Toulousain,455,8,4,4,1996-09-11,"10,11,13,14",Argentine,
top14,2020/2021,Juan Imhoff,Racing 92,738,11,11,0,1988-05-11,11,Argentine,
top14,2020/2021,Judicael Cancoriet,ASM Clermont Auvergne,1012,17,13,4,1996-04-25,"4,5,6,7",France,
top14,2020/2021,Jules Bertry,Montpellier Herault Rugby,187,4,3,1,2000-08-14,"12,13",France,
top14,2020/2021,Jules Danglot,Montpellier Herault Rugby,264,6,2,4,2002-08-06,9,France,
top14,2020/2021,Jules Favre,Stade Rochelais,1272,23,13,10,1999-03-22,"11,12,13,14,15",France,
top14,2020/2021,Jules Gimbert,Union Bordeaux-Begles,206,11,1,10,1998-03-02,"9,10,14",France,
top14,2020/2021,Jules Le Bail,Stade Rochelais,459,14,4,10,1992-02-09,"8,9,10",France,
top14,2020/2021,Jules Plisson,Stade Rochelais,986,20,12,8,1991-08-20,"9,10",France,
top14,2020/2021,Julian Heaven,Lyon,35,2,0,2,2000-10-10,2,Australie,
top14,2020/2021,Julien Blanc,CA Brive,1169,26,11,15,1992-10-04,"9,10,15",France,
top14,2020/2021,Julien Delannoy,Section Paloise,242,8,3,5,1995-06-15,"4,5",France,
top14,2020/2021,Julien Delbouis,Stade Francais Paris,403,10,6,4,1999-08-04,"12,13",France,
top14,2020/2021,Julien Dumora,Castres Olympique,1965,26,26,0,1988-03-24,15,France,
top14,2020/2021,Julien Fumat,Section Paloise,513,8,6,2,1987-03-26,"11,13,14",France,
top14,2020/2021,Julien Heriteau,RC Toulon,633,11,8,3,1994-09-12,"7,11,12,13",France,
top14,2020/2021,Julien Jane,Agen,763,13,9,4,1989-09-12,"11,14,15",France,
top14,2020/2021,Julien Marchand,Stade Toulousain,615,13,10,3,1995-05-10,2,France,
top14,2020/2021,Julien Ory,RC Toulon,958,23,11,12,1996-08-24,"4,5,6,7,8",France,
top14,2020/2021,Julien Tisseron,Montpellier Herault Rugby,745,11,9,2,1995-08-12,"10,11,14,15",France,
top14,2020/2021,Julius Nostadt,Castres Olympique,393,14,3,11,1992-10-12,1,Allemagne,
top14,2020/2021,Kalani Robert,RC Toulon,81,3,1,2,2001-01-27,"11,13,14",France,
top14,2020/2021,Kane Douglas,Union Bordeaux-Begles,1099,23,13,10,1989-06-01,"4,5",Australie,
top14,2020/2021,Kelian Galletier,Montpellier Herault Rugby,306,5,4,1,1992-03-18,"6,7,8",France,
top14,2020/2021,Kevin Firmin,Castres Olympique,61,2,1,1,1992-04-20,2,France,
top14,2020/2021,Kevin Gourdon,Stade Rochelais,1415,22,18,4,1990-01-23,"6,7,8",France,
top14,2020/2021,Kevin Kornath,Castres Olympique,397,11,5,6,1996-12-27,"4,5,6,7,8",France,
top14,2020/2021,Kevin Le Guen,Racing 92,782,22,6,16,1990-11-17,2,France,
top14,2020/2021,Kevin Viallard,ASM Clermont Auvergne,72,9,0,9,2000-11-27,9,France,
top14,2020/2021,Kevin Yameogo,Agen,135,5,0,5,1997-05-19,3,France,
top14,2020/2021,Killian Geraci,Lyon,951,18,11,7,1999-03-25,"4,7,8",France,
top14,2020/2021,Killian Tixeront,ASM Clermont Auvergne,16,1,0,1,2002-01-22,6,France,
top14,2020/2021,Kitione Kamikamica,CA Brive,891,16,12,4,1996-04-27,"5,6,8",Fidji,
top14,2020/2021,Konstantine Mikautadze,Bayonne,794,16,9,7,1991-07-01,"4,5",Géorgie,
top14,2020/2021,Kotaro Matsushima,ASM Clermont Auvergne,1595,22,22,0,1993-02-26,"14,15",Japon,
top14,2020/2021,Kurtley Beale,Racing 92,1391,20,19,1,1989-01-06,"12,13,15",Australie,
top14,2020/2021,Kylan Hamdaoui,Stade Francais Paris,1641,23,21,2,1994-04-15,"13,15",France,
top14,2020/2021,Lasha Tabidze,Union Bordeaux-Begles,159,7,0,7,1997-07-04,3,Géorgie,
top14,2020/2021,Laurent Delboulbes,Union Bordeaux-Begles,101,5,0,5,1986-11-17,1,France,
top14,2020/2021,Laurent Panis,Stade Francais Paris,418,16,3,13,1993-04-23,2,France,
top14,2020/2021,Lekima Tagitagivalu,Section Paloise,634,12,8,4,1995-12-04,"6,7",Fidji,
top14,2020/2021,Lekso Kaulashvili,Union Bordeaux-Begles,505,19,2,17,1992-08-27,"1,3",Géorgie,
top14,2020/2021,Leo Aouf,Stade Rochelais,384,15,2,13,1997-02-25,"1,3",France,
top14,2020/2021,Leo Barre,Stade Francais Paris,24,3,1,2,2002-08-20,"10,11,15",France,
top14,2020/2021,Leo Berdeu,Lyon,691,15,8,7,1998-06-13,"10,15",France,
top14,2020/2021,Lester Etien,Stade Francais Paris,1386,19,18,1,1995-06-21,"11,12,14",France,
top14,2020/2021,Levan Chilachava,Castres Olympique|Montpellier Herault Rugby,324,9,5,4,1991-08-17,3,Géorgie,
top14,2020/2021,Levani Botia,Stade Rochelais,843,13,12,1,1989-03-14,12,Fidji,
top14,2020/2021,Levi Douglas,RC Toulon,122,3,2,1,1995-09-01,"4,5",Angleterre,
top14,2020/2021,Loann Goujon,Lyon,639,12,7,5,1989-04-23,"4,6,7,8",France,
top14,2020/2021,Loic Godener,Stade Francais Paris,839,18,9,9,1995-08-13,"6,7,8",France,
top14,2020/2021,Loic Hocquet,Agen,545,12,6,6,1999-01-19,"6,7,8",France,
top14,2020/2021,Loic Jacquet,Castres Olympique,1500,25,17,8,1985-03-31,"1,4,5",France,
top14,2020/2021,Loni Uhila,Stade Rochelais,64,4,0,4,1989-04-07,"1,2",Tonga,
top14,2020/2021,Lopeti Timani,Stade Rochelais,251,8,2,6,1990-09-28,"5,7,8",Tonga,
top14,2020/2021,Loris Tolot,Agen,929,16,12,4,1993-03-03,"11,14,15",France,
top14,2020/2021,Loris Zarantonello,Agen,670,19,7,12,2000-11-17,2,France,
top14,2020/2021,Louis Carbonel,RC Toulon,1339,17,17,0,1999-02-04,10,France,
top14,2020/2021,Louis Dupichot,Racing 92,747,13,10,3,1995-09-23,"11,14,15",France,
top14,2020/2021,Louis Foursans-Bourdette,Montpellier Herault Rugby,269,5,4,1,2002-01-29,10,France,
top14,2020/2021,Louis Gauban,Agen,510,9,7,2,1998-06-19,"11,14",France,
top14,2020/2021,Louis Le Brun,Castres Olympique,39,1,0,1,2002-02-28,10,France,
top14,2020/2021,Louis Mauro,Montpellier Herault Rugby,26,1,0,1,2002-04-02,1,France,
top14,2020/2021,Louis Picamoles,Montpellier Herault Rugby|Union Bordeaux-Begles,657,15,8,7,1986-02-05,"5,7,8",France,
top14,2020/2021,Louis-Benoit Madaule,Stade Toulousain,853,18,7,11,1988-09-24,"4,6,7,8",France,
top14,2020/2021,Lourens Adriaanse,Section Paloise,1074,21,16,5,1988-02-05,3,Afrique du Sud,
top14,2020/2021,Luc Mousset,Bayonne,357,12,3,9,1994-04-03,3,France,
top14,2020/2021,Lucas Chaudanson,Montpellier Herault Rugby,55,2,0,2,2002-01-11,10,France,
top14,2020/2021,Lucas Da Silva,Stade Francais Paris,316,13,3,10,1997-12-19,"2,8",France,
top14,2020/2021,Lucas Dessaigne,ASM Clermont Auvergne,251,5,3,2,1999-02-27,"5,6,7",France,
top14,2020/2021,Lucas Paulos,CA Brive,526,9,7,2,1998-01-09,"4,5",Argentine,
top14,2020/2021,Lucas Pointud,Castres Olympique,31,2,0,2,1988-01-18,1,France,
top14,2020/2021,Lucas Rey,Section Paloise,1179,26,15,11,1997-04-27,2,France,
top14,2020/2021,Lucas Tauzin,Stade Toulousain,154,4,2,2,1998-05-21,"11,13,14",France,
top14,2020/2021,Luka Japaridze,CA Brive,537,14,4,10,1998-09-06,3,Géorgie,
top14,2020/2021,Luka Tchelidze,RC Toulon,173,10,0,10,2000-08-01,"1,3,11",Géorgie,
top14,2020/2021,Luke Jones,Racing 92,474,15,4,11,1991-04-02,"4,5,6,7",Australie,
top14,2020/2021,Luke Tagi,Stade Francais Paris,124,9,1,8,1997-07-23,3,Fidji,
top14,2020/2021,Luke Whitelock,Section Paloise,1674,22,22,0,1991-01-29,"6,8",Nouvelle Zélande,
top14,2020/2021,Ma'a Nonu,RC Toulon,987,15,14,1,1982-05-21,12,Nouvelle Zélande,
top14,2020/2021,Maama Vaipulu,Castres Olympique,892,21,13,8,1989-07-21,"6,7,8",Tonga,
top14,2020/2021,Mahamadou Diaby,Union Bordeaux-Begles,934,13,13,0,1990-08-15,"6,7",France,
top14,2020/2021,Maks van Dyk,Section Paloise,136,5,0,5,1992-01-21,"1,3",Afrique du Sud,
top14,2020/2021,Malcom Bertschy-Grondin,Stade Rochelais,16,1,0,1,2000-01-27,14,France,
top14,2020/2021,Malietoa Hingano,Bayonne,466,9,7,2,1992-01-27,12,Tonga,
top14,2020/2021,Malino Vanai,Agen,527,14,9,5,1993-05-04,1,France,
top14,2020/2021,Manuel Ordas,Bayonne,671,12,8,4,1998-02-21,"9,10",Espagne,
top14,2020/2021,Marc Barthomeuf,Agen,43,2,1,1,1991-07-19,2,France,
top14,2020/2021,Marc-Antoine Rallier,Castres Olympique,283,10,3,7,1988-12-02,2,France,
top14,2020/2021,Marcel van der Merwe,Stade Rochelais,89,2,1,1,1990-10-24,3,Afrique du Sud,
top14,2020/2021,Marco Tauleigne,Union Bordeaux-Begles,487,11,6,5,1993-08-30,"7,8,14",France,
top14,2020/2021,Marcos Kremer,Stade Francais Paris,923,15,12,3,1997-07-30,"4,5,6,7",Argentine,
top14,2020/2021,Mariano Galarza,Bayonne,1449,23,17,6,1986-11-12,"4,5",Argentine,
top14,2020/2021,Marius Domon,RC Toulon,14,1,0,1,2002-06-13,13,France,
top14,2020/2021,Martin Alonso Munoz,Stade Rochelais,246,8,4,4,1999-12-02,"11,14",Espagne,
top14,2020/2021,Martin Augeix,Agen,40,2,0,2,2001-09-07,"1,3",France,
top14,2020/2021,Martin Devergie,Montpellier Herault Rugby,593,13,5,8,1995-06-26,"4,5,6,7,8",France,
top14,2020/2021,Martin Laveau,Castres Olympique,122,4,1,3,1996-09-10,"13,14,15",France,
top14,2020/2021,Martin Puech,Section Paloise,754,11,10,1,1988-12-14,"6,7",France,
top14,2020/2021,Masivesi Dakuwaqa,RC Toulon,1015,19,12,7,1994-02-14,"3,6,7,11,12,13,14",Fidji,
top14,2020/2021,Mat Luamanu,Bayonne,1033,20,14,6,1988-03-04,"5,6,7,8",Samoa,
top14,2020/2021,Mathieu Babillot,Castres Olympique,1507,25,19,6,1993-09-09,"6,7,8",France,
top14,2020/2021,Mathieu Bastareaud,Lyon,526,10,9,1,1988-09-17,"6,8",France,
top14,2020/2021,Mathieu Lamoulie,Agen,495,10,7,3,1990-08-07,"10,12,13,14,15",France,
top14,2020/2021,Mathieu Tanguy,Stade Rochelais,436,10,6,4,1996-06-05,"4,5",France,
top14,2020/2021,Mathieu de Giovanni,Stade Francais Paris,1046,25,10,15,1994-01-10,"4,5,7,8",France,
top14,2020/2021,Mathis Lafon,Stade Rochelais,185,4,2,2,1999-02-28,"12,13",France,
top14,2020/2021,Matis Perchaud,Bayonne,296,9,1,8,2002-09-17,"1,3",France,
top14,2020/2021,Matt Philip,Section Paloise,912,13,12,1,1994-03-07,"4,5,6",Australie,
top14,2020/2021,Matt Tierney,Castres Olympique,418,15,2,13,1996-07-04,"1,3",Canada,
top14,2020/2021,Matteo Le Corvec,RC Toulon,12,2,0,2,2001-01-04,"6,8",France,
top14,2020/2021,Matthias Haddad,Stade Rochelais,125,4,1,3,2001-03-10,"6,7,8",France,
top14,2020/2021,Matthias Halagahu,RC Toulon,220,5,3,2,2001-08-15,"4,6,7",France,
top14,2020/2021,Matthieu Jalibert,Union Bordeaux-Begles,1253,18,16,2,1998-11-06,"10,15",France,
top14,2020/2021,Matthieu Thomas,Stade Rochelais,75,1,1,0,1999-07-23,8,France,
top14,2020/2021,Matthieu Ugena,Section Paloise,526,12,7,5,1995-07-25,"4,5,6,7",France,
top14,2020/2021,Matthieu Uhila,Montpellier Herault Rugby,31,1,0,1,2002-04-30,4,France,
top14,2020/2021,Matthieu Voisin,CA Brive,1110,22,12,10,1996-05-16,"4,5,6,7,8",France,
top14,2020/2021,Matthis Lebel,Stade Toulousain,1721,23,22,1,1999-03-25,"11,14,15",France,
top14,2020/2021,Max Spring,Racing 92,80,1,1,0,2001-03-15,15,France,
top14,2020/2021,Maxence Darthou,CA Brive,16,1,0,1,2001-03-27,14,France,
top14,2020/2021,Maxime Delonca,Bayonne,630,21,5,16,1988-04-29,2,France,
top14,2020/2021,Maxime Lafage,Bayonne,734,14,10,4,1994-09-01,"10,15",France,
top14,2020/2021,Maxime Lamothe,Union Bordeaux-Begles,815,19,8,11,1998-10-03,2,France,
top14,2020/2021,Maxime Lucu,Union Bordeaux-Begles,1464,23,19,4,1993-01-12,9,France,
top14,2020/2021,Maxime Machenaud,Racing 92,1213,24,17,7,1988-12-30,9,France,
top14,2020/2021,Maxime Marty,Stade Toulousain,280,5,4,1,1998-02-27,"10,11,14,15",France,
top14,2020/2021,Maxime Medard,Stade Toulousain,914,16,11,5,1986-11-16,"13,14,15",France,
top14,2020/2021,Mehmet Kilickaya,Montpellier Herault Rugby,37,1,0,1,2001-03-07,3,France,
top14,2020/2021,Mesake Doge,CA Brive,340,8,5,3,1993-04-01,3,Fidji,
top14,2020/2021,Michael Ruru,Bayonne,886,22,13,9,1990-12-03,"9,10",Nouvelle Zélande,
top14,2020/2021,Mickael Capelli,Montpellier Herault Rugby,411,8,8,0,1997-03-18,5,France,
top14,2020/2021,Mickael Guillard,Lyon,429,11,3,8,2000-12-10,"4,5,6,7,8",France,
top14,2020/2021,Mickael Ivaldi,Lyon,1158,23,17,6,1990-02-20,2,France,
top14,2020/2021,Mike Harris,Section Paloise,65,4,0,4,1988-07-08,"11,15",Australie,
top14,2020/2021,Mikheil Nariashvili,Montpellier Herault Rugby,417,9,6,3,1990-05-25,1,Géorgie,
top14,2020/2021,Miles Amatosero,ASM Clermont Auvergne,192,6,2,4,2002-06-15,"4,5",Australie,
top14,2020/2021,Mitch Lees,CA Brive,1336,19,19,0,1988-10-12,5,Australie,
top14,2020/2021,Mohamed Boughanmi,Section Paloise,306,7,5,2,1991-10-27,3,France,
top14,2020/2021,Mohamed Haouas,Montpellier Herault Rugby,689,13,10,3,1994-03-09,3,France,
top14,2020/2021,Morgan Parra,ASM Clermont Auvergne,1164,22,15,7,1988-11-15,9,France,
top14,2020/2021,Moses Alo-Emile,Stade Francais Paris,488,13,5,8,2000-01-15,"1,3",France,
top14,2020/2021,Nans Ducuing,Union Bordeaux-Begles,516,7,7,0,1991-11-06,15,France,
top14,2020/2021,Nathan Decron,Agen,906,14,12,2,1998-02-17,"11,12,13",France,
top14,2020/2021,Nathanael Hulleu,Union Bordeaux-Begles,644,9,7,2,2000-05-16,"6,11,14",France,
top14,2020/2021,Nico Lee,CA Brive,1215,17,17,0,1994-03-13,"12,13",Afrique du Sud,
top14,2020/2021,Nicolaas Janse van Rensburg,Montpellier Herault Rugby,1103,16,13,3,1994-05-06,"4,6,7",Afrique du Sud,
top14,2020/2021,Nicolas Corato,Section Paloise,576,20,5,15,1997-10-07,3,France,
top14,2020/2021,Nicolas Sanchez,Stade Francais Paris,398,10,5,5,1988-10-26,10,Argentine,
top14,2020/2021,Nils Guyon,Stade Rochelais,80,1,1,0,2000-02-09,11,France,
top14,2020/2021,Noa Nakaitaci,Lyon,1439,19,18,1,1990-07-11,"11,14",France,
top14,2020/2021,Noel Reid,Agen,577,9,8,1,1990-05-22,"10,12,13",Irlande,
top14,2020/2021,Nolann Le Garrec,Racing 92,399,13,4,9,2002-05-14,9,France,
top14,2020/2021,Olivier Klemenczak,Racing 92,995,15,13,2,1996-06-01,"12,13,14",France,
top14,2020/2021,Omar Odishvili,Section Paloise,32,2,0,2,1997-02-07,1,Géorgie,
top14,2020/2021,Otar Giorgadze,CA Brive,331,6,6,0,1996-03-02,"6,8",Géorgie,
top14,2020/2021,Pablo Matera,Stade Francais Paris,991,17,13,4,1993-07-18,"6,7",Argentine,
top14,2020/2021,Pablo Uberti,Union Bordeaux-Begles,1122,20,11,9,1997-10-19,"12,13,14,15",France,
top14,2020/2021,Paterika Vaivai,Agen,111,2,2,0,1992-02-14,12,Samoa,
top14,2020/2021,Patricio Fernandez,Lyon,106,2,2,0,1994-10-11,"10,12",Argentine,
top14,2020/2021,Patrick Sobela,Lyon,1104,18,17,1,1992-08-12,"7,8",France,
top14,2020/2021,Paul Abadie,Agen,1141,19,18,1,1994-07-28,9,France,
top14,2020/2021,Paul Alo-Emile,Stade Francais Paris,1644,24,23,1,1991-12-22,3,Samoa,
top14,2020/2021,Paul Boudehent,Stade Rochelais,660,11,9,2,1999-11-21,"6,7",France,
top14,2020/2021,Paul Gabrillagues,Stade Francais Paris,1456,21,21,0,1993-06-03,"4,5",France,
top14,2020/2021,Paul Jedrasiak,ASM Clermont Auvergne,1019,18,14,4,1993-02-06,"4,5",France,
top14,2020/2021,Paul Mallez,Stade Toulousain,10,1,0,1,2001-01-24,3,France,
top14,2020/2021,Paul Vallee,Montpellier Herault Rugby,135,2,1,1,2002-07-05,"12,14",France,
top14,2020/2021,Paul Willemse,Montpellier Herault Rugby,835,13,10,3,1992-11-13,"4,5",France,
top14,2020/2021,Paul-Hugo Champ,Stade Francais Paris,9,1,0,1,2001-01-31,12,France,
top14,2020/2021,Paula Ngauamo,Agen|Castres Olympique,589,18,6,12,1990-02-19,2,Tonga,
top14,2020/2021,Paulo Tafili,Stade Toulousain,339,11,3,8,1996-02-15,"1,3",France,
top14,2020/2021,Peato Mauvaka,Stade Toulousain,679,15,10,5,1997-01-10,"2,8",France,
top14,2020/2021,Peceli Yato,ASM Clermont Auvergne,1066,19,13,6,1993-01-17,"4,5,6,7,8",Fidji,
top14,2020/2021,Peet Marais,CA Brive,134,3,2,1,1990-10-31,4,Afrique du Sud,
top14,2020/2021,Peni Ravai,ASM Clermont Auvergne,980,20,16,4,1990-06-16,"1,3",Fidji,
top14,2020/2021,Peniami Narisia,CA Brive,833,20,11,9,1997-06-10,"2,7",Fidji,
top14,2020/2021,Peter Betham,ASM Clermont Auvergne,1037,17,13,4,1989-01-06,"11,12,13,14",Australie,
top14,2020/2021,Peyo Muscarditz,Bayonne,1459,21,20,1,1996-01-02,"12,13",France,
top14,2020/2021,Pierce Phillips,Agen,834,16,11,5,1992-10-06,"4,5",Angleterre,
top14,2020/2021,Pierre Aguillon,Stade Rochelais,578,13,7,6,1987-03-27,"12,13",France,
top14,2020/2021,Pierre Boudehent,Stade Rochelais,58,3,1,2,1998-02-06,"11,13,14",France,
top14,2020/2021,Pierre Bourgarit,Stade Rochelais,892,16,14,2,1997-09-12,2,France,
top14,2020/2021,Pierre Colonna,Castres Olympique,67,4,0,4,2001-06-14,2,France,
top14,2020/2021,Pierre Fouyssac,Stade Toulousain,656,11,8,3,1995-03-17,"12,13,14,15",France,
top14,2020/2021,Pierre Mignot,Union Bordeaux-Begles,185,3,3,0,1996-04-13,13,France,
top14,2020/2021,Pierre Tatre,Castres Olympique,25,1,0,1,,13,France,
top14,2020/2021,Pierre-Henri Azagoh,Stade Francais Paris,382,10,5,5,1998-07-25,"4,5,7,8",France,
top14,2020/2021,Pierre-Louis Barassi,Lyon,1154,17,15,2,1998-04-22,"12,13",France,
top14,2020/2021,Pierrick Gunther,Section Paloise,559,12,6,6,1989-10-16,"6,7",France,
top14,2020/2021,Pietro Ceccarelli,CA Brive,531,13,7,6,1992-02-16,3,Italie,
top14,2020/2021,Pita Ahki,Stade Toulousain,1443,20,18,2,1992-09-24,"12,13",Tonga,
top14,2020/2021,Quentin Bethune,Stade Francais Paris,358,8,5,3,1995-09-25,1,France,
top14,2020/2021,Quentin Lespiaucq,Section Paloise,901,25,11,14,1995-02-16,2,France,
top14,2020/2021,Rabah Slimani,ASM Clermont Auvergne,853,17,13,4,1989-10-18,"1,3",France,
top14,2020/2021,Ramiro Herrera,Stade Rochelais,234,10,2,8,1989-02-14,3,Argentine,
top14,2020/2021,Ramiro Moyano,RC Toulon,327,5,5,0,1990-05-28,"14,15",Argentine,
top14,2020/2021,Raphael Chaume,Lyon,323,8,3,5,1989-04-29,1,France,
top14,2020/2021,Raphael Lagarde,Agen,823,14,11,3,1988-10-30,"10,12",France,
top14,2020/2021,Raphael Lakafia,RC Toulon,1496,24,16,8,1988-10-28,"5,6,7,8",France,
top14,2020/2021,Raphael Sanchez,Stade Rochelais,80,1,1,0,1999-04-22,15,France,
top14,2020/2021,Raymond Rhule,Stade Rochelais,1439,20,17,3,1992-11-06,"9,11,12,13,14",Afrique du Sud,
top14,2020/2021,Reda Wardi,Stade Rochelais,1269,25,21,4,1995-08-02,1,France,
top14,2020/2021,Reinach Venter,ASM Clermont Auvergne,48,3,0,3,1995-01-03,2,Afrique du Sud,
top14,2020/2021,Remi Bourdeau,Stade Rochelais,928,16,13,3,1992-02-27,"6,7,8",France,
top14,2020/2021,Remi Lamerat,Union Bordeaux-Begles,999,15,14,1,1990-01-14,"12,15",France,
top14,2020/2021,Remi Leroux,Stade Rochelais,217,5,3,2,1998-08-04,"4,5",France,
top14,2020/2021,Remy Baget,Bayonne,523,7,7,0,1997-07-27,"11,14",France,
top14,2020/2021,Remy Grosso,Lyon,320,4,4,0,1988-12-04,11,France,
top14,2020/2021,Retief Marais,CA Brive,1392,23,18,5,1995-07-20,"4,5,6,8",Afrique du Sud,
top14,2020/2021,Richie Arnold,Stade Toulousain,832,16,11,5,1990-07-01,"4,5",Australie,
top14,2020/2021,Robert Rodgers,Montpellier Herault Rugby,101,3,1,2,2001-06-18,1,Afrique du Sud,
top14,2020/2021,Rodrigue Neti,Stade Toulousain,897,23,9,14,1995-04-26,"1,2",France,
top14,2020/2021,Romain Barthelemy,Bayonne,546,9,8,1,1990-01-25,10,France,
top14,2020/2021,Romain Briatte,Agen,1233,19,18,1,1993-02-18,"6,7,8",France,
top14,2020/2021,Romain Buros,Union Bordeaux-Begles,1722,23,23,0,1997-07-31,"14,15",France,
top14,2020/2021,Romain Macurdy,Montpellier Herault Rugby,146,2,2,0,2001-09-21,6,France,
top14,2020/2021,Romain Ntamack,Stade Toulousain,828,12,11,1,1999-05-01,"10,12",France,
top14,2020/2021,Romain Riguet,Stade Toulousain,10,1,0,1,2001-04-10,14,France,
top14,2020/2021,Romain Sazy,Stade Rochelais,1130,19,15,4,1986-10-14,"4,5",France,
top14,2020/2021,Romain Taofifenua,RC Toulon,500,10,8,2,1990-09-14,"4,5",France,
top14,2020/2021,Rory Arnold,Stade Toulousain,790,14,13,1,1990-07-01,"4,5",Australie,
top14,2020/2021,Rory Jennings,ASM Clermont Auvergne,67,5,0,5,1995-12-24,"10,12",Angleterre,
top14,2020/2021,Rory Kockott,Castres Olympique,1151,20,16,4,1986-06-25,9,France,
top14,2020/2021,Rudi Wulf,Lyon|RC Toulon,437,10,5,5,1984-02-02,"9,11,12,13,15",Samoa,
top14,2020/2021,Ryan Chapuis,Stade Francais Paris,380,8,5,3,1997-12-12,"6,7",France,
top14,2020/2021,Rynhardt Elstadt,Stade Toulousain,1338,19,19,0,1989-12-20,"6,7",Afrique du Sud,
top14,2020/2021,Ryno Pieterse,Castres Olympique,469,12,8,4,1998-08-06,"4,5",Afrique du Sud,
top14,2020/2021,Sacha Yahi,Agen,25,1,0,1,,4,France,
top14,2020/2021,Said Hireche,CA Brive,1506,20,19,1,1985-05-27,"6,7",France,
top14,2020/2021,Sam Nixon,Bayonne,1279,23,21,2,1996-08-15,3,Angleterre,
top14,2020/2021,Sam Vaka,Agen,971,17,11,6,1992-10-26,"12,13",Tonga,
top14,2020/2021,Sami Mavinga,Stade Francais Paris,355,11,3,8,1993-05-25,1,France,
top14,2020/2021,Samuel Ezeala,ASM Clermont Auvergne,53,1,1,0,1999-12-11,11,Espagne,
top14,2020/2021,Samuel Lagrange,Stade Rochelais,407,17,3,14,1997-01-23,2,France,
top14,2020/2021,Samuel Marques,Section Paloise,372,11,4,7,1988-12-08,"9,10",Portugal,
top14,2020/2021,Samuel Maximin,Montpellier Herault Rugby,122,2,2,0,2001-04-30,"6,7",France,
top14,2020/2021,Samuel Nollet,Agen,402,6,6,0,2001-08-02,"6,8",France,
top14,2020/2021,Santiago Arata,Castres Olympique,762,19,9,10,1996-09-02,"6,9",Uruguay,
top14,2020/2021,Santiago Chocobares,Stade Toulousain,480,6,6,0,1999-03-31,"12,13",Argentine,
top14,2020/2021,Santiago Cordero,Union Bordeaux-Begles,810,11,11,0,1993-12-06,"11,14",Argentine,
top14,2020/2021,Scott Higginbotham,Union Bordeaux-Begles,1070,19,15,4,1986-09-05,"6,7,8",Australie,
top14,2020/2021,Sean Robinson,Bayonne,187,5,1,4,1993-11-02,"11,12,13,14",Afrique du Sud,
top14,2020/2021,Sebastien Bezy,ASM Clermont Auvergne,1136,21,14,7,1991-11-22,"9,10",France,
top14,2020/2021,Sebastien Taofifenua,RC Toulon,767,19,8,11,1992-03-21,"1,3",France,
top14,2020/2021,Sebastien Vahaamahina,ASM Clermont Auvergne,1326,20,18,2,1991-10-21,"4,5,6,7",France,
top14,2020/2021,Sefa Naivalu,Stade Francais Paris,1288,18,17,1,1992-01-07,"11,13,14,15",Fidji,
top14,2020/2021,Sekou Macalou,Stade Francais Paris,1007,14,13,1,1995-04-20,"7,8",France,
top14,2020/2021,Selevasio Tolofua,Stade Toulousain,1112,20,14,6,1997-05-31,"6,7,8",France,
top14,2020/2021,Sergio Parisse,RC Toulon,994,14,14,0,1983-09-12,8,Italie,
top14,2020/2021,Seta Tamanivalu,Union Bordeaux-Begles,118,4,1,3,1992-01-23,"12,14",Fidji,
top14,2020/2021,Setareki Bituniyata,CA Brive,893,14,13,1,1995-08-12,"11,14",Fidji,
top14,2020/2021,Setariki Tuicuvu,CA Brive,879,13,12,1,1995-09-07,"11,14,15",Fidji,
top14,2020/2021,Sevanaia Galala,CA Brive,582,14,6,8,1993-01-29,"12,13,14,15",Fidji,
top14,2020/2021,Siegfried Fisi'ihoi,Section Paloise,1057,21,15,6,1987-06-08,1,Tonga,
top14,2020/2021,Simon Desaubies,Union Bordeaux-Begles,161,3,1,2,1999-11-30,"10,14,15",France,
top14,2020/2021,Simon Moretti,RC Toulon,267,6,2,4,2000-04-19,"13,14,15",France,
top14,2020/2021,Simon Renda,Stade Toulousain,161,3,0,3,2000-06-07,"11,13",France,
top14,2020/2021,Simon Zebo,Racing 92,1109,16,12,4,1990-03-16,"11,15",Irlande,
top14,2020/2021,Simon-Pierre Chauvac,CA Brive,653,17,8,9,1998-03-23,1,France,
top14,2020/2021,Sipili Falatea,ASM Clermont Auvergne,673,18,9,9,1997-06-06,3,France,
top14,2020/2021,Sitaleki Timani,ASM Clermont Auvergne,795,15,9,6,1986-09-19,"4,5",Tonga,
top14,2020/2021,So'otala Fa'aso'o,CA Brive,834,17,9,8,1994-10-02,"4,5,6,8",Samoa,
top14,2020/2021,Sofiane Guitoune,Stade Toulousain,998,15,13,2,1989-03-27,"11,13",France,
top14,2020/2021,Sonatane Takulua,RC Toulon,756,18,8,10,1991-01-11,"9,10",Tonga,
top14,2020/2021,Sosefo Tapu Falatea,Agen,628,16,3,13,1988-12-12,"1,3",France,
top14,2020/2021,Soso Bekoshvili,CA Brive,559,14,8,6,1993-11-03,3,Géorgie,
top14,2020/2021,Soulemane Camara,Stade Francais Paris,5,1,0,1,1999-04-04,1,France,
top14,2020/2021,Stan South,CA Brive,18,1,0,1,1996-07-24,4,Angleterre,
top14,2020/2021,Steevy Cerqueira,CA Brive,191,5,1,4,1993-08-09,"4,5,8",Portugal,
top14,2020/2021,Stephane Clement,Stade Francais Paris,66,2,1,1,1987-09-03,1,France,
top14,2020/2021,Stephane Onambele,Castres Olympique,97,2,1,1,1993-02-12,"7,8",France,
top14,2020/2021,Steven Cummins,Section Paloise,680,9,9,0,1992-03-29,"4,5",Australie,
top14,2020/2021,Stuart Olding,CA Brive,357,7,5,2,1993-03-11,"10,12",Irlande,
top14,2020/2021,Swan Cormenier,Bayonne,479,14,5,9,1996-01-18,"1,3",France,
top14,2020/2021,Swan Rebbadj,RC Toulon,1381,18,17,1,1995-01-15,"4,5,6,7",France,
top14,2020/2021,Talalelei Gray,Stade Francais Paris,542,11,6,5,1990-02-28,"6,7,8",Samoa,
top14,2020/2021,Tani Vili,ASM Clermont Auvergne,322,11,3,8,2000-10-31,"12,13,14,15",France,
top14,2020/2021,Tavite Veredamu,ASM Clermont Auvergne,159,4,2,2,1989-09-01,"6,7,8",France,
top14,2020/2021,Tawera Kerr-Barlow,Stade Rochelais,1293,21,18,3,1990-08-15,9,Nouvelle Zélande,
top14,2020/2021,Teddy Baubigny,Racing 92,964,22,16,6,1998-09-02,2,France,
top14,2020/2021,Teddy Iribaren,Racing 92,603,16,7,9,1990-09-25,9,France,
top14,2020/2021,Teddy Thomas,Racing 92,790,10,10,0,1993-09-18,14,France,
top14,2020/2021,Tedo Abzhandadze,CA Brive,349,9,3,6,1999-06-13,"10,14,15",Géorgie,
top14,2020/2021,Telusa Veainu,Stade Francais Paris,1583,23,20,3,1990-12-26,"11,14,15",Tonga,
top14,2020/2021,Temo Mayanavanua,Lyon,436,11,5,6,1997-11-09,"4,5,6",Fidji,
top14,2020/2021,Teo Bordenave,Section Paloise,36,3,0,3,2001-08-10,1,France,
top14,2020/2021,Tevita Railevu,Agen,903,12,12,0,1997-05-09,"11,14",Fidji,
top14,2020/2021,Tevita Tatafu,Bayonne,71,4,0,4,2002-10-13,3,France,
top14,2020/2021,Theo Costosseque,Bayonne|Racing 92,518,16,4,12,2000-04-26,"10,12,13,14",France,
top14,2020/2021,Theo Dachary,RC Toulon,336,10,3,7,1997-03-26,"9,11,12,13,14,15",France,
top14,2020/2021,Theo Idjellidaine,Stade Toulousain,78,3,1,2,2001-03-15,9,France,
top14,2020/2021,Theo Layglon,Montpellier Herault Rugby,16,1,0,1,2001-02-14,11,France,
top14,2020/2021,Theo William,Lyon,374,7,4,3,2000-07-04,"6,7,8",France,
top14,2020/2021,Thibaud Flament,Stade Toulousain,497,9,6,3,1997-04-29,"4,5,7,8",France,
top14,2020/2021,Thibaud Lanen,ASM Clermont Auvergne,518,12,6,6,1998-04-01,"4,5,6,7,8",France,
top14,2020/2021,Thibault Daubagna,Section Paloise,974,22,13,9,1994-05-20,9,France,
top14,2020/2021,Thibault Debaes,Section Paloise,302,9,4,5,2001-11-30,"10,15",France,
top14,2020/2021,Thibault Salodini,Montpellier Herault Rugby,19,2,0,2,2002-06-11,"6,12",France,
top14,2020/2021,Thibaut Regard,Lyon,1247,20,15,5,1993-08-06,"12,13,15",France,
top14,2020/2021,Thierry Paiva,Union Bordeaux-Begles,546,15,6,9,1995-11-19,1,France,
top14,2020/2021,Thomas Acquier,CA Brive,558,13,8,5,1989-11-21,2,France,
top14,2020/2021,Thomas Berjon,Stade Rochelais,554,17,7,10,1998-04-12,"9,15",France,
top14,2020/2021,Thomas Combezou,Castres Olympique,1886,25,25,0,1987-01-26,13,France,
top14,2020/2021,Thomas Darmon,Montpellier Herault Rugby,419,9,6,3,1998-05-12,"10,12,13",France,
top14,2020/2021,Thomas Dolhagaray,Bayonne,7,1,0,1,2000-05-21,11,France,
top14,2020/2021,Thomas Fortunel,Castres Olympique,150,2,2,0,1995-06-07,10,France,
top14,2020/2021,Thomas Hoarau,RC Toulon,210,7,1,6,1995-06-01,"5,6,7,8",France,
top14,2020/2021,Thomas Jolmes,RC Toulon|Union Bordeaux-Begles,449,20,3,17,1995-10-08,"4,5,6",France,
top14,2020/2021,Thomas Laranjeira,CA Brive,895,16,14,2,1992-05-05,"10,15",France,
top14,2020/2021,Thomas Lavault,Stade Rochelais,1007,22,11,11,1999-05-03,"4,5,6,7",France,
top14,2020/2021,Thomas Ployet,Stade Rochelais,70,1,1,0,2001-12-12,4,France,
top14,2020/2021,Thomas Ramos,Stade Toulousain,1066,17,13,4,1995-07-23,"10,15",France,
top14,2020/2021,Thomas Roziere,ASM Clermont Auvergne,80,1,1,0,2000-04-13,11,France,
top14,2020/2021,Tim Nanai-Williams,ASM Clermont Auvergne,889,19,11,8,1989-06-12,"10,11,12,13,14,15",Samoa,
top14,2020/2021,Timilai Rokoduru,Agen,543,14,6,8,1993-01-21,"6,7,8,11,12,14",Fidji,
top14,2020/2021,Titi Lamositele,Montpellier Herault Rugby,804,22,9,13,1995-02-11,"1,3",Samoa,
top14,2020/2021,Toby Arnold,Lyon,1685,22,21,1,1987-09-11,"14,15",Nouvelle Zélande,
top14,2020/2021,Tolu Latu,Stade Francais Paris,1442,24,21,3,1993-02-23,2,Tonga,
top14,2020/2021,Tom Darlet,Bayonne,222,3,3,0,1996-08-06,"6,7",France,
top14,2020/2021,Tom Staniforth,Castres Olympique,669,10,10,0,1994-08-13,5,Australie,
top14,2020/2021,Toma Taufa,Bayonne|Montpellier Herault Rugby,146,4,1,3,1995-03-09,3,Tonga,
top14,2020/2021,Torsten van Jaarsveld,Bayonne,727,17,9,8,1987-06-30,2,Namibie,
top14,2020/2021,Tristan Tedder,Stade Toulousain,134,3,2,1,1996-04-17,"10,15",Afrique du Sud,
top14,2020/2021,Tudor Stroe,Castres Olympique,69,2,1,1,1993-09-06,1,France,
top14,2020/2021,Tumua Manu,Section Paloise,1051,15,13,2,1993-04-18,"12,13,14",Samoa,
top14,2020/2021,Tyler Ardron,Castres Olympique,1069,19,15,4,1991-06-16,"4,6,7,8",Canada,
top14,2020/2021,Tyler Duguid,Montpellier Herault Rugby,346,6,6,0,2000-10-17,"4,5",Canada,
top14,2020/2021,Tyren Kroos,Agen,67,2,1,1,2000-02-14,12,Pays-Bas,
top14,2020/2021,Ugo Boniface,Bayonne,780,15,13,2,1998-07-21,1,France,
top14,2020/2021,Uini Atonio,Stade Rochelais,1045,18,17,1,1990-03-26,3,France,
top14,2020/2021,Ulupano Seuteni,Union Bordeaux-Begles,814,18,12,6,1993-12-09,"10,12,13,14",Samoa,
top14,2020/2021,Vadim Cobilas,Union Bordeaux-Begles,906,21,15,6,1983-07-30,3,France,
top14,2020/2021,Valentin Saurs,Agen,646,10,8,2,1995-02-12,"11,14,15",France,
top14,2020/2021,Valentin Tirefort,CA Brive,513,7,7,0,1998-07-01,"11,14",France,
top14,2020/2021,Vano Karkadze,CA Brive,50,1,1,0,2000-06-25,2,Géorgie,
top14,2020/2021,Vasil Kakovin,Stade Francais Paris,898,20,12,8,1989-12-01,1,Géorgie,
top14,2020/2021,Vasil Lobzhanidze,CA Brive,798,17,13,4,1996-10-14,"9,10",Géorgie,
top14,2020/2021,Victor Lebas,CA Brive,804,17,9,8,1993-06-09,"4,5",France,
top14,2020/2021,Victor Moreaux,Agen,594,13,10,3,1993-09-19,"4,5",France,
top14,2020/2021,Victor Olivier,Stade Rochelais,72,1,1,0,2001-08-31,13,France,
top14,2020/2021,Victor Vito,Stade Rochelais,762,12,9,3,1987-03-27,"4,8",Nouvelle Zélande,
top14,2020/2021,Viliamu Afatia,Bayonne,244,9,2,7,1990-05-24,"1,3",Samoa,
top14,2020/2021,Vilimoni Botitu,Castres Olympique,905,14,11,3,1998-06-15,"11,12",Fidji,
top14,2020/2021,Vincent Farre,Agen,422,8,6,2,1990-06-06,"4,6,7,8",France,
top14,2020/2021,Vincent Giudicelli,Montpellier Herault Rugby,146,4,2,2,1997-06-25,2,France,
top14,2020/2021,Vincent Martin,Montpellier Herault Rugby,872,15,9,6,1992-09-04,"10,11,12,14,15",France,
top14,2020/2021,Vincent Pelo,Bayonne,322,8,5,3,1988-04-22,1,France,
top14,2020/2021,Vincent Pinto,Section Paloise,459,8,7,1,1999-04-10,"11,14",Portugal,
top14,2020/2021,Vincent Rattez,Montpellier Herault Rugby,1319,19,17,2,1992-03-24,"11,14,15",France,
top14,2020/2021,Virimi Vakatawa,Racing 92,827,13,13,0,1992-05-01,13,France,
top14,2020/2021,Vivien Devisme,Lyon,451,13,4,9,1992-03-23,"1,3",France,
top14,2020/2021,Waisea Nayacalevu,Stade Francais Paris,1208,18,15,3,1990-06-26,"12,13,14",Fidji,
top14,2020/2021,Walter Desmaison,Agen,642,16,7,9,1991-10-18,"1,3",France,
top14,2020/2021,Watisoni Votu,Section Paloise,759,12,9,3,1985-03-25,"11,14",Fidji,
top14,2020/2021,Wayan De Benedittis,Castres Olympique,245,9,1,8,1999-03-10,1,France,
top14,2020/2021,Wenceslas Lauret,Racing 92,1261,17,15,2,1989-03-28,"6,8",France,
top14,2020/2021,Wesley Douglas,CA Brive,495,11,6,5,1996-11-28,"11,12,13,14,15",Angleterre,
top14,2020/2021,Wesley Fofana,ASM Clermont Auvergne,494,9,6,3,1988-01-20,"4,12",France,
top14,2020/2021,Wesley Tapueluelu,CA Brive,77,2,1,1,1999-12-03,1,Tonga,
top14,2020/2021,Wiaan Liebenberg,Stade Rochelais,1168,17,16,1,1992-08-31,"6,7",Afrique du Sud,
top14,2020/2021,Wilfrid Hounkpatin,Castres Olympique,1381,24,22,2,1991-07-29,3,France,
top14,2020/2021,Will Percillier,Stade Francais Paris,19,3,0,3,1999-01-30,9,France,
top14,2020/2021,Will Skelton,Stade Rochelais,1315,20,18,2,1992-05-03,5,Australie,
top14,2020/2021,Xavier Chiocci,Lyon,1034,23,17,6,1990-02-13,"1,3",France,
top14,2020/2021,Xavier Mignot,Lyon,686,14,9,5,1994-01-27,"11,14,15",France,
top14,2020/2021,Yacouba Camara,Montpellier Herault Rugby,1276,19,18,1,1994-06-02,"4,6,7",France,
top14,2020/2021,Yan Lestrade,Bayonne,1285,19,16,3,1997-03-21,"10,12",France,
top14,2020/2021,Yann David,Castres Olympique,363,8,5,3,1988-04-15,"12,13",France,
top14,2020/2021,Yann Lesgourgues,Union Bordeaux-Begles,642,19,8,11,1991-01-17,9,France,
top14,2020/2021,Yannick Arroyo,Montpellier Herault Rugby,201,8,1,7,1998-12-18,"1,3",France,
top14,2020/2021,Yannick Youyoutte,Stade Toulousain,384,10,3,7,1999-08-30,"4,6,7,12",France,
top14,2020/2021,Yoan Cottin,Agen,567,17,6,11,1998-01-31,"9,15",France,
top14,2020/2021,Yoan Tanga,Racing 92,1122,19,15,4,1996-11-29,"6,7,8",France,
top14,2020/2021,Yoann Huget,Stade Toulousain,980,14,14,0,1987-06-02,14,France,
top14,2020/2021,Yoann Maestri,Stade Francais Paris,1132,20,14,6,1988-01-14,"4,5,6",France,
top14,2020/2021,Yohan Beheregaray,ASM Clermont Auvergne,99,5,1,4,1996-05-29,2,France,
top14,2020/2021,Yoram Moefana,Union Bordeaux-Begles,713,14,6,8,2000-07-18,"11,12,13,14,15",France,
top14,2020/2021,Youri Delhommel,Montpellier Herault Rugby,488,13,6,7,1996-03-06,2,France,
top14,2020/2021,Yvan Reilhac,Montpellier Herault Rugby,1175,21,14,7,1995-06-09,"10,11,13,14,15",France,
top14,2020/2021,Zack Holmes,Stade Toulousain,1391,21,18,3,1990-05-30,"10,12,13,15",Australie,
top14,2020/2021,Zakaria El Fakir,Agen|Union Bordeaux-Begles,200,4,3,1,1997-01-29,1,France,
top14,2020/2021,Zeno Kieft,Stade Rochelais,527,12,6,6,1991-02-02,"6,7,8",Pays-Bas,
top14,2021/2022,Adrea Cocagi,Castres Olympique,1509,26,17,9,1994-03-01,"10,12,13",Fidji,
top14,2021/2022,Adrien Lapegue-Lafaye,Stade Francais Paris,844,12,10,2,1998-10-21,"11,12,14",France,
top14,2021/2022,Adrien Pelissie,ASM Clermont Auvergne,226,6,4,2,1990-08-07,2,France,
top14,2021/2022,Adrien Warion,RC Toulon,154,7,0,7,2001-01-07,"4,5",France,
top14,2021/2022,Afusipa Taumoepeau,USAP,1600,20,20,0,1990-01-26,"12,13",Tonga,
top14,2021/2022,Akato Fakatika,USAP,76,3,0,3,2001-01-31,3,France,
top14,2021/2022,Alan Brazo,USAP,757,16,8,8,1992-05-21,"6,7,8,9",France,
top14,2021/2022,Alban Placines,Stade Toulousain,1079,19,15,4,1993-04-23,"6,7,8",France,
top14,2021/2022,Alban Roussel,Union Bordeaux-Begles,440,12,5,7,1998-09-11,"4,5,7,8",France,
top14,2021/2022,Alex Arrate,Stade Francais Paris,1102,18,16,2,1997-06-24,"12,13,15",France,
top14,2021/2022,Alexandre Becognee,Montpellier Herault Rugby,1621,24,20,4,1996-09-03,"6,7,8",France,
top14,2021/2022,Alexandre Dumoulin,Section Paloise,100,3,1,2,1989-08-24,"10,12",France,
top14,2021/2022,Alexandre Fischer,ASM Clermont Auvergne,620,12,10,2,1998-01-19,"7,8",France,
top14,2021/2022,Alexandre Nicoue,Biarritz Olympique,101,3,1,2,1997-02-01,"11,14,15",France,
top14,2021/2022,Alexandre Perez,USAP,83,3,0,3,2002-07-17,"10,11",France,
top14,2021/2022,Alexandre Roumat,Union Bordeaux-Begles,1152,20,13,7,1997-06-27,"5,6,7,8",France,
top14,2021/2022,Alexi Bales,Stade Toulousain,291,10,3,7,1990-05-30,"9,10",France,
top14,2021/2022,Alexis Levron,Section Paloise,152,4,1,3,2000-11-02,9,France,
top14,2021/2022,Alfred Parisien,Lyon,166,3,3,0,2001-03-04,"12,13",France,
top14,2021/2022,Ali Oz,Racing 92,506,11,9,2,1995-05-28,3,France,
top14,2021/2022,Alivereti Duguivalu,USAP,1016,18,13,5,1997-07-21,"11,12,13,14",Fidji,
top14,2021/2022,Alivereti Raka,ASM Clermont Auvergne,1056,15,14,1,1994-12-09,"11,14",France,
top14,2021/2022,Aminiasi Tuimaba,Section Paloise,1298,17,17,0,1995-03-26,"11,14",Fidji,
top14,2021/2022,Andrei Mahu,USAP,1047,19,15,4,1991-09-03,"4,5",Roumanie,
top14,2021/2022,Andres Zafra,CA Brive,824,17,10,7,1996-03-26,"4,5,6",Colombie,
top14,2021/2022,Andrew Cramond,Biarritz Olympique,340,5,4,1,1994-04-15,"4,5,6",Ecosse,
top14,2021/2022,Anthime Hemery,Racing 92,690,15,8,7,2001-01-09,"4,5,6,7,8",France,
top14,2021/2022,Anthony Belleau,RC Toulon,948,20,11,9,1996-04-08,"10,12",France,
top14,2021/2022,Anthony Bouthier,Montpellier Herault Rugby,1845,26,23,3,1992-06-19,"10,12,15",France,
top14,2021/2022,Anthony Etrillard,RC Toulon,792,18,12,6,1993-03-21,2,France,
top14,2021/2022,Anthony Jelonch,Stade Toulousain,1056,16,14,2,1996-07-28,"6,7,8",France,
top14,2021/2022,Antoine Burban,Stade Francais Paris,630,15,10,5,1987-07-22,"6,7,8",France,
top14,2021/2022,Antoine Dupont,Stade Toulousain,1099,17,14,3,1996-11-15,"9,10",France,
top14,2021/2022,Antoine Erbani,Biarritz Olympique,176,9,2,7,1990-02-07,"4,5,6,7,8",France,
top14,2021/2022,Antoine Gibert,Racing 92,1031,24,12,12,1997-12-31,"9,10,13",France,
top14,2021/2022,Antoine Guillamon,Castres Olympique,154,5,3,2,1991-06-04,3,France,
top14,2021/2022,Antoine Hastoy,Section Paloise,1659,23,20,3,1997-06-04,"10,12,15",France,
top14,2021/2022,Antoine Miquel,Stade Toulousain,838,17,11,6,1994-06-20,"4,5,8,9",France,
top14,2021/2022,Antoine Tichit,Castres Olympique,532,12,9,3,1989-06-13,1,France,
top14,2021/2022,Antoine Zeghdar,Castres Olympique,763,18,7,11,1999-05-22,"11,13,14,15",France,
top14,2021/2022,Anton Bresler,Racing 92,520,12,5,7,1988-02-16,"4,5,7,8",Namibie,
top14,2021/2022,Apisai Naqalevu,ASM Clermont Auvergne,436,7,7,0,1989-08-21,12,Fidji,
top14,2021/2022,Arthur Bonneval,Stade Toulousain,544,8,7,1,1995-05-31,"11,14",France,
top14,2021/2022,Arthur Coville,Stade Francais Paris,1157,26,13,13,1998-02-04,9,France,
top14,2021/2022,Arthur Iturria,ASM Clermont Auvergne,992,14,13,1,1994-05-13,"4,6,8",France,
top14,2021/2022,Arthur Joly,USAP,548,12,7,5,1988-02-20,3,France,
top14,2021/2022,Arthur Retiere,Stade Rochelais,558,10,7,3,1997-08-01,"9,11,14",France,
top14,2021/2022,Arthur Vincent,Montpellier Herault Rugby,434,7,6,1,1999-09-30,"12,13,14",France,
top14,2021/2022,Aston Vaiotu,Racing 92,4,1,0,1,2002-06-04,5,Nouvelle Zélande,
top14,2021/2022,Atila Septar,RC Toulon,641,12,9,3,1996-06-02,"11,12,13,14,15",France,
top14,2021/2022,Aubin Eymeri,Montpellier Herault Rugby,80,4,0,4,2002-05-21,9,France,
top14,2021/2022,Auguste Cadot,Biarritz Olympique,74,1,1,0,2001-07-28,12,France,
top14,2021/2022,Axel Bevia,Montpellier Herault Rugby,21,1,0,1,2002-05-04,15,France,
top14,2021/2022,Axel Muller,CA Brive,1328,19,16,3,1993-11-25,"11,15",Argentine,
top14,2021/2022,Aymeric Luc,RC Toulon,1751,25,22,3,1997-10-14,"11,14,15",France,
top14,2021/2022,Baptiste Chouzenoux,Racing 92,1043,16,12,4,1993-08-07,"5,6,7,8",France,
top14,2021/2022,Baptiste Couilloud,Lyon,905,16,12,4,1997-07-22,9,France,
top14,2021/2022,Baptiste Delaporte,Castres Olympique,947,20,8,12,1997-03-25,"6,7,8",France,
top14,2021/2022,Baptiste Erdocio,Biarritz Olympique,553,18,6,12,2000-03-13,"1,3",France,
top14,2021/2022,Baptiste Fariscot,Biarritz Olympique,104,2,1,1,2001-11-15,"11,14",France,
top14,2021/2022,Baptiste Germain,Stade Toulousain,642,15,8,7,2000-11-21,"9,10,13",France,
top14,2021/2022,Baptiste Jauneau,ASM Clermont Auvergne,11,1,0,1,2003-11-17,9,France,
top14,2021/2022,Baptiste Pesenti,Racing 92,591,11,7,4,1997-07-03,"4,5",France,
top14,2021/2022,Baptiste Plana,USAP,71,2,1,1,1999-10-12,"13,14",France,
top14,2021/2022,Baptiste Serin,RC Toulon,1045,16,14,2,1994-06-20,9,France,
top14,2021/2022,Barnabe Couilloud,Biarritz Olympique,876,17,13,4,1999-02-20,9,France,
top14,2021/2022,Bastien Chalureau,Montpellier Herault Rugby,1141,20,16,4,1992-02-13,"4,5,6,8",France,
top14,2021/2022,Bastien Pourailly,ASM Clermont Auvergne,311,5,4,1,1994-01-31,"11,14",France,
top14,2021/2022,Bastien Soury,Biarritz Olympique|RC Toulon,883,17,13,4,1995-03-18,2,France,
top14,2021/2022,Bastien Vergnes-Taillefer,Union Bordeaux-Begles,964,19,10,9,1997-06-13,"6,7,8",France,
top14,2021/2022,Bautista Delguy,USAP,1042,15,12,3,1997-04-22,"11,14,15",Argentine,
top14,2021/2022,Beka Gigashvili,RC Toulon,1106,18,17,1,1992-02-17,"1,2,3",Géorgie,
top14,2021/2022,Beka Gorgadze,Section Paloise,1341,21,17,4,1996-02-08,"4,6,7,8,9",Géorgie,
top14,2021/2022,Beka Saginadze,Lyon,748,13,9,4,1998-10-29,"5,6,7",Géorgie,
top14,2021/2022,Ben Botica,Castres Olympique,629,9,8,1,1989-10-07,10,Nouvelle Zélande,
top14,2021/2022,Ben Lam,Union Bordeaux-Begles,1493,19,19,0,1991-06-09,11,Samoa,
top14,2021/2022,Ben Tameifuna,Union Bordeaux-Begles,1002,24,10,14,1991-08-30,3,Tonga,
top14,2021/2022,Ben Volavola,Racing 92,660,14,8,6,1991-01-13,"10,12,15",Fidji,
top14,2021/2022,Benjamin Boudou,ASM Clermont Auvergne,78,8,0,8,2002-06-07,2,France,
top14,2021/2022,Benjamin Urdapilleta,Castres Olympique,1522,21,20,1,1986-03-11,10,Argentine,
top14,2021/2022,Benoit Paillaugue,Montpellier Herault Rugby,418,7,7,0,1987-11-17,"9,10",France,
top14,2021/2022,Bernard Le Roux,Racing 92,1174,19,19,0,1989-06-04,"4,5,7",France,
top14,2021/2022,Boris Palu,Racing 92,1123,19,13,6,1996-02-04,"4,5",France,
top14,2021/2022,Brandon Paenga-Amosa,Montpellier Herault Rugby,606,13,6,7,1995-12-25,2,Australie,
top14,2021/2022,Brendan Lebrun,Castres Olympique,233,9,2,7,1998-01-22,2,France,
top14,2021/2022,Brett Herron,Biarritz Olympique,1033,19,14,5,1995-11-13,"10,14",Angleterre,
top14,2021/2022,Brian Alainu'uese,RC Toulon,1153,20,14,6,1994-03-19,"4,5,7",Samoa,
top14,2021/2022,Brice Dulin,Stade Rochelais,1248,18,17,1,1990-04-13,15,France,
top14,2021/2022,Brice Humbert,Castres Olympique,63,4,0,4,1996-08-27,2,France,
top14,2021/2022,Brieuc Plessis-Couillaud,Biarritz Olympique,460,8,6,2,1994-03-19,"12,13,15",France,
top14,2021/2022,Bruce Devaux,RC Toulon,669,17,7,10,1996-11-14,1,France,
top14,2021/2022,Cameron Woki,Union Bordeaux-Begles,1196,18,15,3,1998-11-07,"4,6,7,8",France,
top14,2021/2022,Camille Chat,Racing 92,910,19,15,4,1995-12-18,2,France,
top14,2021/2022,Camille Lopez,ASM Clermont Auvergne,1253,19,16,3,1989-04-03,"10,15",France,
top14,2021/2022,Cedate Gomes Sa,Racing 92,597,16,7,9,1993-08-07,"2,3",France,
top14,2021/2022,Charles Ollivon,RC Toulon,386,6,5,1,1993-05-11,"6,7",France,
top14,2021/2022,Charlie Faumuina,Stade Toulousain,773,18,13,5,1986-12-24,3,Nouvelle Zélande,
top14,2021/2022,Charlie Francoz,Stade Francais Paris,230,5,3,2,1998-06-03,"5,6,8",France,
top14,2021/2022,Charlie Ngatai,Lyon,993,15,15,0,1990-08-17,12,Nouvelle Zélande,
top14,2021/2022,Cheikh Tiberghien,ASM Clermont Auvergne,1280,20,15,5,2000-01-08,"11,13,14,15",France,
top14,2021/2022,Cheslin Kolbe,RC Toulon,794,10,10,0,1993-10-28,"11,14,15",Afrique du Sud,
top14,2021/2022,Christopher Tolofua,RC Toulon,719,13,10,3,1993-12-31,2,France,
top14,2021/2022,Clement Castets,Stade Francais Paris,296,8,2,6,1996-05-05,1,France,
top14,2021/2022,Clement Darbo,Biarritz Olympique,66,2,0,2,1986-01-13,9,France,
top14,2021/2022,Clement Lanen,ASM Clermont Auvergne,177,6,2,4,1998-04-01,"6,7,8",France,
top14,2021/2022,Clement Laporte,Lyon,717,11,9,2,1998-01-07,"14,15",France,
top14,2021/2022,Clement Maynadier,Union Bordeaux-Begles,858,23,11,12,1988-10-11,2,France,
top14,2021/2022,Clement Renaud,Biarritz Olympique,142,7,1,6,2000-01-03,2,France,
top14,2021/2022,Clovis Le Bail,Section Paloise,1194,25,16,9,1995-11-29,9,France,
top14,2021/2022,Cobus Reinach,Montpellier Herault Rugby,858,14,14,0,1990-02-07,9,Afrique du Sud,
top14,2021/2022,Cody Thomas,CA Brive,55,1,1,0,1996-03-01,3,Afrique du Sud,
top14,2021/2022,Colby Fainga'a,Lyon,1084,18,14,4,1991-03-31,"5,6,7,8",Australie,
top14,2021/2022,Conor Carey,USAP,78,2,1,1,1991-09-26,3,Irlande,
top14,2021/2022,Cornell du Preez,RC Toulon,1221,22,13,9,1991-03-23,"5,6,7,8",Ecosse,
top14,2021/2022,Cristian Ojovan,ASM Clermont Auvergne,941,22,13,9,1997-01-04,3,Moldavie,
top14,2021/2022,Cyril Baille,Stade Toulousain,856,18,13,5,1993-09-15,1,France,
top14,2021/2022,Cyril Cazeaux,Union Bordeaux-Begles,241,5,4,1,1995-02-10,5,France,
top14,2021/2022,Damian Penaud,ASM Clermont Auvergne,1051,14,13,1,1996-09-25,"12,13,14",France,
top14,2021/2022,Damien Chouly,USAP,1096,20,15,5,1985-11-27,"6,7,8",France,
top14,2021/2022,Daniel Bibi Biziwu,ASM Clermont Auvergne,286,9,3,6,2001-08-29,1,France,
top14,2021/2022,Daniel Brennan,CA Brive,534,18,5,13,1998-09-23,1,Irlande,
top14,2021/2022,Daniel Ikpefan,Section Paloise,636,9,9,0,1993-10-18,"11,14",France,
top14,2021/2022,Daniel Ramsay,Section Paloise,488,11,6,5,1984-06-01,"4,5",Nouvelle Zélande,
top14,2021/2022,Dany Priso,Stade Rochelais,1079,23,15,8,1994-01-02,1,France,
top14,2021/2022,Darly Domvo,Biarritz Olympique,620,11,8,3,1992-04-03,"11,14,15",France,
top14,2021/2022,Dave O'Callaghan,Biarritz Olympique,1024,15,13,2,1990-01-12,"5,6,7,8",Irlande,
top14,2021/2022,David Ainu'u,Stade Toulousain,432,17,3,14,1999-11-20,"1,3",Etats-Unis,
top14,2021/2022,Davit Kubriashvili,USAP,415,14,4,10,1986-12-03,3,Géorgie,
top14,2021/2022,Davit Niniashvili,Lyon,652,11,8,3,2002-07-14,"11,12,14,15",Géorgie,
top14,2021/2022,Demba Bamba,Lyon,859,15,13,2,1998-03-17,3,France,
top14,2021/2022,Dillyn Leyds,Stade Rochelais,1231,17,16,1,1992-09-12,"10,11,14,15",Afrique du Sud,
top14,2021/2022,Dimitri Delibes,Stade Toulousain,691,10,9,1,1999-03-17,"11,14,15",France,
top14,2021/2022,Donovan Taofifenua,Racing 92,1419,20,18,2,1999-03-30,"11,14,15",France,
top14,2021/2022,Dorian Aldegheri,Stade Toulousain,803,17,10,7,1993-08-04,3,France,
top14,2021/2022,Dorian Laborde,Racing 92|RC Toulon,488,9,6,3,1996-12-30,"11,12,13,14",France,
top14,2021/2022,Duncan Paia'aua,RC Toulon,1038,14,14,0,1995-01-20,"12,13",Samoa,
top14,2021/2022,Dylan Cretin,Lyon,1252,18,15,3,1997-05-04,"6,7",France,
top14,2021/2022,Dylan Lam,CA Brive,80,2,1,1,1997-02-02,"6,8",Nouvelle Zélande,
top14,2021/2022,Eben Etzebeth,RC Toulon,545,9,9,0,1991-10-29,4,Afrique du Sud,
top14,2021/2022,Eddie Sawailau,USAP,104,3,1,2,1996-04-04,"11,13,14",Fidji,
top14,2021/2022,Eddy Ben Arous,Racing 92,491,13,7,6,1990-08-25,1,France,
top14,2021/2022,Edward Annandale,ASM Clermont Auvergne,97,4,1,3,2001-01-18,"4,5",Nouvelle Zélande,
top14,2021/2022,Eliott Roudil,Section Paloise,868,16,9,7,1996-10-30,"11,12,13,15",France,
top14,2021/2022,Eliott Yemsi,RC Toulon,1,1,0,1,2002-05-25,3,France,
top14,2021/2022,Elliot Dixon,Biarritz Olympique,1301,18,16,2,1989-09-04,"4,6,8",Nouvelle Zélande,
top14,2021/2022,Emerick Setiano,RC Toulon,341,17,1,16,1996-07-19,"1,3",France,
top14,2021/2022,Emmanuel Meafou,Stade Toulousain,866,16,11,5,1998-07-12,"4,5",France,
top14,2021/2022,Emmanuel Vaitulukina,USAP,30,1,0,1,2001-07-05,12,France,
top14,2021/2022,Eneriko Buliruarua,Stade Rochelais,657,15,8,7,1997-01-23,"11,12,13,14,15",Fidji,
top14,2021/2022,Enzo Baggiani,Union Bordeaux-Begles,18,2,0,2,2000-06-12,1,France,
top14,2021/2022,Enzo Benmegal,Racing 92,60,1,1,0,2003-10-28,11,France,
top14,2021/2022,Enzo Forletta,Montpellier Herault Rugby,1060,21,11,10,1994-06-15,"1,3",France,
top14,2021/2022,Enzo Herve,CA Brive,1349,21,17,4,1998-10-13,"10,12",France,
top14,2021/2022,Enzo Jouannet,CA Brive,1,1,0,1,1999-08-04,2,France,
top14,2021/2022,Enzo Sanga,CA Brive,380,13,4,9,1995-05-19,9,France,
top14,2021/2022,Eoghan Barrett,Section Paloise,498,7,6,1,1999-05-31,"11,14",Irlande,
top14,2021/2022,Esteban Abadie,CA Brive,1101,18,13,5,1997-12-01,"6,7,8",France,
top14,2021/2022,Ethan Dumortier,Lyon,791,13,10,3,2000-12-29,"11,12,13,14,15",France,
top14,2021/2022,Etienne Falgoux,ASM Clermont Auvergne,849,20,11,9,1993-01-19,1,France,
top14,2021/2022,Etienne Fourcade,ASM Clermont Auvergne,1136,22,16,6,1997-04-11,2,France,
top14,2021/2022,Evan Olmstead,Biarritz Olympique,1159,21,14,7,1991-02-21,"5,7",Canada,
top14,2021/2022,Fabio Gonzalez,RC Toulon,17,1,0,1,2000-05-09,1,France,
top14,2021/2022,Fabrice Metz,Section Paloise,637,15,8,7,1991-01-23,"4,5,7",France,
top14,2021/2022,Facundo Bosch,Stade Rochelais,483,13,5,8,1991-08-08,2,Argentine,
top14,2021/2022,Facundo Isa,RC Toulon,1131,17,14,3,1993-09-21,"6,7,8",Argentine,
top14,2021/2022,Federico Mori,Union Bordeaux-Begles,719,15,8,7,2000-10-13,"11,12,13,14,15",Italie,
top14,2021/2022,Felix Lambey,Lyon,1254,21,16,5,1994-03-15,"4,5,6,7",France,
top14,2021/2022,Filipo Nakosi,Castres Olympique,1546,22,20,2,1992-04-08,"11,14",Fidji,
top14,2021/2022,Finn Russell,Racing 92,943,15,11,4,1992-09-23,10,Ecosse,
top14,2021/2022,Florent Vanverberghe,Castres Olympique,1280,25,19,6,2000-07-22,"4,5",France,
top14,2021/2022,Florian Dufour,CA Brive,145,4,1,3,1997-10-29,2,France,
top14,2021/2022,Florian Fresia,RC Toulon,484,16,5,11,1992-01-17,"1,3",France,
top14,2021/2022,Florian Verhaeghe,Montpellier Herault Rugby,1479,23,20,3,1997-04-27,"4,5,7",France,
top14,2021/2022,Francis Saili,Biarritz Olympique,1449,19,18,1,1991-02-16,12,Nouvelle Zélande,
top14,2021/2022,Francisco Gomez Kodela,Lyon,740,18,9,9,1985-07-03,3,France,
top14,2021/2022,Francois Cros,Stade Toulousain,974,16,12,4,1994-03-25,"6,7,8",France,
top14,2021/2022,Francois Da Ros,Biarritz Olympique,389,13,4,9,1983-09-29,2,France,
top14,2021/2022,Francois Trinh-Duc,Union Bordeaux-Begles,1084,24,12,12,1986-11-11,"10,15",France,
top14,2021/2022,Francois Vergnaud,Biarritz Olympique,461,8,5,3,1997-10-08,"11,12,13,14",France,
top14,2021/2022,Fritz Lee,ASM Clermont Auvergne,1117,17,16,1,1988-08-29,"7,8",Samoa,
top14,2021/2022,Fulgence Ouedraogo,Montpellier Herault Rugby,708,13,9,4,1986-07-21,"6,7,8",France,
top14,2021/2022,Gabin Michet,ASM Clermont Auvergne,187,6,2,4,2001-06-21,"10,11",France,
top14,2021/2022,Gabin Villiere,RC Toulon,800,10,10,0,1995-12-13,11,France,
top14,2021/2022,Gabriel Ngandebe,Montpellier Herault Rugby,1058,18,12,6,1997-03-30,"11,12,14",France,
top14,2021/2022,Gael Fickou,Racing 92,1026,14,13,1,1994-03-26,"12,13",France,
top14,2021/2022,Gaetan Barlot,Castres Olympique,1333,23,18,5,1997-04-13,2,France,
top14,2021/2022,Gatien Masse,Union Bordeaux-Begles,387,10,3,7,2002-05-02,"12,13,14,15",France,
top14,2021/2022,Gavin Stark,Biarritz Olympique,941,14,11,3,1995-12-18,"11,14,15",Nouvelle Zélande,
top14,2021/2022,Gela Aprasidze,Montpellier Herault Rugby,510,15,5,10,1998-01-14,9,Géorgie,
top14,2021/2022,Genesis Mamea Lemalu,USAP,1474,24,19,5,1988-09-22,"7,8",Samoa,
top14,2021/2022,Geoffrey Cros,Union Bordeaux-Begles,529,8,7,1,1997-03-08,"11,14",France,
top14,2021/2022,Geoffrey Doumayrou,Montpellier Herault Rugby,958,14,13,1,1989-09-16,"12,13",France,
top14,2021/2022,Geoffrey Palis,Castres Olympique,1661,25,22,3,1991-07-08,"11,14,15",France,
top14,2021/2022,George Moala,ASM Clermont Auvergne,924,13,12,1,1990-11-05,"11,12,13",Tonga,
top14,2021/2022,George Tilsley,USAP,986,20,12,8,1992-02-27,"11,12,13,14",Nouvelle Zélande,
top14,2021/2022,Georges-Henri Colombe,Racing 92,493,12,6,6,1998-04-09,3,France,
top14,2021/2022,Gervais Cordin,RC Toulon,1149,20,13,7,1998-12-10,"9,11,14,15",France,
top14,2021/2022,Gia Kharaishvili,Racing 92,121,5,0,5,1999-02-13,3,Géorgie,
top14,2021/2022,Gilles Bosch,Biarritz Olympique,685,11,6,5,1990-07-12,10,France,
top14,2021/2022,Giorgi Beria,ASM Clermont Auvergne,472,13,5,8,1999-11-11,1,France,
top14,2021/2022,Giorgi Melikidze,Stade Francais Paris,918,23,10,13,1996-05-24,"1,3",Géorgie,
top14,2021/2022,Giorgi Nutsubidze,Biarritz Olympique,535,13,6,7,1998-11-11,"1,3",Géorgie,
top14,2021/2022,Giorgi Tetrashvili,USAP,312,7,5,2,1993-08-31,1,Géorgie,
top14,2021/2022,Giovanni Habel-Kueffner,Section Paloise,1256,24,14,10,1995-01-09,"6,7,8",Allemagne,
top14,2021/2022,Gregory Alldritt,Stade Rochelais,1033,14,13,1,1997-03-23,"7,8",France,
top14,2021/2022,Gregory Fichten,Montpellier Herault Rugby,405,9,7,2,1990-08-13,1,France,
top14,2021/2022,Guido Petti,Union Bordeaux-Begles,577,8,7,1,1994-11-17,"4,6,7",Argentine,
top14,2021/2022,Guilhem Guirado,Montpellier Herault Rugby,514,14,8,6,1986-06-17,2,France,
top14,2021/2022,Guillaume Cramont,Stade Toulousain,630,11,9,2,2000-12-29,2,France,
top14,2021/2022,Guillaume Ducat,Section Paloise,146,4,4,0,1996-05-25,4,France,
top14,2021/2022,Guillaume Galletier,CA Brive,859,20,11,9,1997-03-07,"9,10,11,12,13",France,
top14,2021/2022,Guillaume Marchand,Lyon,887,19,13,6,1998-06-05,2,France,
top14,2021/2022,Guram Gogichashvili,Racing 92,695,17,8,9,1998-09-04,1,Géorgie,
top14,2021/2022,Guram Papidze,Stade Rochelais,432,15,3,12,1997-06-16,"1,3",Géorgie,
top14,2021/2022,Guy Millar,Biarritz Olympique,619,10,9,1,1992-04-23,"1,3",Australie,
top14,2021/2022,Hamza Kaabeche,Lyon,279,11,2,9,1996-09-23,"1,3",France,
top14,2021/2022,Handre Pollard,Montpellier Herault Rugby,439,11,5,6,1994-03-11,"10,12",Afrique du Sud,
top14,2021/2022,Harrison Obatoyinbo,RC Toulon,138,2,2,0,2001-07-15,"11,14",Grande-Bretagne,
top14,2021/2022,Harry Glover,Stade Francais Paris,668,9,8,1,1995-12-31,"11,12,13,14",Angleterre,
top14,2021/2022,Hassane Kolingar,Racing 92,962,24,12,12,1998-03-06,1,France,
top14,2021/2022,Hayden Thompson-Stringer,CA Brive,620,14,8,6,1994-12-29,1,Angleterre,
top14,2021/2022,Henry Chavancy,Racing 92,667,16,8,8,1988-05-22,"11,12,13,15",France,
top14,2021/2022,Henry Speight,Biarritz Olympique,967,14,13,1,1988-03-24,"11,14",Australie,
top14,2021/2022,Henry Thomas,Montpellier Herault Rugby,540,18,4,14,1991-10-30,"1,3",Pays de Galles,
top14,2021/2022,Hugh Roach,USAP,113,3,1,2,1992-09-11,2,Australie,
top14,2021/2022,Ian Boubila,Stade Toulousain,157,10,1,9,2002-01-17,2,France,
top14,2021/2022,Ibrahim Diallo,Racing 92,1336,20,17,3,1998-01-23,"6,7,8",France,
top14,2021/2022,Ignacio Calles,Section Paloise,664,19,6,13,1995-10-24,1,Argentine,
top14,2021/2022,Ihaia West,Stade Rochelais,1260,17,16,1,1992-01-16,10,Nouvelle Zélande,
top14,2021/2022,Ilian Perraux,Biarritz Olympique,465,9,7,2,1992-04-04,"10,12,13",France,
top14,2021/2022,JJ Hanrahan,ASM Clermont Auvergne,721,19,6,13,1992-07-27,"10,11,12,13,15",Irlande,
top14,2021/2022,JJ van der Mescht,Stade Francais Paris,620,19,5,14,1999-05-04,"4,5",Afrique du Sud,
top14,2021/2022,Jack Maddocks,Section Paloise,284,4,4,0,1997-02-05,"14,15",Australie,
top14,2021/2022,Jack Whetton,Castres Olympique,25,1,0,1,1992-05-24,5,Nouvelle Zélande,
top14,2021/2022,Jacobus van Tonder,ASM Clermont Auvergne,624,12,7,5,1998-03-03,"4,6,7,8",Afrique du Sud,
top14,2021/2022,Jale Vatubua,Section Paloise,1131,18,13,5,1991-08-30,"11,12,13",Fidji,
top14,2021/2022,James Cronin,Biarritz Olympique,796,14,13,1,1990-11-23,1,Irlande,
top14,2021/2022,James Hall,Stade Francais Paris,842,20,12,8,1996-01-02,9,Afrique du Sud,
top14,2021/2022,James Hart,Biarritz Olympique,75,4,1,3,1991-07-28,9,France,
top14,2021/2022,Jan Serfontein,Montpellier Herault Rugby,1205,18,18,0,1993-04-15,"12,13",Afrique du Sud,
top14,2021/2022,Jandre Marais,Union Bordeaux-Begles,738,15,9,6,1989-06-14,"4,5,6,7",Afrique du Sud,
top14,2021/2022,Jean Chezeau,Racing 92,2,1,0,1,2001-04-07,12,France,
top14,2021/2022,Jean-Baptiste Dubie,Union Bordeaux-Begles,805,17,9,8,1989-07-16,"10,12,13,14",France,
top14,2021/2022,Jean-Baptiste Gros,RC Toulon,770,14,11,3,1999-05-29,"1,3",France,
top14,2021/2022,Jean-Baptiste Lachaise,Union Bordeaux-Begles,18,2,0,2,2001-04-26,"6,8",France,
top14,2021/2022,Jean-Bernard Pujol,USAP,385,6,5,1,1992-04-11,"11,14",France,
top14,2021/2022,Jean-Marc Doussain,Lyon,538,18,4,14,1991-02-12,"7,9,10,12,15",France,
top14,2021/2022,Jean-Pascal Barraque,ASM Clermont Auvergne,1282,18,16,2,1991-04-24,"10,11,12,13,15",France,
top14,2021/2022,Jefferson Poirot,Union Bordeaux-Begles,716,17,10,7,1992-11-01,1,France,
top14,2021/2022,Jeremie Maurouard,Montpellier Herault Rugby,640,15,9,6,1992-09-23,2,France,
top14,2021/2022,Jeremy Fernandez,Castres Olympique,840,23,12,11,1997-05-15,9,France,
top14,2021/2022,Jeremy Sinzelle,Stade Rochelais,1243,18,16,2,1990-07-02,"10,12,13",France,
top14,2021/2022,Jerome Rey,Lyon,869,19,10,9,1995-05-19,1,France,
top14,2021/2022,Jeronimo de la Fuente,USAP,978,14,14,0,1991-02-24,12,Argentine,
top14,2021/2022,Jiuta Wainiqolo,RC Toulon,1137,16,15,1,1999-03-10,"11,14,15",Fidji,
top14,2021/2022,Joaquin Oviedo,USAP,592,11,7,4,2001-07-16,"4,6,7,8,9",Argentine,
top14,2021/2022,Joe Jonas,Biarritz Olympique,570,13,6,7,2000-12-31,"9,10,15",Afrique du Sud,
top14,2021/2022,Joe Taufete'e,Lyon,161,5,2,3,1992-10-04,"2,3",Samoa,
top14,2021/2022,Joe Tekori,Stade Toulousain,288,14,2,12,1983-12-17,"4,5,7",Samoa,
top14,2021/2022,Joel Kpoku,Lyon,227,6,3,3,1999-06-22,4,Angleterre,
top14,2021/2022,Joel Sclavi,Stade Rochelais,580,13,9,4,1994-06-25,3,Argentine,
top14,2021/2022,Johan Aliouat,Biarritz Olympique,159,5,1,4,1993-01-22,4,France,
top14,2021/2022,Johnny Dyer,Biarritz Olympique,1582,23,22,1,1992-02-06,"4,5,6,8",Fidji,
top14,2021/2022,Jonathan Danty,Stade Rochelais,638,12,7,5,1992-10-07,"12,13",France,
top14,2021/2022,Jonathan Maiau,Racing 92,80,4,0,4,2001-10-16,2,France,
top14,2021/2022,Jonathan Pelissie,Lyon,796,18,11,7,1988-06-06,9,France,
top14,2021/2022,Jordan Joseph,Racing 92|Section Paloise,1016,18,15,3,2000-07-31,"6,8",France,
top14,2021/2022,Jordan Taufua,Lyon,1525,22,20,2,1992-01-29,"5,6,7,8",Samoa,
top14,2021/2022,Joris Jurand,CA Brive,1581,23,20,3,1995-11-11,"11,14,15",France,
top14,2021/2022,Joris Segonds,Stade Francais Paris,1333,21,16,5,1997-04-06,"10,13",France,
top14,2021/2022,Josaia Raisuqe,Castres Olympique,587,18,7,11,1994-07-22,"6,7,11,14,15",Fidji,
top14,2021/2022,Joseph Dweba,Union Bordeaux-Begles,232,8,2,6,1995-10-25,2,Afrique du Sud,
top14,2021/2022,Josh Tyrell,Biarritz Olympique,494,11,7,4,1990-10-16,"4,5",Samoa,
top14,2021/2022,Joshua Brennan,Stade Toulousain,232,13,0,13,2001-11-28,"4,5,6,8,9",France,
top14,2021/2022,Josua Tuisova,Lyon,1322,18,17,1,1994-02-04,"11,13,14",Fidji,
top14,2021/2022,Josua Vici,Montpellier Herault Rugby,217,4,3,1,1994-02-20,"10,11,14",Fidji,
top14,2021/2022,Juan Cruz Mallia,Stade Toulousain,1015,15,12,3,1996-09-11,"10,11,14,15",Argentine,
top14,2021/2022,Juan Imhoff,Racing 92,1681,23,21,2,1988-05-11,"11,13",Argentine,
top14,2021/2022,Judicael Cancoriet,ASM Clermont Auvergne,1682,24,20,4,1996-04-25,"4,6,7,8",France,
top14,2021/2022,Jules Coulon,RC Toulon,97,5,1,4,2002-07-04,"6,7,8",France,
top14,2021/2022,Jules Danglot,RC Toulon,358,14,4,10,2002-08-06,"9,12",France,
top14,2021/2022,Jules Favre,Stade Rochelais,1692,23,20,3,1999-03-22,"11,12,14,15",France,
top14,2021/2022,Jules Gimbert,Union Bordeaux-Begles,3,1,0,1,1998-03-02,9,France,
top14,2021/2022,Jules Le Bail,Stade Rochelais,166,8,1,7,1992-02-09,9,France,
top14,2021/2022,Jules Plisson,Stade Rochelais,449,9,5,4,1991-08-20,10,France,
top14,2021/2022,Julien Blanc,RC Toulon,646,17,8,9,1992-10-04,"9,14",France,
top14,2021/2022,Julien Delannoy,Section Paloise,351,7,4,3,1995-06-15,"5,7",France,
top14,2021/2022,Julien Dumora,Castres Olympique,1728,27,21,6,1988-03-24,"11,14,15",France,
top14,2021/2022,Julien Farnoux,USAP,108,2,1,1,1993-04-24,"14,15",France,
top14,2021/2022,Julien Heriteau,RC Toulon,1132,16,15,1,1994-09-12,"12,13",France,
top14,2021/2022,Julien Marchand,Stade Toulousain,654,16,9,7,1995-05-10,2,France,
top14,2021/2022,Julien Ory,RC Toulon,477,12,6,6,1996-08-24,"6,7,8,9",France,
top14,2021/2022,Julien Tisseron,Montpellier Herault Rugby,1385,20,18,2,1995-08-12,"10,11,14,15",France,
top14,2021/2022,Julius Nostadt,Castres Olympique,19,1,0,1,1992-10-12,1,Allemagne,
top14,2021/2022,Kane Douglas,Union Bordeaux-Begles,1659,24,23,1,1989-06-01,"4,5",Australie,
top14,2021/2022,Karl Chateau,USAP,200,3,2,1,1992-06-15,"6,7,8",France,
top14,2021/2022,Karl Martin,Montpellier Herault Rugby,40,1,0,1,2002-02-16,13,Irlande,
top14,2021/2022,Kelian Galletier,Montpellier Herault Rugby,201,7,2,5,1992-03-18,"5,6,7",France,
top14,2021/2022,Kerman Aurrekoetxea,Biarritz Olympique,347,8,3,5,2000-05-04,9,Espagne,
top14,2021/2022,Kevin Gimeno,Biarritz Olympique,261,6,4,2,1991-09-11,4,France,
top14,2021/2022,Kevin Gourdon,Stade Rochelais,575,8,8,0,1990-01-23,"7,8",France,
top14,2021/2022,Kevin Kornath,Castres Olympique,931,17,11,6,1996-12-27,"4,7,8",France,
top14,2021/2022,Kevin Le Guen,Racing 92,193,6,2,4,1990-11-17,2,France,
top14,2021/2022,Kevin Viallard,ASM Clermont Auvergne,211,10,2,8,2000-11-27,9,France,
top14,2021/2022,Kevin Yameogo,Section Paloise,88,3,1,2,1997-05-19,3,France,
top14,2021/2022,Kieran Brookes,RC Toulon,822,19,12,7,1990-08-29,3,Angleterre,
top14,2021/2022,Killian Geraci,Lyon,604,10,7,3,1999-03-25,"4,5,7",France,
top14,2021/2022,Killian Taofifenua,USAP,29,1,0,1,2000-07-20,7,France,
top14,2021/2022,Killian Tixeront,ASM Clermont Auvergne,222,4,3,1,2002-01-22,"6,7",France,
top14,2021/2022,Kitione Kamikamica,CA Brive,321,10,3,7,1996-04-27,"7,8",Fidji,
top14,2021/2022,Kotaro Matsushima,ASM Clermont Auvergne,1246,16,16,0,1993-02-26,"14,15",Japon,
top14,2021/2022,Kurtley Beale,Racing 92,962,14,12,2,1989-01-06,"8,12,15",Australie,
top14,2021/2022,Kylan Hamdaoui,Stade Francais Paris,1671,23,21,2,1994-04-15,15,France,
top14,2021/2022,Lasha Tabidze,Union Bordeaux-Begles,29,2,0,2,1997-07-04,3,Géorgie,
top14,2021/2022,Laurent Panis,Stade Francais Paris,488,17,6,11,1993-04-23,2,France,
top14,2021/2022,Lekima Tagitagivalu,Section Paloise,977,18,15,3,1995-12-04,"4,5,6",Fidji,
top14,2021/2022,Lekso Kaulashvili,Union Bordeaux-Begles,734,22,7,15,1992-08-27,"1,3",Géorgie,
top14,2021/2022,Leo Aouf,Stade Rochelais,318,12,2,10,1997-02-25,"1,3",France,
top14,2021/2022,Leo Barre,Stade Francais Paris,757,15,7,8,2002-08-20,"10,11,12,13,15",France,
top14,2021/2022,Leo Berdeu,Lyon,1506,26,19,7,1998-06-13,"9,10",France,
top14,2021/2022,Leone Nakarawa,RC Toulon,743,12,10,2,1988-04-02,"4,6,7,8",Fidji,
top14,2021/2022,Lester Etien,Stade Francais Paris,762,13,10,3,1995-06-21,"11,14,15",France,
top14,2021/2022,Levan Chilachava,Castres Olympique,544,24,1,23,1991-08-17,3,Géorgie,
top14,2021/2022,Levani Botia,Stade Rochelais,854,17,12,5,1989-03-14,"11,12",Fidji,
top14,2021/2022,Liam Rimet,Lyon,12,2,0,2,2003-09-15,9,France,
top14,2021/2022,Lima Sopoaga,Lyon,462,12,6,6,1991-02-03,10,Samoa,
top14,2021/2022,Loann Goujon,Lyon,509,11,6,5,1989-04-23,"4,5,6,7,8",France,
top14,2021/2022,Loic Godener,Stade Francais Paris,690,13,8,5,1995-08-13,"5,7,8",France,
top14,2021/2022,Loic Jacquet,Castres Olympique,740,19,5,14,1985-03-31,"4,5",France,
top14,2021/2022,Lopeti Timani,RC Toulon,394,10,6,4,1990-09-28,"4,5,6,8",Tonga,
top14,2021/2022,Louis Bielle-Biarrey,Union Bordeaux-Begles,412,7,5,2,2003-06-19,"11,12,15",France,
top14,2021/2022,Louis Carbonel,RC Toulon,1426,24,17,7,1999-02-04,"10,12",France,
top14,2021/2022,Louis Dupichot,Racing 92,622,10,8,2,1995-09-23,"11,12,14,15",France,
top14,2021/2022,Louis Foursans-Bourdette,Montpellier Herault Rugby,713,15,9,6,2002-01-29,"9,10,12,13,14",France,
top14,2021/2022,Louis Le Brun,Castres Olympique,80,1,1,0,2002-02-28,15,France,
top14,2021/2022,Louis Picamoles,Union Bordeaux-Begles,1124,19,15,4,1986-02-05,"4,5,7,8",France,
top14,2021/2022,Lucas Bachelier,USAP,741,17,10,7,1995-03-26,"6,7",France,
top14,2021/2022,Lucas Da Silva,Stade Francais Paris,607,16,7,9,1997-12-19,2,France,
top14,2021/2022,Lucas Dessaigne,ASM Clermont Auvergne,635,17,5,12,1999-02-27,"6,7,8",France,
top14,2021/2022,Lucas Dubois,USAP,1030,19,12,7,1998-06-09,"11,12,14,15",France,
top14,2021/2022,Lucas Paulos,CA Brive,767,12,10,2,1998-01-09,"4,5",Argentine,
top14,2021/2022,Lucas Peyresblanques,Biarritz Olympique,586,11,9,2,1998-01-20,"2,8",France,
top14,2021/2022,Lucas Rey,Section Paloise,1160,24,16,8,1997-04-27,2,France,
top14,2021/2022,Lucas Tauzin,Stade Toulousain,1268,18,15,3,1998-05-21,"11,12,13,14",France,
top14,2021/2022,Lucas Velarte,USAP,824,22,8,14,1998-10-24,2,France,
top14,2021/2022,Luka Azariashvili,Biarritz Olympique,520,11,7,4,1999-11-30,3,Géorgie,
top14,2021/2022,Luka Japaridze,CA Brive,934,20,14,6,1998-09-06,3,Géorgie,
top14,2021/2022,Luke Jones,Racing 92,1081,19,14,5,1991-04-02,"4,5,6,7",Australie,
top14,2021/2022,Luke Whitelock,Section Paloise,869,11,11,0,1991-01-29,"6,7,8",Nouvelle Zélande,
top14,2021/2022,Maama Vaipulu,Union Bordeaux-Begles,90,2,1,1,1989-07-21,8,Tonga,
top14,2021/2022,Mahamadou Diaby,Union Bordeaux-Begles,1396,23,19,4,1990-08-15,"4,6,7",France,
top14,2021/2022,Maks van Dyk,Section Paloise,28,1,0,1,1992-01-21,3,Afrique du Sud,
top14,2021/2022,Malcom Bertschy-Grondin,Stade Rochelais,28,1,0,1,2000-01-27,13,France,
top14,2021/2022,Malik Hamadache,Montpellier Herault Rugby,8,1,0,1,1988-10-17,3,France,
top14,2021/2022,Marco Tauleigne,Montpellier Herault Rugby,421,13,5,8,1993-08-30,"4,5,6,7,8",France,
top14,2021/2022,Marco Zanon,Section Paloise,210,3,3,0,1997-10-03,"12,13",Italie,
top14,2021/2022,Marcos Kremer,Stade Francais Paris,962,15,13,2,1997-07-30,"6,7",Argentine,
top14,2021/2022,Martin Alonso Munoz,Stade Rochelais,143,4,3,1,1999-12-02,11,Espagne,
top14,2021/2022,Martin Devergie,Montpellier Herault Rugby,57,3,0,3,1995-06-26,"4,7",France,
top14,2021/2022,Martin Doan,Montpellier Herault Rugby,390,7,3,4,1998-10-08,9,France,
top14,2021/2022,Martin Landajo,USAP,225,6,3,3,1988-06-14,9,Argentine,
top14,2021/2022,Martin Laveau,Castres Olympique,702,11,10,1,1996-09-10,14,France,
top14,2021/2022,Martin Page-Relo,Stade Toulousain,266,8,3,5,1999-01-06,9,Italie,
top14,2021/2022,Martin Puech,Section Paloise,1288,23,13,10,1988-12-14,"4,5,6,7,8",France,
top14,2021/2022,Marvin O'Connor,ASM Clermont Auvergne,995,15,13,2,1991-04-18,"11,14",France,
top14,2021/2022,Masivesi Dakuwaqa,Montpellier Herault Rugby,742,16,10,6,1994-02-14,"6,7,8,12",Fidji,
top14,2021/2022,Mateaki Kafatolu,Castres Olympique,194,3,3,0,1989-08-11,6,Nouvelle Zélande,
top14,2021/2022,Mateo Garcia,Union Bordeaux-Begles,197,7,2,5,2002-07-08,"10,12,14,15",France,
top14,2021/2022,Mathias Colombet,Section Paloise,811,15,13,2,1997-05-01,"10,11,13,14,15",France,
top14,2021/2022,Mathieu Acebes,USAP,1697,24,22,2,1987-08-01,"11,12,13",France,
top14,2021/2022,Mathieu Babillot,Castres Olympique,934,15,13,2,1993-09-09,"6,7",France,
top14,2021/2022,Mathieu Bastareaud,Lyon,84,2,2,0,1988-09-17,8,France,
top14,2021/2022,Mathieu Hirigoyen,Biarritz Olympique,1857,25,24,1,1999-01-25,"5,7",France,
top14,2021/2022,Mathieu Smaili,RC Toulon,210,6,2,4,1999-08-30,"10,12,13",France,
top14,2021/2022,Mathieu Tanguy,Stade Rochelais,229,7,3,4,1996-06-05,"5,6,8",France,
top14,2021/2022,Mathieu de Giovanni,Stade Francais Paris,575,17,6,11,1994-01-10,"4,6,8,10",France,
top14,2021/2022,Mathis Lafon,Stade Rochelais,28,1,0,1,1999-02-28,13,France,
top14,2021/2022,Matt Tierney,Castres Olympique,25,1,1,0,1996-07-04,3,Canada,
top14,2021/2022,Matteo Le Corvec,RC Toulon,44,2,0,2,2001-01-04,"5,7",France,
top14,2021/2022,Matteo Rodor,USAP,597,17,6,11,1999-07-04,"9,10",France,
top14,2021/2022,Matthias Haddad,Stade Rochelais,467,12,7,5,2001-03-10,"6,7,8",France,
top14,2021/2022,Matthias Halagahu,RC Toulon,123,3,2,1,2001-08-15,"4,6,7",France,
top14,2021/2022,Matthieu Jalibert,Union Bordeaux-Begles,900,15,13,2,1998-11-06,10,France,
top14,2021/2022,Matthieu Ugena,USAP,628,14,9,5,1995-07-25,"6,7,8",France,
top14,2021/2022,Matthieu Voisin,CA Brive,928,16,10,6,1996-05-16,"4,5,6,7,8",France,
top14,2021/2022,Matthis Lebel,Stade Toulousain,1468,19,18,1,1999-03-25,"11,12,14",France,
top14,2021/2022,Max Spring,Racing 92,759,10,10,0,2001-03-15,15,France,
top14,2021/2022,Maxime Baudonne,Racing 92,135,4,1,3,2002-07-12,7,France,
top14,2021/2022,Maxime Lamothe,Union Bordeaux-Begles,1055,22,14,8,1998-10-03,2,France,
top14,2021/2022,Maxime Lucu,Union Bordeaux-Begles,1255,20,15,5,1993-01-12,9,France,
top14,2021/2022,Maxime Machenaud,Racing 92,999,22,15,7,1988-12-30,9,France,
top14,2021/2022,Maxime Medard,Stade Toulousain,1040,17,14,3,1986-11-16,"11,14,15",France,
top14,2021/2022,Melvyn Jaminet,USAP,965,13,13,0,1999-06-30,15,France,
top14,2021/2022,Mickael Capelli,Montpellier Herault Rugby,336,9,4,5,1997-03-18,"4,5,6",France,
top14,2021/2022,Mickael Guillard,Lyon,319,8,4,4,2000-12-10,"4,6,7,8",France,
top14,2021/2022,Mickael Ivaldi,Lyon,949,22,12,10,1990-02-20,2,France,
top14,2021/2022,Mike Sosene-Feagai,RC Toulon,449,18,2,16,1993-04-17,2,Etats-Unis,
top14,2021/2022,Mike Tadjer,USAP,450,11,7,4,1989-03-10,2,Portugal,
top14,2021/2022,Mikheil Nariashvili,Montpellier Herault Rugby,364,11,5,6,1990-05-25,1,Géorgie,
top14,2021/2022,Miles Amatosero,ASM Clermont Auvergne,238,6,2,4,2002-06-15,"4,7",Australie,
top14,2021/2022,Mitch Lees,CA Brive,645,12,9,3,1988-10-12,"4,5",Australie,
top14,2021/2022,Mitch Short,Racing 92,139,5,0,5,1995-05-25,"9,10",Australie,
top14,2021/2022,Mohamed Haouas,Montpellier Herault Rugby,1047,20,16,4,1994-03-09,3,France,
top14,2021/2022,Morgan Parra,ASM Clermont Auvergne,1139,18,15,3,1988-11-15,"9,10",France,
top14,2021/2022,Moses Alo-Emile,Stade Francais Paris,922,20,15,5,2000-01-15,1,France,
top14,2021/2022,Motu Matu'u,CA Brive|Stade Rochelais,414,12,7,5,1987-04-30,2,Samoa,
top14,2021/2022,Nafi Ma'afu,USAP,87,3,0,3,1998-06-19,"4,5,8",Etats-Unis,
top14,2021/2022,Nans Ducuing,Union Bordeaux-Begles,636,11,9,2,1991-11-06,15,France,
top14,2021/2022,Nathan Decron,Section Paloise,825,13,12,1,1998-02-17,"12,13",France,
top14,2021/2022,Nathanael Hulleu,Union Bordeaux-Begles,228,3,3,0,2000-05-16,"11,14",France,
top14,2021/2022,Nelson Epee,Stade Toulousain,253,5,3,2,2001-02-20,"11,13,14",France,
top14,2021/2022,Nemo Roelofse,Stade Francais Paris,605,17,8,9,1995-06-06,3,Afrique du Sud,
top14,2021/2022,Ngani Laumape,Stade Francais Paris,1370,20,17,3,1993-04-22,"12,13",Nouvelle Zélande,
top14,2021/2022,Nick Champion de Crespigny,Castres Olympique,1188,17,17,0,1996-06-27,"6,7",Australie,
top14,2021/2022,Nico Lee,CA Brive,760,11,9,2,1994-03-13,"12,13,14",Afrique du Sud,
top14,2021/2022,Nicolaas Janse van Rensburg,Montpellier Herault Rugby,828,15,9,6,1994-05-06,"4,5,6,8",Afrique du Sud,
top14,2021/2022,Nicolas Corato,Section Paloise,1180,25,15,10,1997-10-07,3,France,
top14,2021/2022,Nicolas Sanchez,Stade Francais Paris,451,9,7,2,1988-10-26,10,Argentine,
top14,2021/2022,Nino Seguela,USAP,80,2,1,1,2001-08-10,"11,14",France,
top14,2021/2022,Noa Kanika,Stade Francais Paris,7,1,0,1,2002-01-06,8,France,
top14,2021/2022,Noa Nakaitaci,Lyon,470,6,5,1,1990-07-11,"6,11",France,
top14,2021/2022,Noe Della Schiava,Stade Rochelais,12,1,0,1,2002-02-28,7,France,
top14,2021/2022,Nolann Le Garrec,Racing 92,731,16,9,7,2002-05-14,9,France,
top14,2021/2022,Olivier Klemenczak,Racing 92,938,17,12,5,1996-06-01,"11,12,13",France,
top14,2021/2022,Otar Giorgadze,CA Brive,265,8,4,4,1996-03-02,"4,7,8",Géorgie,
top14,2021/2022,Pablo Dimcheff,Union Bordeaux-Begles,70,3,1,2,1999-07-01,2,Argentine,
top14,2021/2022,Pablo Uberti,Union Bordeaux-Begles,62,1,1,0,1997-10-19,13,France,
top14,2021/2022,Paolo Garbisi,Montpellier Herault Rugby,1387,19,18,1,2000-04-26,"10,12",Italie,
top14,2021/2022,Patricio Fernandez,USAP,347,7,4,3,1994-10-11,"10,15",Argentine,
top14,2021/2022,Patrick Sobela,Lyon,772,13,9,4,1992-08-12,"4,7,8",France,
top14,2021/2022,Paul Abadie,CA Brive,793,17,10,7,1994-07-28,9,France,
top14,2021/2022,Paul Alo-Emile,Stade Francais Paris,565,12,8,4,1991-12-22,3,Samoa,
top14,2021/2022,Paul Ausset,Stade Toulousain,12,2,0,2,1999-06-19,"6,8",France,
top14,2021/2022,Paul Boudehent,Stade Rochelais,847,17,9,8,1999-11-21,"4,6,7,8",France,
top14,2021/2022,Paul Gabrillagues,Stade Francais Paris,1658,25,22,3,1993-06-03,"4,5",France,
top14,2021/2022,Paul Jedrasiak,ASM Clermont Auvergne,761,18,10,8,1993-02-06,"4,5,6,8",France,
top14,2021/2022,Paul Leraitre,Racing 92,80,1,1,0,2000-12-07,14,France,
top14,2021/2022,Paul Mallez,Stade Toulousain,172,7,0,7,2001-01-24,"1,3",France,
top14,2021/2022,Paul Willemse,Montpellier Herault Rugby,551,10,7,3,1992-11-13,"4,5",France,
top14,2021/2022,Paul-Hugo Champ,Stade Francais Paris,105,2,1,1,2001-01-31,"14,15",France,
top14,2021/2022,Paula Ngauamo,Castres Olympique,611,18,8,10,1990-02-19,2,Tonga,
top14,2021/2022,Paulo Tafili,Stade Toulousain,438,12,5,7,1996-02-15,3,France,
top14,2021/2022,Peato Mauvaka,Stade Toulousain,766,18,9,9,1997-01-10,2,France,
top14,2021/2022,Peceli Yato,ASM Clermont Auvergne,277,6,3,3,1993-01-17,"4,5,6,7,8",Fidji,
top14,2021/2022,Peni Ravai,ASM Clermont Auvergne,495,12,7,5,1990-06-16,"1,3",Fidji,
top14,2021/2022,Peniami Narisia,CA Brive,311,8,4,4,1997-06-10,2,Fidji,
top14,2021/2022,Petero Mailulu,Union Bordeaux-Begles,30,1,0,1,2002-07-26,4,Fidji,
top14,2021/2022,Petero Tuwai,RC Toulon,80,1,1,0,1995-10-12,13,Fidji,
top14,2021/2022,Pierre Aguillon,Castres Olympique,217,5,4,1,1987-03-27,"10,12,13",France,
top14,2021/2022,Pierre Bochaton,Union Bordeaux-Begles,499,8,7,1,2001-04-17,"6,7",France,
top14,2021/2022,Pierre Boudehent,Stade Rochelais,483,11,4,7,1998-02-06,"6,11,13,14,15",France,
top14,2021/2022,Pierre Bourgarit,Stade Rochelais,1357,22,20,2,1997-09-12,2,France,
top14,2021/2022,Pierre Fouyssac,Stade Toulousain,455,8,6,2,1995-03-17,"10,12,13,14",France,
top14,2021/2022,Pierre Lucas,Montpellier Herault Rugby,612,15,7,8,1997-04-29,"10,11,13,14",France,
top14,2021/2022,Pierre Popelin,Stade Rochelais,973,20,13,7,1995-06-23,"9,10,15",France,
top14,2021/2022,Pierre Tournebize,CA Brive,345,6,4,2,1998-09-25,"11,14,15",France,
top14,2021/2022,Pierre-Henri Azagoh,Stade Francais Paris,1173,23,15,8,1998-07-25,"4,5,6",France,
top14,2021/2022,Pierre-Louis Barassi,Lyon,822,14,11,3,1998-04-22,"11,13",France,
top14,2021/2022,Pietro Ceccarelli,CA Brive,480,12,6,6,1992-02-16,3,Italie,
top14,2021/2022,Pita Ahki,Stade Toulousain,1309,18,17,1,1992-09-24,"12,13",Tonga,
top14,2021/2022,Piula Fa'asalele,USAP,1239,18,18,0,1988-01-22,"4,5,6",Samoa,
top14,2021/2022,Quentin Bethune,Stade Francais Paris,171,6,2,4,1995-09-25,1,France,
top14,2021/2022,Quentin Lespiaucq,Section Paloise,319,10,3,7,1995-02-16,2,France,
top14,2021/2022,Quentin Samaran,Biarritz Olympique,351,15,4,11,1997-12-30,"3,8",France,
top14,2021/2022,Quentin Walcker,Castres Olympique,865,20,14,6,1996-02-21,1,France,
top14,2021/2022,Quinn Roux,RC Toulon,486,11,7,4,1990-10-30,"4,5",Irlande,
top14,2021/2022,Rabah Slimani,ASM Clermont Auvergne,834,20,12,8,1989-10-18,3,France,
top14,2021/2022,Ramiro Herrera,Stade Rochelais,269,11,2,9,1989-02-14,3,Argentine,
top14,2021/2022,Raphael Lakafia,RC Toulon,932,18,12,6,1988-10-28,"4,6,7,8",France,
top14,2021/2022,Rayan Rebbadj,RC Toulon,158,2,2,0,1999-08-15,13,France,
top14,2021/2022,Raymond Rhule,Stade Rochelais,1513,22,19,3,1992-11-06,"11,12,13,14",Afrique du Sud,
top14,2021/2022,Rayne Barka,Section Paloise,44,1,1,0,1999-02-05,2,France,
top14,2021/2022,Reda Wardi,Stade Rochelais,676,16,10,6,1995-08-02,1,France,
top14,2021/2022,Reece Hewat,Section Paloise,752,16,9,7,1997-09-25,"5,6,7",Australie,
top14,2021/2022,Remi Bourdeau,Stade Rochelais,1070,18,13,5,1992-02-27,"6,7,10",France,
top14,2021/2022,Remi Brosset,Biarritz Olympique,44,2,0,2,2000-02-12,"10,13",France,
top14,2021/2022,Remi Lamerat,Union Bordeaux-Begles,695,12,11,1,1990-01-14,"12,13",France,
top14,2021/2022,Remi Picquette,Stade Rochelais,761,13,10,3,1995-02-23,"4,5",France,
top14,2021/2022,Remi Seneca,Section Paloise,364,11,5,6,1995-01-16,1,France,
top14,2021/2022,Retief Marais,CA Brive,1266,22,16,6,1995-07-20,"6,7,8",Afrique du Sud,
top14,2021/2022,Richie Arnold,Stade Toulousain,694,15,11,4,1990-07-01,"4,5",Australie,
top14,2021/2022,Robert Rodgers,Montpellier Herault Rugby,114,8,0,8,2001-06-18,1,Afrique du Sud,
top14,2021/2022,Rodrigue Neti,Stade Toulousain,1033,24,12,12,1995-04-26,"1,2",France,
top14,2021/2022,Romain Briatte,Stade Francais Paris,1199,18,16,2,1993-02-18,"6,7,8",France,
top14,2021/2022,Romain Buros,Union Bordeaux-Begles,1146,16,15,1,1997-07-31,"14,15",France,
top14,2021/2022,Romain Falcoz,Lyon,13,1,0,1,2001-05-25,7,France,
top14,2021/2022,Romain Lonca,Biarritz Olympique,842,15,13,2,1991-11-26,15,France,
top14,2021/2022,Romain Ntamack,Stade Toulousain,1277,18,16,2,1999-05-01,"10,13",France,
top14,2021/2022,Romain Ruffenach,Biarritz Olympique,160,3,1,2,1994-09-04,2,France,
top14,2021/2022,Romain Sazy,Stade Rochelais,1265,26,18,8,1986-10-14,"4,5,6",France,
top14,2021/2022,Romain Taofifenua,Lyon,948,15,14,1,1990-09-14,5,France,
top14,2021/2022,Rory Arnold,Stade Toulousain,1342,22,19,3,1990-07-01,"4,5",Australie,
top14,2021/2022,Rory Kockott,Castres Olympique,591,14,9,5,1986-06-25,"9,10",France,
top14,2021/2022,Ru-Hann Greyling,Montpellier Herault Rugby,44,1,1,0,1999-05-28,2,Afrique du Sud,
top14,2021/2022,Ryan Chapuis,Stade Francais Paris,515,10,6,4,1997-12-12,"6,7,8",France,
top14,2021/2022,Rynhardt Elstadt,Stade Toulousain,603,9,8,1,1989-12-20,"6,7,8",Afrique du Sud,
top14,2021/2022,Ryno Pieterse,Castres Olympique,212,6,3,3,1998-08-06,"4,5",Afrique du Sud,
top14,2021/2022,Sacha Lotrian,USAP,992,22,14,8,2000-08-13,1,France,
top14,2021/2022,Sadek Deghmache,USAP,682,16,9,7,1995-10-05,9,France,
top14,2021/2022,Said Hireche,CA Brive,1353,19,17,2,1985-05-27,7,France,
top14,2021/2022,Sami Mavinga,USAP,372,11,3,8,1993-05-25,1,France,
top14,2021/2022,Samuel Ezeala,ASM Clermont Auvergne,105,2,2,0,1999-12-11,13,Espagne,
top14,2021/2022,Samuel Lagrange,Stade Rochelais,284,12,2,10,1997-01-23,2,France,
top14,2021/2022,Santiago Arata,Castres Olympique,808,19,8,11,1996-09-02,9,Uruguay,
top14,2021/2022,Santiago Chocobares,Stade Toulousain,371,5,5,0,1999-03-31,"12,13",Argentine,
top14,2021/2022,Santiago Cordero,Union Bordeaux-Begles,1421,18,18,0,1993-12-06,"11,14,15",Argentine,
top14,2021/2022,Sebastien Bezy,ASM Clermont Auvergne,837,15,11,4,1991-11-22,9,France,
top14,2021/2022,Sebastien Taofifenua,Lyon,657,17,8,9,1992-03-21,1,France,
top14,2021/2022,Sebastien Vahaamahina,ASM Clermont Auvergne,1474,20,20,0,1991-10-21,5,France,
top14,2021/2022,Sefa Naivalu,Stade Francais Paris,685,10,9,1,1992-01-07,"12,13,14",Fidji,
top14,2021/2022,Seilala Lam,USAP,731,14,10,4,1989-02-18,2,Samoa,
top14,2021/2022,Sekou Macalou,Stade Francais Paris,1216,18,13,5,1995-04-20,"6,7,8",France,
top14,2021/2022,Selevasio Tolofua,Stade Toulousain,1476,26,19,7,1997-05-31,"6,7,8",France,
top14,2021/2022,Sergio Parisse,RC Toulon,889,13,12,1,1983-09-12,"7,8",Italie,
top14,2021/2022,Sergo Abramishvili,Stade Francais Paris,1,1,0,1,2003-11-20,1,Géorgie,
top14,2021/2022,Setareki Bituniyata,CA Brive,1339,19,18,1,1995-08-12,"11,12,14",Fidji,
top14,2021/2022,Setariki Tuicuvu,CA Brive,1448,20,20,0,1995-09-07,"11,13,14,15",Fidji,
top14,2021/2022,Sevanaia Galala,CA Brive,509,9,7,2,1993-01-29,"12,13",Fidji,
top14,2021/2022,Shahn Eru,USAP,663,19,5,14,1989-09-20,"4,5",Nouvelle Zélande,
top14,2021/2022,Siate Tokolahi,Section Paloise,774,23,10,13,1992-03-16,3,Tonga,
top14,2021/2022,Siegfried Fisi'ihoi,Section Paloise,1009,20,15,5,1987-06-08,1,Tonga,
top14,2021/2022,Simon Meka,Castres Olympique,125,3,1,2,2000-03-14,"6,7",France,
top14,2021/2022,Simon Moretti,RC Toulon,80,1,1,0,2000-04-19,11,France,
top14,2021/2022,Simon-Pierre Chauvac,CA Brive,743,15,11,4,1998-03-23,1,France,
top14,2021/2022,Sipili Falatea,ASM Clermont Auvergne,267,8,1,7,1997-06-06,3,France,
top14,2021/2022,Siua Halanukonuka,USAP,914,20,14,6,1986-08-09,3,Tonga,
top14,2021/2022,So'otala Fa'aso'o,CA Brive,938,16,14,2,1994-10-02,8,Samoa,
top14,2021/2022,Sofiane Guitoune,Stade Toulousain,856,12,11,1,1989-03-27,"13,14",France,
top14,2021/2022,Sonatane Takulua,RC Toulon,42,2,0,2,1991-01-11,9,Tonga,
top14,2021/2022,Soso Bekoshvili,CA Brive,551,16,5,11,1993-11-03,3,Géorgie,
top14,2021/2022,Steeve Barry,Biarritz Olympique,799,13,10,3,1991-04-18,"11,14,15",France,
top14,2021/2022,Steffon Armitage,Biarritz Olympique,927,23,9,14,1985-09-20,"4,5,6,7,8",Angleterre,
top14,2021/2022,Steven Cummins,Section Paloise,984,19,12,7,1992-03-29,"4,5",Australie,
top14,2021/2022,Stuart Olding,CA Brive,1103,16,14,2,1993-03-11,"10,12,13",Irlande,
top14,2021/2022,Swan Rebbadj,RC Toulon,1511,23,19,4,1995-01-15,"4,5,6,7,8",France,
top14,2021/2022,TJ Maguranyanga,ASM Clermont Auvergne,1,1,0,1,2002-12-22,15,Zimbabwe,
top14,2021/2022,Talalelei Gray,Stade Francais Paris,302,7,6,1,1990-02-28,8,Samoa,
top14,2021/2022,Tanguy Lacoste,CA Brive,18,1,0,1,2002-12-17,15,France,
top14,2021/2022,Tani Vili,ASM Clermont Auvergne,841,16,10,6,2000-10-31,"11,12,13",France,
top14,2021/2022,Tavite Veredamu,Lyon,302,5,4,1,1989-09-01,"11,13,14",France,
top14,2021/2022,Tawera Kerr-Barlow,Stade Rochelais,1289,21,16,5,1990-08-15,9,Nouvelle Zélande,
top14,2021/2022,Teariki Ben-Nicholas,Castres Olympique,946,16,15,1,1995-07-18,8,Nouvelle Zélande,
top14,2021/2022,Teddy Baubigny,Racing 92,971,24,10,14,1998-09-02,2,France,
top14,2021/2022,Teddy Iribaren,Racing 92,84,2,1,1,1990-09-25,9,France,
top14,2021/2022,Teddy Thomas,Racing 92,681,10,8,2,1993-09-18,"13,14",France,
top14,2021/2022,Tedo Abzhandadze,CA Brive,357,7,4,3,1999-06-13,"10,12,15",Géorgie,
top14,2021/2022,Telusa Veainu,Stade Francais Paris,1050,15,14,1,1990-12-26,"11,14,15",Tonga,
top14,2021/2022,Temo Mayanavanua,Lyon,905,20,10,10,1997-11-09,"4,5",Fidji,
top14,2021/2022,Teo Bordenave,Section Paloise,26,2,0,2,2001-08-10,1,France,
top14,2021/2022,Tevita Cavubati,USAP,409,10,7,3,1987-08-12,"4,5",Fidji,
top14,2021/2022,Tevita Kuridrani,Biarritz Olympique,1377,20,18,2,1991-03-31,"12,13",Fidji,
top14,2021/2022,Tevita Ratuva,CA Brive,1206,21,19,2,1995-05-08,"4,5",Fidji,
top14,2021/2022,Theo Dachary,RC Toulon,158,3,2,1,1997-03-26,"12,13",France,
top14,2021/2022,Theo Hannoyer,Castres Olympique,241,6,3,3,1996-06-09,"4,5",France,
top14,2021/2022,Theo William,Lyon,85,3,1,2,2000-07-04,"4,7",France,
top14,2021/2022,Thibaud Flament,Stade Toulousain,986,19,11,8,1997-04-29,"4,5,6,7",France,
top14,2021/2022,Thibaud Lanen,ASM Clermont Auvergne,862,16,11,5,1998-04-01,"4,5",France,
top14,2021/2022,Thibault Daubagna,Section Paloise,734,20,9,11,1994-05-20,"9,10",France,
top14,2021/2022,Thibault Debaes,Section Paloise,357,7,4,3,2001-11-30,"10,11,13,14",France,
top14,2021/2022,Thibaut Hamonou,Section Paloise,224,6,3,3,2000-03-10,"4,6,7,8",France,
top14,2021/2022,Thibaut Regard,Lyon,1329,22,14,8,1993-08-06,"10,11,12,13",France,
top14,2021/2022,Thierry Paiva,Union Bordeaux-Begles,1096,22,16,6,1995-11-19,1,France,
top14,2021/2022,Thomas Acquier,CA Brive,786,16,10,6,1989-11-21,2,France,
top14,2021/2022,Thomas Berjon,Stade Rochelais,612,14,9,5,1998-04-12,"9,11,12",France,
top14,2021/2022,Thomas Carol,Section Paloise,530,11,7,4,2001-01-17,"10,11,14,15",France,
top14,2021/2022,Thomas Combezou,Castres Olympique,1463,24,17,7,1987-01-26,"12,13",France,
top14,2021/2022,Thomas Darmon,Montpellier Herault Rugby,1002,17,11,6,1998-05-12,"10,11,12,13,15",France,
top14,2021/2022,Thomas Hebert,Biarritz Olympique,44,3,0,3,2000-02-18,"4,7,8",France,
top14,2021/2022,Thomas Jolmes,Union Bordeaux-Begles,950,21,12,9,1995-10-08,"4,5,6,7",France,
top14,2021/2022,Thomas Laranjeira,CA Brive,626,12,9,3,1992-05-05,"12,14,15",France,
top14,2021/2022,Thomas Larregain,Castres Olympique,44,2,1,1,1997-04-16,15,France,
top14,2021/2022,Thomas Lavault,Stade Rochelais,947,24,9,15,1999-05-03,"4,5,6,7,8",France,
top14,2021/2022,Thomas Ployet,Stade Rochelais,17,1,0,1,2001-12-12,6,France,
top14,2021/2022,Thomas Ramos,Stade Toulousain,1405,18,18,0,1995-07-23,"10,15",France,
top14,2021/2022,Thomas Roziere,ASM Clermont Auvergne,481,10,6,4,2000-04-13,"11,13,14,15",France,
top14,2021/2022,Thomas Salles,RC Toulon,552,9,7,2,1996-08-19,"11,12,13,15",France,
top14,2021/2022,Tim Nanai-Williams,Stade Toulousain,484,10,6,4,1989-06-12,"10,12,13",Samoa,
top14,2021/2022,Titi Lamositele,Montpellier Herault Rugby,936,22,13,9,1995-02-11,"1,3",Samoa,
top14,2021/2022,Toby Arnold,Lyon,1598,21,20,1,1987-09-11,"14,15",Nouvelle Zélande,
top14,2021/2022,Tolu Latu,Stade Francais Paris,985,17,13,4,1993-02-23,2,Tonga,
top14,2021/2022,Tom Danovaro,CA Brive,19,1,0,1,2001-06-27,12,France,
top14,2021/2022,Tom Ecochard,USAP,834,17,11,6,1992-12-14,"9,12",France,
top14,2021/2022,Tom Staniforth,Castres Olympique,1960,26,26,0,1994-08-13,5,Australie,
top14,2021/2022,Tomas Cubelli,Biarritz Olympique,704,13,9,4,1989-06-12,9,Argentine,
top14,2021/2022,Tomas Lavanini,ASM Clermont Auvergne,526,8,7,1,1993-01-22,"4,5",Argentine,
top14,2021/2022,Tornike Jalagonia,Biarritz Olympique,911,16,13,3,1998-12-12,"6,7,8",Géorgie,
top14,2021/2022,Trevor Nyakane,Racing 92,452,11,5,6,1989-05-04,3,Afrique du Sud,
top14,2021/2022,Tristan Labouteley,USAP,1269,18,15,3,1995-04-12,"4,7",France,
top14,2021/2022,Tristan Tedder,USAP,1617,22,22,0,1996-04-17,"10,15",Afrique du Sud,
top14,2021/2022,Tumua Manu,Section Paloise,1647,23,21,2,1993-04-18,"11,12,13,14",Samoa,
top14,2021/2022,Tyler Ardron,Castres Olympique,990,13,13,0,1991-06-16,"6,7,8",Canada,
top14,2021/2022,Tyler Duguid,Montpellier Herault Rugby,212,4,3,1,2000-10-17,"5,6",Canada,
top14,2021/2022,Uini Atonio,Stade Rochelais,936,18,13,5,1990-03-26,3,France,
top14,2021/2022,Ulupano Seuteni,Union Bordeaux-Begles,1344,22,17,5,1993-12-09,"10,12,13",Samoa,
top14,2021/2022,Ushangi Tcheishvili,Biarritz Olympique,233,9,1,8,1997-08-29,1,Géorgie,
top14,2021/2022,Vadim Cobilas,Union Bordeaux-Begles,866,21,13,8,1983-07-30,3,France,
top14,2021/2022,Vakhtang Jintcharadze,USAP,51,2,0,2,1999-11-08,"1,3",Géorgie,
top14,2021/2022,Vakhtangi Akhobadze,Biarritz Olympique,102,6,0,6,1993-05-07,3,Géorgie,
top14,2021/2022,Valentin Tirefort,CA Brive,104,2,1,1,1998-07-01,"14,15",France,
top14,2021/2022,Vano Karkadze,CA Brive,515,15,4,11,2000-06-25,2,Géorgie,
top14,2021/2022,Vasil Kakovin,Stade Francais Paris,652,16,7,9,1989-12-01,"1,3",Géorgie,
top14,2021/2022,Vasil Lobzhanidze,CA Brive,928,21,12,9,1996-10-14,"6,9",Géorgie,
top14,2021/2022,Victor Lebas,CA Brive,557,18,4,14,1993-06-09,"4,5,7,8",France,
top14,2021/2022,Victor Montgaillard,USAP,16,1,0,1,2002-07-16,2,France,
top14,2021/2022,Victor Moreaux,Racing 92,263,9,3,6,1993-09-19,"5,6,7,8",France,
top14,2021/2022,Victor Vito,Stade Rochelais,1004,15,14,1,1987-03-27,"6,7,8",Nouvelle Zélande,
top14,2021/2022,Vilimoni Botitu,Castres Olympique,1290,19,18,1,1998-06-15,"12,13",Fidji,
top14,2021/2022,Vincent Giudicelli,Montpellier Herault Rugby,444,14,4,10,1997-06-25,"2,5",France,
top14,2021/2022,Vincent Martin,Biarritz Olympique,564,12,6,6,1992-09-04,"11,12,13,14",France,
top14,2021/2022,Vincent Pinto,Section Paloise,407,7,5,2,1999-04-10,"11,12,14",Portugal,
top14,2021/2022,Vincent Rattez,Montpellier Herault Rugby,1567,23,20,3,1992-03-24,"10,11,14",France,
top14,2021/2022,Virimi Vakatawa,Racing 92,1348,20,18,2,1992-05-01,"12,13",France,
top14,2021/2022,Vivien Devisme,Lyon,387,12,6,6,1992-03-23,1,France,
top14,2021/2022,Waisea Nayacalevu,Stade Francais Paris,1551,21,20,1,1990-06-26,"13,14",Fidji,
top14,2021/2022,Wayan De Benedittis,Castres Olympique,819,23,5,18,1999-03-10,1,France,
top14,2021/2022,Wenceslas Lauret,Racing 92,1217,18,16,2,1989-03-28,"6,7,8",France,
top14,2021/2022,Wesley Douglas,CA Brive,611,11,6,5,1996-11-28,"10,11,12,13,14,15",Angleterre,
top14,2021/2022,Wesley Fofana,ASM Clermont Auvergne,91,2,2,0,1988-01-20,12,France,
top14,2021/2022,Wesley Tapueluelu,CA Brive,221,8,2,6,1999-12-03,"1,3",Tonga,
top14,2021/2022,Wiaan Liebenberg,Stade Rochelais,1326,18,17,1,1992-08-31,"6,7",Afrique du Sud,
top14,2021/2022,Wilfrid Hounkpatin,Castres Olympique,1508,26,24,2,1991-07-29,3,France,
top14,2021/2022,Will Percillier,Stade Francais Paris,122,4,1,3,1999-01-30,9,France,
top14,2021/2022,Will Skelton,Stade Rochelais,1103,17,14,3,1992-05-03,"4,5",Australie,
top14,2021/2022,Xavier Chiocci,Lyon|USAP,626,18,6,12,1990-02-13,"1,3",France,
top14,2021/2022,Xavier Mignot,Lyon,1100,18,14,4,1994-01-27,"11,12,13,14",France,
top14,2021/2022,Ximun Lucu,Biarritz Olympique,483,7,7,0,1989-12-09,15,France,
top14,2021/2022,Yacouba Camara,Montpellier Herault Rugby,1149,17,15,2,1994-06-02,"4,6,7",France,
top14,2021/2022,Yanis Boulassel,RC Toulon,8,1,0,1,2002-05-10,2,France,
top14,2021/2022,Yanis Charcosset,Lyon,212,10,1,9,2001-08-28,"2,8",France,
top14,2021/2022,Yann Lesgourgues,Union Bordeaux-Begles,957,20,13,7,1991-01-17,9,France,
top14,2021/2022,Yannick Youyoutte,Stade Toulousain,618,14,7,7,1999-08-30,"4,5,6,7",France,
top14,2021/2022,Yoan Tanga,Racing 92,1488,23,20,3,1996-11-29,"5,7,8",France,
top14,2021/2022,Yoann Maestri,Stade Francais Paris,459,10,7,3,1988-01-14,5,France,
top14,2021/2022,Yohan Beheregaray,ASM Clermont Auvergne,623,16,6,10,1996-05-29,2,France,
top14,2021/2022,Yohann Artru,Biarritz Olympique,383,6,5,1,1992-05-31,"11,14",France,
top14,2021/2022,Yoram Moefana,Union Bordeaux-Begles,1276,18,16,2,2000-07-18,"12,13,14",France,
top14,2021/2022,Youri Delhommel,Section Paloise,559,17,6,11,1996-03-06,2,France,
top14,2021/2022,Yvan Reilhac,Montpellier Herault Rugby,380,8,4,4,1995-06-09,"10,12,13,14,15",France,
top14,2021/2022,Zach Mercer,Montpellier Herault Rugby,1730,26,21,5,1997-06-28,"4,6,8",Angleterre,
top14,2021/2022,Zack Henry,Section Paloise,1040,15,12,3,1994-10-01,"10,15",Angleterre,
top14,2021/2022,Zack Holmes,Stade Toulousain,913,18,11,7,1990-05-30,"9,10,12,13,15",Australie,
top14,2021/2022,Zakaria El Fakir,Biarritz Olympique,428,8,6,2,1997-01-29,"1,3",France,
top14,2022/2023,Aaron Grandidier-Nkanang,CA Brive,400,5,5,0,2000-05-18,14,France,
top14,2022/2023,Abraham Papali'i,CA Brive,685,16,8,8,1993-06-20,"4,6,7,8",Nouvelle Zélande,
top14,2022/2023,Adam Bouare,Montpellier Herault Rugby,36,1,0,1,2004-10-18,3,France,
top14,2022/2023,Adrea Cocagi,Castres Olympique,1122,18,15,3,1994-03-01,"12,13",Fidji,
top14,2022/2023,Adrien Pelissie,ASM Clermont Auvergne,292,11,1,10,1990-08-07,2,France,
top14,2022/2023,Adrien Seguret,Castres Olympique,1211,16,15,1,1998-07-22,"12,13",France,
top14,2022/2023,Adrien Sonzogni,Montpellier Herault Rugby,42,1,1,0,2003-02-15,2,France,
top14,2022/2023,Adrien Warion,RC Toulon,179,8,1,7,2001-01-07,"4,5",France,
top14,2022/2023,Afaesetiti Amosa,Bayonne,199,4,4,0,1990-10-11,"6,8",Samoa,
top14,2022/2023,Afusipa Taumoepeau,USAP,1241,17,16,1,1990-01-26,13,Tonga,
top14,2022/2023,Aitor Hourcade,Bayonne,48,3,0,3,2001-02-13,"5,7,8",France,
top14,2022/2023,Akato Fakatika,USAP,159,6,0,6,2001-01-31,"1,3",France,
top14,2022/2023,Alan Brazo,USAP,500,9,6,3,1992-05-21,"4,5,6,7",France,
top14,2022/2023,Alban Placines,Stade Toulousain,835,17,12,5,1993-04-23,"5,6,7",France,
top14,2022/2023,Alban Roussel,Union Bordeaux-Begles,344,9,4,5,1998-09-11,"4,5,7,8",France,
top14,2022/2023,Aleksandre Kuntelia,Stade Rochelais,251,8,2,6,2002-06-26,3,Géorgie,
top14,2022/2023,Alex Arrate,Stade Francais Paris,746,13,11,2,1997-06-24,12,France,
top14,2022/2023,Alex Newsome,ASM Clermont Auvergne,1509,19,19,0,1995-01-20,"14,15",Australie,
top14,2022/2023,Alexandre Becognee,Montpellier Herault Rugby,1394,20,19,1,1996-09-03,"6,7,8",France,
top14,2022/2023,Alexandre Fischer,ASM Clermont Auvergne,346,8,6,2,1998-01-19,"6,7",France,
top14,2022/2023,Alexandre Perez,USAP,87,2,1,1,2002-07-17,10,France,
top14,2022/2023,Alexandre Roumat,Stade Toulousain,1685,26,21,5,1997-06-27,"6,7,8",France,
top14,2022/2023,Alexandre Tchaptchet,Lyon,200,3,3,0,2001-09-26,15,France,
top14,2022/2023,Alfred Parisien,Lyon,293,8,3,5,2001-03-04,"10,11,12,13",France,
top14,2022/2023,Ali Crossdale,USAP,654,9,8,1,1998-01-09,"11,15",Angleterre,
top14,2022/2023,Ali Oz,Racing 92,159,5,0,5,1995-05-28,3,France,
top14,2022/2023,Alivereti Duguivalu,USAP,554,9,7,2,1997-07-21,"11,13,14",Fidji,
top14,2022/2023,Alivereti Raka,ASM Clermont Auvergne,1838,23,23,0,1994-12-09,"11,14",France,
top14,2022/2023,Aminiasi Tuimaba,Section Paloise,388,5,5,0,1995-03-26,"11,14",Fidji,
top14,2022/2023,Andrei Mahu,USAP,196,6,4,2,1991-09-03,"4,5",Roumanie,
top14,2022/2023,Andres Zafra,CA Brive,364,11,2,9,1996-03-26,"4,5,6,8",Colombie,
top14,2022/2023,Ange Capuozzo,Stade Toulousain,542,9,7,2,1999-04-30,"11,14,15",Italie,
top14,2022/2023,Anthime Hemery,Racing 92,538,14,8,6,2001-01-09,"4,5,7,8,9",France,
top14,2022/2023,Anthony Belleau,ASM Clermont Auvergne,1150,25,14,11,1996-04-08,"10,12",France,
top14,2022/2023,Anthony Bouthier,Montpellier Herault Rugby,1805,24,23,1,1992-06-19,"13,15",France,
top14,2022/2023,Anthony Etrillard,RC Toulon,749,17,12,5,1993-03-21,2,France,
top14,2022/2023,Anthony Jelonch,Stade Toulousain,633,10,8,2,1996-07-28,"4,6,7,8",France,
top14,2022/2023,Antoine Bouzerand,Castres Olympique,14,1,1,0,1999-05-26,14,France,
top14,2022/2023,Antoine Dupont,Stade Toulousain,1042,15,12,3,1996-11-15,"9,10",France,
top14,2022/2023,Antoine Gibert,Racing 92,1200,28,13,15,1997-12-31,"9,10,13",France,
top14,2022/2023,Antoine Guillamon,Castres Olympique,32,2,0,2,1991-06-04,3,France,
top14,2022/2023,Antoine Hastoy,Stade Rochelais,1400,20,18,2,1997-06-04,"10,12",France,
top14,2022/2023,Antoine Miquel,Union Bordeaux-Begles,859,14,12,2,1994-06-20,"4,6,7,8",France,
top14,2022/2023,Antoine Tichit,Castres Olympique,623,19,6,13,1989-06-13,1,France,
top14,2022/2023,Antoine Zeghdar,Castres Olympique,563,14,6,8,1999-05-22,"10,11,13,14,15",France,
top14,2022/2023,Anton Bresler,Racing 92,452,14,3,11,1988-02-16,"4,5,7",Namibie,
top14,2022/2023,Apisai Naqalevu,ASM Clermont Auvergne,171,4,2,2,1989-08-21,"12,13,14",Fidji,
top14,2022/2023,Arnaud Erbinartegaray,Bayonne,412,6,5,1,2000-09-16,14,France,
top14,2022/2023,Arno Botha,Lyon,987,17,15,2,1991-10-26,"7,8",Afrique du Sud,
top14,2022/2023,Arthur Bonneval,CA Brive|Stade Toulousain,1014,13,13,0,1995-05-31,14,France,
top14,2022/2023,Arthur Coville,Stade Francais Paris,758,17,10,7,1998-02-04,"9,10",France,
top14,2022/2023,Arthur Duhau,Bayonne,198,3,2,1,1997-08-09,"11,14",France,
top14,2022/2023,Arthur Iturria,ASM Clermont Auvergne,1335,18,18,0,1994-05-13,6,France,
top14,2022/2023,Arthur Joly,USAP,799,17,13,4,1988-02-20,3,France,
top14,2022/2023,Arthur Retiere,Stade Toulousain,1238,22,18,4,1997-08-01,"9,11,14,15",France,
top14,2022/2023,Arthur Vincent,Montpellier Herault Rugby,124,2,2,0,1999-09-30,"12,13",France,
top14,2022/2023,Asaeli Tuivuaka,Racing 92,80,1,1,0,1995-12-22,11,Fidji,
top14,2022/2023,Asier Usarraga,Castres Olympique,611,14,7,7,1994-12-31,"4,6,7",Espagne,
top14,2022/2023,Atila Septar,RC Toulon,184,3,3,0,1996-06-02,"12,13",France,
top14,2022/2023,Aubin Eymeri,Montpellier Herault Rugby,164,4,2,2,2002-05-21,9,France,
top14,2022/2023,Aurelien Azar,Castres Olympique,418,10,4,6,1994-06-10,3,France,
top14,2022/2023,Axel Desperes,Section Paloise,51,1,1,0,2004-01-16,10,France,
top14,2022/2023,Axel Muller,CA Brive,1398,19,18,1,1993-11-25,"11,14",Argentine,
top14,2022/2023,Aymeric Luc,RC Toulon,1339,19,17,2,1997-10-14,"11,14,15",France,
top14,2022/2023,Aymeric Tronc,CA Brive,6,1,0,1,2001-01-24,2,France,
top14,2022/2023,Baptiste Chouzenoux,Racing 92,1434,24,18,6,1993-08-07,"4,5,6,7",France,
top14,2022/2023,Baptiste Cope,Castres Olympique,373,10,4,6,2002-02-09,"6,7,8",France,
top14,2022/2023,Baptiste Couilloud,Lyon,1157,20,16,4,1997-07-22,9,France,
top14,2022/2023,Baptiste Delaporte,Castres Olympique,1122,20,11,9,1997-03-25,"5,6,7,8,9",France,
top14,2022/2023,Baptiste Heguy,Bayonne,1443,19,19,0,1998-05-11,7,France,
top14,2022/2023,Baptiste Jauneau,ASM Clermont Auvergne,805,22,10,12,2003-11-17,9,France,
top14,2022/2023,Baptiste Pesenti,Stade Francais Paris,892,17,14,3,1997-07-03,5,France,
top14,2022/2023,Baptiste Serin,RC Toulon,1148,21,15,6,1994-06-20,"9,10",France,
top14,2022/2023,Bastien Chalureau,Montpellier Herault Rugby,838,17,11,6,1992-02-13,"4,5",France,
top14,2022/2023,Bastien Pourailly,Bayonne,360,5,5,0,1994-01-31,14,France,
top14,2022/2023,Bastien Vergnes-Taillefer,Union Bordeaux-Begles,1082,16,13,3,1997-06-13,"6,7,8",France,
top14,2022/2023,Bautista Delguy,ASM Clermont Auvergne,954,14,13,1,1997-04-22,14,Argentine,
top14,2022/2023,Beka Gigashvili,RC Toulon,1105,22,17,5,1992-02-17,"1,3",Géorgie,
top14,2022/2023,Beka Gorgadze,Section Paloise,1293,19,18,1,1996-02-08,"6,8",Géorgie,
top14,2022/2023,Beka Saginadze,Lyon,1153,18,16,2,1998-10-29,"6,7,8",Géorgie,
top14,2022/2023,Ben Botica,Castres Olympique,144,4,2,2,1989-10-07,10,Nouvelle Zélande,
top14,2022/2023,Ben Lam,Montpellier Herault Rugby,386,6,5,1,1991-06-09,"11,14",Samoa,
top14,2022/2023,Ben Tameifuna,Union Bordeaux-Begles,796,19,11,8,1991-08-30,"1,3",Tonga,
top14,2022/2023,Ben Volavola,Racing 92,86,7,0,7,1991-01-13,"10,13,15",Fidji,
top14,2022/2023,Benjamin Boudou,ASM Clermont Auvergne,388,12,2,10,2002-06-07,"2,7",France,
top14,2022/2023,Benjamin Urdapilleta,Castres Olympique,1156,15,15,0,1986-03-11,10,Argentine,
top14,2022/2023,Benoit Paillaugue,RC Toulon,891,21,12,9,1987-11-17,9,France,
top14,2022/2023,Bernard Le Roux,Racing 92,181,3,3,0,1989-06-04,4,France,
top14,2022/2023,Biyi Alo,Racing 92,176,5,2,3,1994-03-16,3,Angleterre,
top14,2022/2023,Boris Goutard,USAP,609,11,8,3,1998-06-10,"12,14,15",France,
top14,2022/2023,Boris Palu,Racing 92,1380,24,16,8,1996-02-04,"4,5,8",France,
top14,2022/2023,Brad Shields,USAP,865,12,11,1,1991-04-02,"4,6",Angleterre,
top14,2022/2023,Brandon Paenga-Amosa,Montpellier Herault Rugby,991,19,12,7,1995-12-25,2,Australie,
top14,2022/2023,Brayden Wiliame,USAP,92,2,1,1,1992-12-17,12,Australie,
top14,2022/2023,Brendan Lebrun,Castres Olympique,40,1,1,0,1998-01-22,2,France,
top14,2022/2023,Brent Liufau,Section Paloise,21,2,0,2,2004-03-21,"5,8",France,
top14,2022/2023,Brian Alainu'uese,RC Toulon,1720,24,23,1,1994-03-19,"4,5",Samoa,
top14,2022/2023,Brice Dulin,Stade Rochelais,1404,20,19,1,1990-04-13,15,France,
top14,2022/2023,Brice Humbert,Castres Olympique,319,11,1,10,1996-08-27,2,France,
top14,2022/2023,Bruce Devaux,RC Toulon,637,19,7,12,1996-11-14,1,France,
top14,2022/2023,Caleb Timu,Union Bordeaux-Begles,505,13,4,9,1994-02-22,"6,7,8",Australie,
top14,2022/2023,Cameron Woki,Racing 92,1152,19,12,7,1998-11-07,"4,5,7,8",France,
top14,2022/2023,Camille Chat,Racing 92,763,17,13,4,1995-12-18,2,France,
top14,2022/2023,Camille Lopez,Bayonne,1896,26,23,3,1989-04-03,"10,15",France,
top14,2022/2023,Cedate Gomes Sa,Racing 92,580,15,6,9,1993-08-07,3,France,
top14,2022/2023,Charles Ollivon,RC Toulon,943,13,12,1,1993-05-11,"6,7",France,
top14,2022/2023,Charlie Faumuina,Stade Toulousain,470,14,5,9,1986-12-24,3,Nouvelle Zélande,
top14,2022/2023,Cheikh Tiberghien,ASM Clermont Auvergne,979,16,11,5,2000-01-08,"11,12,13,14,15",France,
top14,2022/2023,Cheslin Kolbe,RC Toulon,1077,14,14,0,1993-10-28,14,Afrique du Sud,
top14,2022/2023,Chris Talakai,Bayonne,123,5,0,5,1994-06-26,"1,3",Australie,
top14,2022/2023,Christian Wade,Racing 92,445,6,6,0,1991-05-15,"11,14",Angleterre,
top14,2022/2023,Christopher Tolofua,RC Toulon,530,15,4,11,1993-12-31,2,France,
top14,2022/2023,Christopher Vaotoa,Union Bordeaux-Begles,152,6,0,6,1996-11-16,"1,3",France,
top14,2022/2023,Clement Castets,Stade Francais Paris,909,19,14,5,1996-05-05,1,France,
top14,2022/2023,Clement Doumenc,Montpellier Herault Rugby,600,17,4,13,1997-04-01,"4,6,7,8",France,
top14,2022/2023,Clement Laporte,Section Paloise,1494,20,20,0,1998-01-07,"11,14,15",France,
top14,2022/2023,Clement Maynadier,Union Bordeaux-Begles,423,15,2,13,1988-10-11,2,France,
top14,2022/2023,Clement Mondinat,Section Paloise,150,6,0,6,2003-10-29,"10,11,15",France,
top14,2022/2023,Clement Verge,Stade Toulousain,214,5,2,3,2001-09-13,"4,5",France,
top14,2022/2023,Clovis Le Bail,Section Paloise,378,11,3,8,1995-11-29,9,France,
top14,2022/2023,Cobus Reinach,Montpellier Herault Rugby,854,16,13,3,1990-02-07,9,Afrique du Sud,
top14,2022/2023,Connor Sa,Union Bordeaux-Begles,51,1,1,0,2002-01-22,2,Nouvelle Zélande,
top14,2022/2023,Cornell du Preez,RC Toulon,1335,20,18,2,1991-03-23,"6,7",Ecosse,
top14,2022/2023,Cristian Ojovan,ASM Clermont Auvergne,928,18,15,3,1997-01-04,3,Moldavie,
top14,2022/2023,Curtis Langdon,Montpellier Herault Rugby,319,9,3,6,1997-08-03,2,Angleterre,
top14,2022/2023,Cyriac Guilly,ASM Clermont Auvergne,70,1,1,0,2003-04-06,6,France,
top14,2022/2023,Cyril Baille,Stade Toulousain,390,9,4,5,1993-09-15,1,France,
top14,2022/2023,Cyril Cazeaux,Union Bordeaux-Begles,1272,18,18,0,1995-02-10,"4,5",France,
top14,2022/2023,Damian Penaud,ASM Clermont Auvergne,932,12,12,0,1996-09-25,"13,14",France,
top14,2022/2023,Dan Biggar,RC Toulon,426,7,5,2,1989-10-16,10,Pays de Galles,
top14,2022/2023,Dan Robson,Section Paloise,678,16,7,9,1992-03-14,9,Angleterre,
top14,2022/2023,Daniel Bibi Biziwu,ASM Clermont Auvergne,288,11,0,11,2001-08-29,1,France,
top14,2022/2023,Daniel Brennan,CA Brive,802,19,12,7,1998-09-23,1,Irlande,
top14,2022/2023,Daniel Ikpefan,Section Paloise,776,11,11,0,1993-10-18,"11,14",France,
top14,2022/2023,Dany Priso,RC Toulon,1023,23,13,10,1994-01-02,1,France,
top14,2022/2023,David Ainu'u,Stade Toulousain,781,18,10,8,1999-11-20,"1,3",Etats-Unis,
top14,2022/2023,Davit Kubriashvili,ASM Clermont Auvergne,392,13,3,10,1986-12-03,"1,3",Géorgie,
top14,2022/2023,Davit Niniashvili,Lyon,847,12,12,0,2002-07-14,"11,14,15",Géorgie,
top14,2022/2023,Demba Bamba,Lyon,668,12,11,1,1998-03-17,3,France,
top14,2022/2023,Denis Marchois,Bayonne,1258,22,17,5,1994-02-05,"4,5,6",France,
top14,2022/2023,Dillyn Leyds,Stade Rochelais,1637,21,20,1,1992-09-12,"10,11,14,15",Afrique du Sud,
top14,2022/2023,Dimitri Delibes,Stade Toulousain,1061,17,13,4,1999-03-17,"11,12,13,14,15",France,
top14,2022/2023,Donovan Taofifenua,Racing 92,1258,16,16,0,1999-03-30,14,France,
top14,2022/2023,Dorian Aldegheri,Stade Toulousain,1105,22,18,4,1993-08-04,3,France,
top14,2022/2023,Dorian Laborde,USAP,389,6,5,1,1996-12-30,"12,13",France,
top14,2022/2023,Duncan Paia'aua,RC Toulon,1092,15,14,1,1995-01-20,"12,13",Samoa,
top14,2022/2023,Dylan Cretin,Lyon,1252,18,15,3,1997-05-04,"6,7",France,
top14,2022/2023,Eddie Sawailau,USAP,641,12,8,4,1996-04-04,"10,11,12,13,14",Fidji,
top14,2022/2023,Eddy Ben Arous,Racing 92,828,22,9,13,1990-08-25,1,France,
top14,2022/2023,Edgar Retiere,Stade Toulousain,176,7,2,5,2001-01-29,"9,10,12",France,
top14,2022/2023,Edward Annandale,ASM Clermont Auvergne,115,7,0,7,2001-01-18,"4,5",Nouvelle Zélande,
top14,2022/2023,Eliott Roudil,Section Paloise,464,7,6,1,1996-10-30,"11,13,14",France,
top14,2022/2023,Elliott Stooke,Montpellier Herault Rugby,359,7,5,2,1993-09-10,"4,5",Angleterre,
top14,2022/2023,Emerick Setiano,RC Toulon,419,15,3,12,1996-07-19,3,France,
top14,2022/2023,Emilien Gailleton,Section Paloise,1631,24,18,6,2003-07-13,"10,11,12,13",France,
top14,2022/2023,Emmanuel Meafou,Stade Toulousain,1379,23,18,5,1998-07-12,"4,5",France,
top14,2022/2023,Eneriko Buliruarua,Bayonne,794,16,10,6,1997-01-23,"12,13",Fidji,
top14,2022/2023,Enzo Benmegal,Racing 92,160,2,2,0,2003-10-28,14,France,
top14,2022/2023,Enzo Forletta,Montpellier Herault Rugby,1083,23,17,6,1994-06-15,1,France,
top14,2022/2023,Enzo Herve,CA Brive,517,13,6,7,1998-10-13,"10,12,15",France,
top14,2022/2023,Enzo Sanga,CA Brive,158,7,0,7,1995-05-19,9,France,
top14,2022/2023,Eoghan Barrett,Section Paloise,129,2,2,0,1999-05-31,11,Irlande,
top14,2022/2023,Esteban Abadie,CA Brive,1969,26,25,1,1997-12-01,"4,6,7,8",France,
top14,2022/2023,Ethan Clusel,Lyon,21,1,0,1,2003-09-14,14,France,
top14,2022/2023,Ethan Dumortier,Lyon,1500,19,19,0,2000-12-29,"11,14",France,
top14,2022/2023,Etienne Falgoux,ASM Clermont Auvergne,1049,20,18,2,1993-01-19,1,France,
top14,2022/2023,Etienne Fourcade,ASM Clermont Auvergne,679,11,11,0,1997-04-11,2,France,
top14,2022/2023,Eto Bainivalu,Stade Toulousain,87,2,1,1,2001-02-13,14,Fidji,
top14,2022/2023,Ewan Bertheau,USAP,80,1,1,0,2001-07-05,7,France,
top14,2022/2023,Fabien Sanconnie,Racing 92,1267,22,19,3,1995-02-21,"4,5,6",France,
top14,2022/2023,Fabrice Metz,Section Paloise,677,13,12,1,1991-01-23,"4,5",France,
top14,2022/2023,Facundo Bosch,Bayonne,1361,23,21,2,1991-08-08,2,Argentine,
top14,2022/2023,Facundo Isa,RC Toulon,1138,20,14,6,1993-09-21,"4,7,8",Argentine,
top14,2022/2023,Feao Fotuaika,Lyon,462,14,4,10,1993-04-23,"1,3",Tonga,
top14,2022/2023,Federico Mori,Union Bordeaux-Begles,502,7,6,1,2000-10-13,"11,12,14",Italie,
top14,2022/2023,Felix Lambey,Lyon,954,18,11,7,1994-03-15,"4,5,6,7",France,
top14,2022/2023,Filipo Nakosi,Castres Olympique,1521,20,20,0,1992-04-08,11,Fidji,
top14,2022/2023,Finn Russell,Racing 92,1400,22,17,5,1992-09-23,10,Ecosse,
top14,2022/2023,Fletcher Smith,Lyon,498,9,6,3,1995-03-01,"10,14",Nouvelle Zélande,
top14,2022/2023,Florent Vanverberghe,Castres Olympique,852,22,12,10,2000-07-22,"4,5",France,
top14,2022/2023,Florian Dufour,CA Brive,182,5,1,4,1997-10-29,2,France,
top14,2022/2023,Florian Verhaeghe,Montpellier Herault Rugby,624,11,9,2,1997-04-27,"4,6,7",France,
top14,2022/2023,Francis Saili,Racing 92,1194,21,15,6,1991-02-16,"12,13",Nouvelle Zélande,
top14,2022/2023,Francisco Coria Marchetti,CA Brive,125,6,0,6,2000-10-07,3,Argentine,
top14,2022/2023,Francisco Gomez Kodela,Lyon,272,9,3,6,1985-07-03,3,France,
top14,2022/2023,Francois Carlo Mey,ASM Clermont Auvergne,86,2,1,1,2003-07-01,"12,13",Italie,
top14,2022/2023,Francois Cros,Stade Toulousain,571,10,7,3,1994-03-25,"5,6,7",France,
top14,2022/2023,Fritz Lee,ASM Clermont Auvergne,1356,20,19,1,1988-08-29,"7,8",Samoa,
top14,2022/2023,Gabin Michet,ASM Clermont Auvergne,1,1,0,1,2001-06-21,11,France,
top14,2022/2023,Gabin Rocher,Montpellier Herault Rugby,48,1,1,0,2004-04-30,11,France,
top14,2022/2023,Gabin Villiere,RC Toulon,140,2,2,0,1995-12-13,11,France,
top14,2022/2023,Gabriel Ngandebe,Montpellier Herault Rugby,913,13,11,2,1997-03-30,"6,11,13,14",France,
top14,2022/2023,Gabriel Oghre,Union Bordeaux-Begles,329,9,3,6,1998-05-25,2,Angleterre,
top14,2022/2023,Gael Drean,RC Toulon,672,10,9,1,2000-10-22,"11,14",France,
top14,2022/2023,Gael Fickou,Racing 92,826,12,10,2,1994-03-26,"12,13",France,
top14,2022/2023,Gaetan Barlot,Castres Olympique,1110,18,16,2,1997-04-13,2,France,
top14,2022/2023,Gaetan Germain,Bayonne,759,10,10,0,1990-07-02,15,France,
top14,2022/2023,Gatien Masse,Union Bordeaux-Begles,139,2,1,1,2002-05-02,13,France,
top14,2022/2023,Gauthier Doubrere,Castres Olympique,339,13,3,10,1995-12-24,"6,9",France,
top14,2022/2023,Gauthier Maravat,Castres Olympique,780,17,7,10,2000-06-11,"4,5,6,7",France,
top14,2022/2023,Gela Aprasidze,Montpellier Herault Rugby,313,11,2,9,1998-01-14,"9,11",Géorgie,
top14,2022/2023,Genesis Mamea Lemalu,USAP,1074,19,16,3,1988-09-22,"7,8",Samoa,
top14,2022/2023,Geoff Cridge,Bayonne,231,6,3,3,1995-02-06,"4,5,7,8",Nouvelle Zélande,
top14,2022/2023,Geoffrey Cros,Union Bordeaux-Begles,226,3,3,0,1997-03-08,14,France,
top14,2022/2023,Geoffrey Doumayrou,Montpellier Herault Rugby,179,3,2,1,1989-09-16,"12,13",France,
top14,2022/2023,Geoffrey Palis,Castres Olympique,1968,25,25,0,1991-07-08,"11,14,15",France,
top14,2022/2023,George Bridge,Montpellier Herault Rugby,809,11,11,0,1995-04-01,11,Nouvelle Zélande,
top14,2022/2023,George Moala,ASM Clermont Auvergne,1079,16,14,2,1990-11-05,"12,13,14",Tonga,
top14,2022/2023,George Tilsley,USAP,1010,17,13,4,1992-02-27,"11,12,13,14",Nouvelle Zélande,
top14,2022/2023,Georges-Henri Colombe,Stade Rochelais,797,20,9,11,1998-04-09,3,France,
top14,2022/2023,Gervais Cordin,RC Toulon,274,6,3,3,1998-12-10,"11,14",France,
top14,2022/2023,Gia Kharaishvili,Racing 92,462,13,6,7,1999-02-13,3,Géorgie,
top14,2022/2023,Giorgi Beria,ASM Clermont Auvergne,755,21,8,13,1999-11-11,"1,3",France,
top14,2022/2023,Giorgi Dzmanashvili,ASM Clermont Auvergne,115,6,1,5,2002-06-16,3,Géorgie,
top14,2022/2023,Giorgi Melikidze,Stade Francais Paris,1066,23,14,9,1996-05-24,3,Géorgie,
top14,2022/2023,Giorgi Tetrashvili,USAP,698,17,9,8,1993-08-31,1,Géorgie,
top14,2022/2023,Giovanni Habel-Kueffner,Stade Francais Paris,1568,23,21,2,1995-01-09,8,Allemagne,
top14,2022/2023,Gregory Alldritt,Stade Rochelais,1033,15,12,3,1997-03-23,"7,8",France,
top14,2022/2023,Gregory Fichten,Montpellier Herault Rugby,310,8,3,5,1990-08-13,1,France,
top14,2022/2023,Guillaume Cramont,Stade Toulousain,601,14,7,7,2000-12-29,2,France,
top14,2022/2023,Guillaume Ducat,Section Paloise,1084,17,14,3,1996-05-25,"4,5",France,
top14,2022/2023,Guillaume Galletier,CA Brive,504,11,6,5,1997-03-07,"12,13",France,
top14,2022/2023,Guillaume Marchand,Lyon,793,20,8,12,1998-06-05,2,France,
top14,2022/2023,Guillaume Martocq,Bayonne,718,18,7,11,1999-08-23,"10,12,13",France,
top14,2022/2023,Guillaume Rouet,Bayonne,874,18,13,5,1988-08-13,9,Espagne,
top14,2022/2023,Guram Gogichashvili,Racing 92,803,18,12,6,1998-09-04,1,Géorgie,
top14,2022/2023,Guram Papidze,Section Paloise,905,22,9,13,1997-06-16,"1,3",Géorgie,
top14,2022/2023,Hamza Kaabeche,Lyon,599,15,9,6,1996-09-23,"1,3",France,
top14,2022/2023,Harry Glover,Stade Francais Paris,583,9,8,1,1995-12-31,"11,12,13,14",Angleterre,
top14,2022/2023,Harry Glynn,Stade Rochelais,83,2,1,1,2001-08-22,"10,15",Angleterre,
top14,2022/2023,Hassane Kolingar,Racing 92,390,9,7,2,1998-03-06,1,France,
top14,2022/2023,Hayden Thompson-Stringer,CA Brive|Stade Rochelais,314,8,4,4,1994-12-29,"1,3",Angleterre,
top14,2022/2023,Henry Chavancy,Racing 92,1218,22,18,4,1988-05-22,"12,13",France,
top14,2022/2023,Henry Thomas,Montpellier Herault Rugby,423,13,5,8,1991-10-30,3,Pays de Galles,
top14,2022/2023,Hoani Bosmorin,Stade Rochelais,51,2,0,2,2004-12-27,"11,14",France,
top14,2022/2023,Hugo Auradou,Section Paloise,271,8,3,5,2003-07-20,"4,5,7",France,
top14,2022/2023,Hugo Camacho,Bayonne,56,1,1,0,2004-05-27,9,France,
top14,2022/2023,Hugo Reilhes,Stade Toulousain,25,2,0,2,2001-08-01,1,France,
top14,2022/2023,Hugo Reus,Stade Rochelais,264,6,3,3,2004-02-21,10,France,
top14,2022/2023,Hugo Sarrasin,ASM Clermont Auvergne,12,1,0,1,2003-02-25,6,France,
top14,2022/2023,Hugo Zabalza,Union Bordeaux-Begles,60,4,0,4,2000-04-12,9,France,
top14,2022/2023,Ian Boubila,Stade Toulousain,118,6,0,6,2002-01-17,2,France,
top14,2022/2023,Ibrahim Diallo,Racing 92,1436,21,20,1,1998-01-23,"6,7",France,
top14,2022/2023,Ignacio Calles,Section Paloise,874,21,14,7,1995-10-24,"1,2",Argentine,
top14,2022/2023,Ihaia West,RC Toulon,1382,21,18,3,1992-01-16,"10,15",Nouvelle Zélande,
top14,2022/2023,Inia Tabuavou,Racing 92,461,12,5,7,2002-08-31,"7,11,12,13",Fidji,
top14,2022/2023,Irae Simone,ASM Clermont Auvergne,1292,17,17,0,1995-07-10,"12,13",Australie,
top14,2022/2023,JJ van der Mescht,Stade Francais Paris,627,17,4,13,1999-05-04,"4,5",Afrique du Sud,
top14,2022/2023,Jack Maddocks,Section Paloise,1577,20,20,0,1997-02-05,"11,15",Australie,
top14,2022/2023,Jack Willis,Stade Toulousain,525,11,6,5,1996-12-24,"6,7,8",Angleterre,
top14,2022/2023,Jacobus van Tonder,ASM Clermont Auvergne,368,6,6,0,1998-03-03,"6,7,8",Afrique du Sud,
top14,2022/2023,Jake McIntyre,USAP,1221,18,15,3,1994-04-28,"10,12,15",Australie,
top14,2022/2023,Jale Vatubua,Section Paloise,1123,17,15,2,1991-08-30,"11,12",Fidji,
top14,2022/2023,James Hall,Stade Francais Paris,562,20,3,17,1996-01-02,9,Afrique du Sud,
top14,2022/2023,Jan Serfontein,Montpellier Herault Rugby,674,10,10,0,1993-04-15,12,Afrique du Sud,
top14,2022/2023,Jandre Marais,Union Bordeaux-Begles,1380,25,17,8,1989-06-14,"4,5,6,7",Afrique du Sud,
top14,2022/2023,Janick Tarrit,Racing 92,1112,26,12,14,1998-10-29,2,France,
top14,2022/2023,Jason Robertson,Bayonne,203,7,2,5,1994-11-17,"9,10,13,14,15",Nouvelle Zélande,
top14,2022/2023,Jean Monribot,Bayonne,40,2,0,2,1987-10-11,"6,7",France,
top14,2022/2023,Jean-Baptiste Dubie,Union Bordeaux-Begles,664,12,10,2,1989-07-16,"12,13",France,
top14,2022/2023,Jean-Baptiste Gros,RC Toulon,334,8,6,2,1999-05-29,1,France,
top14,2022/2023,Jean-Baptiste Lachaise,Union Bordeaux-Begles,4,1,1,0,2001-04-26,6,France,
top14,2022/2023,Jean-Marc Doussain,Lyon,879,21,10,11,1991-02-12,"9,10,13,15",France,
top14,2022/2023,Jean-Maxence Jules-Rosette,ASM Clermont Auvergne,29,4,0,4,2004-04-18,2,France,
top14,2022/2023,Jean-Pascal Barraque,ASM Clermont Auvergne,222,5,2,3,1991-04-24,"10,13,15",France,
top14,2022/2023,Jean-Teiva Jacquelin,Bayonne,394,5,5,0,1994-04-22,14,France,
top14,2022/2023,Jefferson Poirot,Union Bordeaux-Begles,1102,23,17,6,1992-11-01,1,France,
top14,2022/2023,Jeremie Maurouard,Montpellier Herault Rugby,122,5,1,4,1992-09-23,2,France,
top14,2022/2023,Jeremy Fernandez,Castres Olympique,364,9,5,4,1997-05-15,9,France,
top14,2022/2023,Jeremy Sinzelle,RC Toulon,1142,21,13,8,1990-07-02,"10,12,13,14",France,
top14,2022/2023,Jeremy Ward,Stade Francais Paris,1414,21,18,3,1996-01-10,"12,13",Afrique du Sud,
top14,2022/2023,Jerome Rey,Lyon,624,18,5,13,1995-05-19,"1,3",France,
top14,2022/2023,Jeronimo de la Fuente,USAP,1017,14,14,0,1991-02-24,12,Argentine,
top14,2022/2023,Jiuta Wainiqolo,RC Toulon,1561,21,20,1,1999-03-10,"11,14",Fidji,
top14,2022/2023,Joaquin Oviedo,USAP,855,16,10,6,2001-07-16,"5,6,7,8",Argentine,
top14,2022/2023,Joel Kpoku,Lyon,680,15,8,7,1999-06-22,"4,6,7",Angleterre,
top14,2022/2023,Joel Merkler,Stade Toulousain,204,8,1,7,2001-10-25,"3,5,8",Espagne,
top14,2022/2023,Joel Sclavi,Stade Rochelais,649,15,8,7,1994-06-25,"1,3",Argentine,
top14,2022/2023,Jonathan Danty,Stade Rochelais,1070,16,14,2,1992-10-07,"12,13",France,
top14,2022/2023,Jonathan Maiau,Racing 92,87,4,0,4,2001-10-16,"1,2",France,
top14,2022/2023,Jonathan Pelissie,Lyon,405,14,2,12,1988-06-06,9,France,
top14,2022/2023,Jordan Joseph,Section Paloise,879,16,10,6,2000-07-31,"6,7,8",France,
top14,2022/2023,Jordan Taufua,Lyon,521,11,8,3,1992-01-29,8,Samoa,
top14,2022/2023,Joris Jurand,CA Brive,605,10,8,2,1995-11-11,"11,14,15",France,
top14,2022/2023,Joris Segonds,Stade Francais Paris,1596,24,19,5,1997-04-06,10,France,
top14,2022/2023,Josaia Raisuqe,Castres Olympique,689,15,7,8,1994-07-22,"6,7,8,11,14",Fidji,
top14,2022/2023,Joshua Brennan,Stade Toulousain,903,19,14,5,2001-11-28,"4,5,7,8",France,
top14,2022/2023,Josiah Maraku,Lyon,919,14,12,2,2000-03-30,"12,13",Nouvelle Zélande,
top14,2022/2023,Josua Tuisova,Lyon,1352,19,17,2,1994-02-04,"11,12,13,14",Fidji,
top14,2022/2023,Juan Cruz Mallia,Stade Toulousain,865,14,10,4,1996-09-11,"10,11,14,15",Argentine,
top14,2022/2023,Juan Imhoff,Racing 92,1081,15,14,1,1988-05-11,11,Argentine,
top14,2022/2023,Judicael Cancoriet,ASM Clermont Auvergne,644,13,8,5,1996-04-25,"5,6,7,8,10",France,
top14,2022/2023,Jules Coulon,RC Toulon,190,5,3,2,2002-07-04,"6,7,8",France,
top14,2022/2023,Jules Danglot,RC Toulon,177,10,1,9,2002-08-06,9,France,
top14,2022/2023,Jules Favre,Stade Rochelais,1194,20,14,6,1999-03-22,"11,12,13",France,
top14,2022/2023,Jules Gimbert,Union Bordeaux-Begles,450,13,6,7,1998-03-02,9,France,
top14,2022/2023,Jules Le Bail,Stade Rochelais,241,10,4,6,1992-02-09,"9,10,12",France,
top14,2022/2023,Jules Plisson,ASM Clermont Auvergne,980,23,12,11,1991-08-20,10,France,
top14,2022/2023,Julien Blanc,Castres Olympique,409,12,4,8,1992-10-04,9,France,
top14,2022/2023,Julien Delannoy,CA Brive,1009,19,16,3,1995-06-15,"4,5",France,
top14,2022/2023,Julien Delbouis,Stade Francais Paris,1110,20,13,7,1999-08-04,"11,12,13,14,15",France,
top14,2022/2023,Julien Dumora,Castres Olympique,1563,21,19,2,1988-03-24,"13,15",France,
top14,2022/2023,Julien Heriteau,ASM Clermont Auvergne,466,10,6,4,1994-09-12,"12,13,15",France,
top14,2022/2023,Julien Marchand,Stade Toulousain,686,15,10,5,1995-05-10,2,France,
top14,2022/2023,Julien Ory,Stade Francais Paris,179,6,2,4,1996-08-24,"6,7",France,
top14,2022/2023,Julien Tisseron,Montpellier Herault Rugby,932,14,11,3,1995-08-12,"11,14,15",France,
top14,2022/2023,Kaminieli Rasaku,Bayonne,68,1,1,0,1999-07-12,11,Fidji,
top14,2022/2023,Kane Douglas,Union Bordeaux-Begles,924,18,10,8,1989-06-01,"4,5,6",Australie,
top14,2022/2023,Karl Martin,Montpellier Herault Rugby,64,1,1,0,2002-02-16,12,Irlande,
top14,2022/2023,Karl Tu'inukuafe,Montpellier Herault Rugby,32,2,0,2,1993-02-21,1,Nouvelle Zélande,
top14,2022/2023,Keanu Desrues,USAP,24,1,0,1,2003-02-06,14,France,
top14,2022/2023,Kelian Galletier,USAP,918,17,11,6,1992-03-18,"4,6,7,8",France,
top14,2022/2023,Kevin Fabien,CA Brive,149,4,1,3,2002-10-01,"7,11,13",Haïti,
top14,2022/2023,Kevin Kornath,Castres Olympique,384,8,4,4,1996-12-27,"4,5,8",France,
top14,2022/2023,Kevin Viallard,ASM Clermont Auvergne,100,4,1,3,2000-11-27,9,France,
top14,2022/2023,Kieran Brookes,RC Toulon,632,17,6,11,1990-08-29,3,Angleterre,
top14,2022/2023,Killian Geraci,Lyon,496,10,7,3,1999-03-25,"4,5",France,
top14,2022/2023,Killian Tixeront,ASM Clermont Auvergne,579,13,6,7,2002-01-22,"6,7",France,
top14,2022/2023,Kitione Kamikamica,Racing 92,807,15,11,4,1996-04-27,8,Fidji,
top14,2022/2023,Konstantine Mikautadze,Bayonne,596,17,8,9,1991-07-01,"4,5,6",Géorgie,
top14,2022/2023,Kylan Hamdaoui,Stade Francais Paris,1273,22,16,6,1994-04-15,"11,12,14,15",France,
top14,2022/2023,Kyle Godwin,Lyon,1018,17,14,3,1992-07-30,"10,12,13,14",Australie,
top14,2022/2023,Kyle Hatherell,Stade Rochelais,749,16,8,8,1995-04-03,"5,6,7,8",Afrique du Sud,
top14,2022/2023,Laurent Panis,Stade Francais Paris,487,16,4,12,1993-04-23,2,France,
top14,2022/2023,Lekima Tagitagivalu,Section Paloise,1062,24,11,13,1995-12-04,"4,5,6,7",Fidji,
top14,2022/2023,Lekso Kaulashvili,Union Bordeaux-Begles,795,22,9,13,1992-08-27,1,Géorgie,
top14,2022/2023,Lenni Nouchi,Montpellier Herault Rugby,512,10,6,4,2003-11-24,"4,5,6,7,8",France,
top14,2022/2023,Lenny Viola,USAP,11,1,0,1,2004-04-16,9,France,
top14,2022/2023,Leo Aouf,Stade Rochelais,345,12,2,10,1997-02-25,"1,2,3",France,
top14,2022/2023,Leo Barre,Stade Francais Paris,1366,26,16,10,2002-08-20,"10,11,12,15",France,
top14,2022/2023,Leo Berdeu,Lyon,1516,21,20,1,1998-06-13,"10,11,15",France,
top14,2022/2023,Leo Carbonneau,CA Brive,396,9,4,5,2004-10-07,9,France,
top14,2022/2023,Leo Coly,Montpellier Herault Rugby,752,16,10,6,1999-09-09,9,France,
top14,2022/2023,Leone Nakarawa,Castres Olympique,571,15,8,7,1988-04-02,"4,5,8",Fidji,
top14,2022/2023,Lester Etien,Stade Francais Paris,1287,17,17,0,1995-06-21,"11,14",France,
top14,2022/2023,Levan Chilachava,Castres Olympique,338,16,1,15,1991-08-17,3,Géorgie,
top14,2022/2023,Levani Botia,Stade Rochelais,935,17,12,5,1989-03-14,"6,7,12,13",Fidji,
top14,2022/2023,Liam Allen,Lyon,388,6,5,1,2000-03-17,"6,8",Nouvelle Zélande,
top14,2022/2023,Liam Coltman,Lyon,737,18,10,8,1990-01-25,2,Nouvelle Zélande,
top14,2022/2023,Liam Rimet,Lyon,33,2,0,2,2003-09-15,"9,13",France,
top14,2022/2023,Lima Sopoaga,Lyon,441,11,3,8,1991-02-03,"10,12,15",Samoa,
top14,2022/2023,Loann Goujon,Lyon,280,7,1,6,1989-04-23,"4,5",France,
top14,2022/2023,Logan Tabet,Racing 92,81,2,1,1,2002-03-24,11,France,
top14,2022/2023,Loic Godener,ASM Clermont Auvergne,524,9,6,3,1995-08-13,"6,7,8",France,
top14,2022/2023,Lois Guerois-Galisson,Castres Olympique,93,4,1,3,2001-12-22,1,France,
top14,2022/2023,Louis Bielle-Biarrey,Union Bordeaux-Begles,1492,21,19,2,2003-06-19,"11,14,15",France,
top14,2022/2023,Louis Carbonel,Montpellier Herault Rugby,1392,23,18,5,1999-02-04,"10,12",France,
top14,2022/2023,Louis Dupichot,Racing 92,552,8,7,1,1995-09-23,"11,14,15",France,
top14,2022/2023,Louis Foursans-Bourdette,Montpellier Herault Rugby,349,10,3,7,2002-01-29,"9,10",France,
top14,2022/2023,Louis Le Brun,Castres Olympique,718,17,8,9,2002-02-28,"8,9,10,11,12,15",France,
top14,2022/2023,Louis Penverne,Stade Rochelais,3,1,0,1,2003-02-22,1,France,
top14,2022/2023,Luca Tabarot,Montpellier Herault Rugby,40,1,0,1,2003-12-24,1,France,
top14,2022/2023,Lucas Bachelier,USAP,856,16,14,2,1995-03-26,"6,7",France,
top14,2022/2023,Lucas Da Silva,CA Brive,534,12,4,8,1997-12-19,2,France,
top14,2022/2023,Lucas Dessaigne,ASM Clermont Auvergne,660,15,6,9,1999-02-27,"4,5,6,7,8",France,
top14,2022/2023,Lucas Dubois,USAP,1467,19,18,1,1998-06-09,"11,14,15",France,
top14,2022/2023,Lucas Paulos,CA Brive,1055,20,17,3,1998-01-09,"4,5,7",Argentine,
top14,2022/2023,Lucas Peyresblanques,Stade Francais Paris,548,18,4,14,1998-01-20,2,France,
top14,2022/2023,Lucas Rey,Section Paloise,1011,20,16,4,1997-04-27,2,France,
top14,2022/2023,Lucas Tauzin,Stade Toulousain,400,10,4,6,1998-05-21,"11,12,14",France,
top14,2022/2023,Lucas Velarte,USAP,598,14,5,9,1998-10-24,"2,6,7,8",France,
top14,2022/2023,Lucas Zamora,Stade Rochelais,71,4,0,4,2004-11-29,9,France,
top14,2022/2023,Luka Japaridze,CA Brive,75,2,1,1,1998-09-06,3,Géorgie,
top14,2022/2023,Luke Morahan,Bayonne,240,3,3,0,1990-04-13,15,Australie,
top14,2022/2023,Luke Whitelock,Section Paloise,1167,17,14,3,1991-01-29,"4,6,7,8",Nouvelle Zélande,
top14,2022/2023,Ma'afu Fia,USAP,558,16,3,13,1989-11-22,3,Tonga,
top14,2022/2023,Madosh Tambwe,Union Bordeaux-Begles,1130,16,14,2,1997-05-12,"11,14,15",République Démocratique du Congo,
top14,2022/2023,Maelan Rabut,RC Toulon,293,5,4,1,1996-09-08,"12,13",France,
top14,2022/2023,Mahamadou Diaby,Union Bordeaux-Begles,1751,26,25,1,1990-08-15,"6,7",France,
top14,2022/2023,Maks van Dyk,Section Paloise,27,1,0,1,1992-01-21,3,Afrique du Sud,
top14,2022/2023,Malino Vanai,CA Brive,283,7,2,5,1993-05-04,1,France,
top14,2022/2023,Manuel Leindekar,Bayonne,900,19,8,11,1997-04-23,"4,5,7",Uruguay,
top14,2022/2023,Marcel van der Merwe,CA Brive,1249,24,20,4,1990-10-24,3,Afrique du Sud,
top14,2022/2023,Marco Tauleigne,Montpellier Herault Rugby,484,12,6,6,1993-08-30,"4,5,6,7,8",France,
top14,2022/2023,Marco Trauth,Stade Toulousain,54,3,0,3,2000-09-15,3,France,
top14,2022/2023,Marcos Kremer,Stade Francais Paris,957,14,13,1,1997-07-30,"4,5,6,7,8",Argentine,
top14,2022/2023,Marius Domon,RC Toulon,297,4,4,0,2002-06-13,15,France,
top14,2022/2023,Marland Yarde,Bayonne,337,5,4,1,1992-04-20,"11,14",Angleterre,
top14,2022/2023,Martin Alonso Munoz,Stade Rochelais,309,6,4,2,1999-12-02,"11,14",Espagne,
top14,2022/2023,Martin Bogado,Bayonne,480,6,6,0,1998-04-29,"14,15",Argentine,
top14,2022/2023,Martin Laveau,Castres Olympique,129,2,2,0,1996-09-10,14,France,
top14,2022/2023,Martin Meliande,Racing 92,7,1,0,1,2001-12-20,15,France,
top14,2022/2023,Martin Page-Relo,Stade Toulousain,469,10,5,5,1999-01-06,"9,15",Italie,
top14,2022/2023,Martin Puech,Section Paloise,630,18,6,12,1988-12-14,"4,6,7,8",France,
top14,2022/2023,Martin Scelzo,Stade Francais Paris,3,1,0,1,1976-06-05,6,France,
top14,2022/2023,Marvin O'Connor,ASM Clermont Auvergne,237,5,3,2,1991-04-18,"11,14",France,
top14,2022/2023,Marvin Okuya,Lyon,5,1,0,1,2003-12-29,7,France,
top14,2022/2023,Masivesi Dakuwaqa,Montpellier Herault Rugby,474,11,7,4,1994-02-14,"6,7,8,12",Fidji,
top14,2022/2023,Mateaki Kafatolu,Bayonne,196,6,1,5,1989-08-11,"6,7,8",Nouvelle Zélande,
top14,2022/2023,Mateo Garcia,Union Bordeaux-Begles,232,6,2,4,2002-07-08,"10,11",France,
top14,2022/2023,Mathias Colombet,Section Paloise,642,11,8,3,1997-05-01,"11,12,14,15",France,
top14,2022/2023,Mathieu Acebes,USAP,1182,17,15,2,1987-08-01,"10,11,13",France,
top14,2022/2023,Mathieu Babillot,Castres Olympique,979,15,14,1,1993-09-09,"4,6",France,
top14,2022/2023,Mathieu Bastareaud,RC Toulon,719,18,9,9,1988-09-17,"6,7,8",France,
top14,2022/2023,Mathieu Hirigoyen,Stade Francais Paris,704,21,7,14,1999-01-25,"4,5,6,7,8",France,
top14,2022/2023,Mathieu Smaili,RC Toulon,479,10,5,5,1999-08-30,"10,12,13",France,
top14,2022/2023,Mathieu Tanguy,RC Toulon,592,16,7,9,1996-06-05,"4,5,6",France,
top14,2022/2023,Mathieu de Giovanni,Stade Francais Paris,241,7,2,5,1994-01-10,"4,5,6",France,
top14,2022/2023,Mathis Ferte,CA Brive,1125,17,13,4,2004-02-02,"9,11,13,15",France,
top14,2022/2023,Matis Perchaud,Bayonne,588,17,7,10,2002-09-17,"1,3",France,
top14,2022/2023,Matt Tierney,Castres Olympique,40,1,1,0,1996-07-04,1,Canada,
top14,2022/2023,Matteo Le Corvec,RC Toulon,217,8,3,5,2001-01-04,"4,6,7",France,
top14,2022/2023,Matteo Rodor,USAP,498,15,4,11,1999-07-04,"9,10,13",France,
top14,2022/2023,Matthias Haddad,Stade Rochelais,130,4,3,1,2001-03-10,"6,7,8",France,
top14,2022/2023,Matthias Halagahu,RC Toulon,251,9,4,5,2001-08-15,"4,5,6",France,
top14,2022/2023,Matthieu Jalibert,Union Bordeaux-Begles,1140,18,15,3,1998-11-06,10,France,
top14,2022/2023,Matthieu Voisin,CA Brive,460,8,5,3,1996-05-16,"4,6,7,8",France,
top14,2022/2023,Matthis Lebel,Stade Toulousain,1693,22,21,1,1999-03-25,"11,14",France,
top14,2022/2023,Max Auriac,Stade Toulousain,57,1,1,0,2002-11-20,15,France,
top14,2022/2023,Max Spring,Racing 92,1682,24,22,2,2001-03-15,15,France,
top14,2022/2023,Maxence Biasotto,CA Brive,17,1,0,1,2004-07-08,9,France,
top14,2022/2023,Maxime Baudonne,Racing 92,659,16,7,9,2002-07-12,"6,7,8",France,
top14,2022/2023,Maxime Duprat,Stade Toulousain,325,11,1,10,1998-06-06,1,France,
top14,2022/2023,Maxime Gouzou,Lyon,208,7,1,6,1998-09-11,8,France,
top14,2022/2023,Maxime Lamothe,Union Bordeaux-Begles,1319,26,20,6,1998-10-03,2,France,
top14,2022/2023,Maxime Lucu,Union Bordeaux-Begles,1535,22,20,2,1993-01-12,9,France,
top14,2022/2023,Maxime Machenaud,Bayonne,905,20,10,10,1988-12-30,9,France,
top14,2022/2023,Melvyn Jaminet,Stade Toulousain,972,15,12,3,1999-06-30,"10,13,15",France,
top14,2022/2023,Mesu Kunavula,CA Brive,392,9,4,5,1995-10-31,"4,5,8",Fidji,
top14,2022/2023,Michael Ruru,Bayonne,212,8,2,6,1990-12-03,9,Nouvelle Zélande,
top14,2022/2023,Mickael Capelli,Section Paloise,487,9,7,2,1997-03-18,"4,5",France,
top14,2022/2023,Mickael Guillard,Lyon,623,18,5,13,2000-12-10,"4,5,6,7,8",France,
top14,2022/2023,Mickael Ivaldi,Stade Francais Paris,1127,20,19,1,1990-02-20,2,France,
top14,2022/2023,Mike Tadjer,USAP,696,21,7,14,1989-03-10,2,Portugal,
top14,2022/2023,Miles Amatosero,ASM Clermont Auvergne,414,10,5,5,2002-06-15,"4,5",Australie,
top14,2022/2023,Mohamed Haouas,Montpellier Herault Rugby,712,17,9,8,1994-03-09,3,France,
top14,2022/2023,Morgan Parra,Stade Francais Paris,894,16,14,2,1988-11-15,9,France,
top14,2022/2023,Moses Alo-Emile,Stade Francais Paris,1009,24,12,12,2000-01-15,"1,3",France,
top14,2022/2023,Motu Matu'u,CA Brive,873,18,17,1,1987-04-30,2,Samoa,
top14,2022/2023,Nadir Megdoud,Stade Francais Paris,663,10,8,2,1997-03-26,"11,12,14",France,
top14,2022/2023,Nans Ducuing,Union Bordeaux-Begles,251,4,4,0,1991-11-06,15,France,
top14,2022/2023,Nathan Decron,Section Paloise,328,7,4,3,1998-02-17,"11,12",France,
top14,2022/2023,Nathan Fraissenon,CA Brive,256,11,1,10,2002-07-20,"1,2",France,
top14,2022/2023,Nelson Epee,Stade Toulousain,89,2,2,0,2001-02-20,"11,14",France,
top14,2022/2023,Nemo Roelofse,Stade Francais Paris,353,10,5,5,1995-06-06,"1,3",Afrique du Sud,
top14,2022/2023,Nick Champion de Crespigny,Castres Olympique,1007,17,16,1,1996-06-27,"6,7,8",Australie,
top14,2022/2023,Nico Lee,CA Brive,906,14,11,3,1994-03-13,"12,13",Afrique du Sud,
top14,2022/2023,Nicolaas Janse van Rensburg,Montpellier Herault Rugby,758,12,10,2,1994-05-06,"4,6",Afrique du Sud,
top14,2022/2023,Nicolas Corato,Section Paloise,422,13,5,8,1997-10-07,"1,3",France,
top14,2022/2023,Nicolas Depoortere,Union Bordeaux-Begles,573,12,5,7,2003-01-13,"12,13,15",France,
top14,2022/2023,Nicolas Sanchez,CA Brive|Stade Francais Paris,820,14,13,1,1988-10-26,10,Argentine,
top14,2022/2023,Nino Seguela,USAP,97,3,1,2,2001-08-10,14,France,
top14,2022/2023,Noa Nakaitaci,Lyon,411,7,7,0,1990-07-11,11,France,
top14,2022/2023,Noe Bedou,CA Brive,180,5,2,3,2001-05-08,"5,6,7,8",France,
top14,2022/2023,Noe Della Schiava,Stade Rochelais,95,5,0,5,2002-02-28,"6,7,8",France,
top14,2022/2023,Nolann Le Garrec,Racing 92,1297,21,19,2,2002-05-14,9,France,
top14,2022/2023,OJ Noa,Bayonne,382,10,4,6,1989-12-28,"4,6,7,8",Samoa,
top14,2022/2023,Olivier Klemenczak,Racing 92,727,13,8,5,1996-06-01,"11,12,13",France,
top14,2022/2023,Oscar Jegou,Stade Rochelais,31,1,0,1,2003-05-31,5,France,
top14,2022/2023,Oskar Rixen,CA Brive,629,12,6,6,2002-02-09,"4,5",Allemagne,
top14,2022/2023,Pablo Dimcheff,Union Bordeaux-Begles,131,4,2,2,1999-07-01,2,Argentine,
top14,2022/2023,Pablo Uberti,Union Bordeaux-Begles,386,10,4,6,1997-10-19,"12,13",France,
top14,2022/2023,Paolo Garbisi,Montpellier Herault Rugby,1264,19,16,3,2000-04-26,"10,12",Italie,
top14,2022/2023,Paolo Odogwu,Stade Francais Paris,282,8,2,6,1997-02-18,"11,12,13,14",Italie,
top14,2022/2023,Pascal Cotet,Bayonne,1107,22,15,7,1993-10-12,3,France,
top14,2022/2023,Patricio Fernandez,USAP,122,3,1,2,1994-10-11,12,Argentine,
top14,2022/2023,Patrick Sobela,Lyon,621,13,8,5,1992-08-12,"6,7,8",France,
top14,2022/2023,Paul Abadie,CA Brive,754,17,9,8,1994-07-28,9,France,
top14,2022/2023,Paul Alo-Emile,Stade Francais Paris,508,13,6,7,1991-12-22,3,Samoa,
top14,2022/2023,Paul Boudehent,Stade Rochelais,1045,18,13,5,1999-11-21,"6,7,8",France,
top14,2022/2023,Paul Costes,Stade Toulousain,179,6,1,5,2003-04-04,"10,11,12,13",France,
top14,2022/2023,Paul Gabrillagues,Stade Francais Paris,1469,21,20,1,1993-06-03,"4,5",France,
top14,2022/2023,Paul Graou,Stade Toulousain,776,13,10,3,1997-07-25,9,France,
top14,2022/2023,Paul Jedrasiak,ASM Clermont Auvergne,772,12,10,2,1993-02-06,"4,5",France,
top14,2022/2023,Paul Leraitre,Racing 92,160,2,2,0,2000-12-07,11,France,
top14,2022/2023,Paul Mallez,Stade Toulousain,264,9,2,7,2001-01-24,"1,2,3",France,
top14,2022/2023,Paul Tailhades,Section Paloise,45,1,1,0,1997-04-15,1,France,
top14,2022/2023,Paul Willemse,Montpellier Herault Rugby,605,10,7,3,1992-11-13,5,France,
top14,2022/2023,Paula Ngauamo,Castres Olympique,161,4,3,1,1990-02-19,2,Tonga,
top14,2022/2023,Paulo Tafili,Lyon,651,18,6,12,1996-02-15,3,France,
top14,2022/2023,Peato Mauvaka,Stade Toulousain,886,20,12,8,1997-01-10,"2,6",France,
top14,2022/2023,Peceli Yato,ASM Clermont Auvergne,337,7,4,3,1993-01-17,"5,7,8",Fidji,
top14,2022/2023,Peniami Narisia,Racing 92,294,10,3,7,1997-06-10,2,Fidji,
top14,2022/2023,Peniasi Dakuwaqa,Stade Francais Paris,548,9,6,3,1997-04-09,"11,14",Fidji,
top14,2022/2023,Petero Mailulu,Union Bordeaux-Begles,16,1,0,1,2002-07-26,5,Fidji,
top14,2022/2023,Peyo Muscarditz,Bayonne,551,11,6,5,1996-01-02,"10,12,13,15",France,
top14,2022/2023,Pierre Bochaton,Union Bordeaux-Begles,830,13,10,3,2001-04-17,"4,6,7,8",France,
top14,2022/2023,Pierre Boudehent,Stade Rochelais,983,19,12,7,1998-02-06,"11,12,13,14,15",France,
top14,2022/2023,Pierre Bourgarit,Stade Rochelais,903,19,13,6,1997-09-12,2,France,
top14,2022/2023,Pierre Colonna,Castres Olympique,450,16,5,11,2001-06-14,2,France,
top14,2022/2023,Pierre Fouyssac,Stade Toulousain,317,6,4,2,1995-03-17,"4,7,12,13",France,
top14,2022/2023,Pierre Huguet,Bayonne,1684,25,23,2,1995-11-05,"5,6,7",France,
top14,2022/2023,Pierre Lucas,Montpellier Herault Rugby,657,22,5,17,1997-04-29,"10,11,12,13,14,15",France,
top14,2022/2023,Pierre Popelin,Stade Rochelais,324,8,4,4,1995-06-23,"10,14,15",France,
top14,2022/2023,Pierre-Henri Azagoh,Stade Francais Paris,179,4,2,2,1998-07-25,"4,5,6",France,
top14,2022/2023,Pierre-Louis Barassi,Stade Toulousain,864,15,10,5,1998-04-22,"12,13,14",France,
top14,2022/2023,Pieter Scholtz,Bayonne,732,21,6,15,1994-03-20,"1,3",Afrique du Sud,
top14,2022/2023,Pietro Ceccarelli,CA Brive,573,18,5,13,1992-02-16,3,Italie,
top14,2022/2023,Pita Ahki,Stade Toulousain,645,9,9,0,1992-09-24,12,Tonga,
top14,2022/2023,Piula Fa'asalele,USAP,991,17,15,2,1988-01-22,"4,5,6",Samoa,
top14,2022/2023,Posolo Tuilagi,USAP,453,11,5,6,2004-07-28,"4,5,7",France,
top14,2022/2023,Quentin Bethune,Bayonne,314,9,2,7,1995-09-25,1,France,
top14,2022/2023,Quentin Lespiaucq,Stade Rochelais,918,22,11,11,1995-02-16,2,France,
top14,2022/2023,Quentin Walcker,Castres Olympique,996,20,15,5,1996-02-21,1,France,
top14,2022/2023,Rabah Slimani,ASM Clermont Auvergne,514,12,6,6,1989-10-18,"1,3",France,
top14,2022/2023,Raphael Lakafia,RC Toulon,466,13,4,9,1988-10-28,"6,7",France,
top14,2022/2023,Raymond Rhule,Stade Rochelais,1334,19,17,2,1992-11-06,"11,13,14,15",Afrique du Sud,
top14,2022/2023,Reda Wardi,Stade Rochelais,819,17,12,5,1995-08-02,1,France,
top14,2022/2023,Reece Hewat,Section Paloise,1141,19,17,2,1997-09-25,"5,6,7",Australie,
top14,2022/2023,Remi Bourdeau,Stade Rochelais,962,19,13,6,1992-02-27,"6,7",France,
top14,2022/2023,Remi Lamerat,Union Bordeaux-Begles,473,10,8,2,1990-01-14,"6,7,12",France,
top14,2022/2023,Remi Picquette,Stade Rochelais,1040,21,14,7,1995-02-23,"4,5,8",France,
top14,2022/2023,Remi Seneca,Section Paloise,671,20,3,17,1995-01-16,1,France,
top14,2022/2023,Remy Baget,Bayonne,1675,22,22,0,1997-07-27,"11,14",France,
top14,2022/2023,Renato Giammarioli,Union Bordeaux-Begles,96,3,0,3,1995-03-23,"6,8",Italie,
top14,2022/2023,Renger van Eerten,CA Brive,232,5,2,3,1999-08-02,"4,5",Pays-Bas,
top14,2022/2023,Retief Marais,CA Brive,891,14,11,3,1995-07-20,"4,5,6,7",Afrique du Sud,
top14,2022/2023,Richie Arnold,Stade Toulousain,1227,22,17,5,1990-07-01,"4,5",Australie,
top14,2022/2023,Robin Dione,Bayonne,51,1,1,0,2002-06-25,7,France,
top14,2022/2023,Rodrigo Bruni,CA Brive,322,6,4,2,1993-09-03,"7,8",Argentine,
top14,2022/2023,Rodrigue Neti,Stade Toulousain,948,21,15,6,1995-04-26,1,France,
top14,2022/2023,Romain Briatte,Stade Francais Paris,1656,22,22,0,1993-02-18,"6,7,8",France,
top14,2022/2023,Romain Buros,Union Bordeaux-Begles,1268,17,17,0,1997-07-31,15,France,
top14,2022/2023,Romain Delemarle,Montpellier Herault Rugby,8,1,0,1,2004-02-02,7,France,
top14,2022/2023,Romain Macurdy,Montpellier Herault Rugby,177,3,3,0,2001-09-21,6,France,
top14,2022/2023,Romain Ntamack,Stade Toulousain,751,11,11,0,1999-05-01,10,France,
top14,2022/2023,Romain Ruffenach,Section Paloise,232,7,2,5,1994-09-04,2,France,
top14,2022/2023,Romain Sazy,Stade Rochelais,1087,23,15,8,1986-10-14,"4,5",France,
top14,2022/2023,Romain Taofifenua,Lyon,922,15,14,1,1990-09-14,"4,5",France,
top14,2022/2023,Rory Kockott,Castres Olympique,17,1,0,1,1986-06-25,9,France,
top14,2022/2023,Ross Moriarty,CA Brive,298,5,4,1,1994-04-18,"6,7,8",Pays de Galles,
top14,2022/2023,Ru-Hann Greyling,Montpellier Herault Rugby,24,1,0,1,1999-05-28,2,Afrique du Sud,
top14,2022/2023,Ryan Chapuis,Stade Francais Paris,469,13,5,8,1997-12-12,"4,6,7,8",France,
top14,2022/2023,Rynhardt Elstadt,Stade Toulousain,970,20,12,8,1989-12-20,"4,5,6,7,8",Afrique du Sud,
top14,2022/2023,Ryno Pieterse,Castres Olympique,304,7,5,2,1998-08-06,4,Afrique du Sud,
top14,2022/2023,Sacha Idoumi,Stade Rochelais,73,3,0,3,2002-10-19,2,France,
top14,2022/2023,Sacha Lotrian,USAP,705,17,8,9,2000-08-13,1,France,
top14,2022/2023,Sacha Zegueur,Section Paloise,930,18,11,7,1999-06-21,"6,8",France,
top14,2022/2023,Sadek Deghmache,USAP,1089,20,15,5,1995-10-05,9,France,
top14,2022/2023,Said Hireche,CA Brive,793,15,11,4,1985-05-27,"7,8",France,
top14,2022/2023,Sammy Arnold,CA Brive,846,14,10,4,1996-04-08,"12,13",Irlande,
top14,2022/2023,Samuel Ezeala,ASM Clermont Auvergne,462,10,6,4,1999-12-11,"12,13,14,15",Espagne,
top14,2022/2023,Samuel Lagrange,Stade Rochelais,342,11,4,7,1997-01-23,2,France,
top14,2022/2023,Samuel Maximin,Montpellier Herault Rugby,22,1,0,1,2001-04-30,7,France,
top14,2022/2023,Santiago Arata,Castres Olympique,948,16,14,2,1996-09-02,9,Uruguay,
top14,2022/2023,Santiago Chocobares,Stade Toulousain,723,11,8,3,1999-03-31,"12,13,14",Argentine,
top14,2022/2023,Santiago Cordero,Union Bordeaux-Begles,1672,21,21,0,1993-12-06,"11,14",Argentine,
top14,2022/2023,Santiago Grondona,Section Paloise,257,8,2,6,1998-07-25,"4,5,7",Argentine,
top14,2022/2023,Sasha Gue,CA Brive,676,15,7,8,2000-06-19,"6,7,8",France,
top14,2022/2023,Sebastien Bezy,ASM Clermont Auvergne,1164,23,15,8,1991-11-22,9,France,
top14,2022/2023,Sebastien Taofifenua,Lyon,982,19,16,3,1992-03-21,1,France,
top14,2022/2023,Sebastien Vahaamahina,ASM Clermont Auvergne,476,8,7,1,1991-10-21,"4,5",France,
top14,2022/2023,Sefa Naivalu,Stade Francais Paris,602,9,8,1,1992-01-07,"12,13",Fidji,
top14,2022/2023,Seilala Lam,USAP,928,19,15,4,1989-02-18,2,Samoa,
top14,2022/2023,Sekou Macalou,Stade Francais Paris,1222,17,16,1,1995-04-20,"4,7,8",France,
top14,2022/2023,Selevasio Tolofua,Stade Toulousain,547,13,6,7,1997-05-31,"4,6,7,8",France,
top14,2022/2023,Sergio Parisse,RC Toulon,744,13,10,3,1983-09-12,"7,8",Italie,
top14,2022/2023,Sergo Abramishvili,Stade Francais Paris,52,3,0,3,2003-11-20,"1,3",Géorgie,
top14,2022/2023,Setareki Bituniyata,CA Brive,397,8,8,0,1995-08-12,"11,12,14",Fidji,
top14,2022/2023,Setariki Tuicuvu,CA Brive,1860,25,24,1,1995-09-07,"11,13,14,15",Fidji,
top14,2022/2023,Shahn Eru,USAP,430,12,4,8,1989-09-20,"4,5,8",Nouvelle Zélande,
top14,2022/2023,Siate Tokolahi,Section Paloise,766,17,12,5,1992-03-16,3,Tonga,
top14,2022/2023,Siegfried Fisi'ihoi,Section Paloise,438,11,8,3,1987-06-08,1,Tonga,
top14,2022/2023,Simon-Pierre Chauvac,Montpellier Herault Rugby,535,16,5,11,1998-03-23,1,France,
top14,2022/2023,Sione Tui,Stade Francais Paris,746,12,10,2,1999-07-08,"11,14,15",Tonga,
top14,2022/2023,Sipili Falatea,Union Bordeaux-Begles,479,12,6,6,1997-06-06,3,France,
top14,2022/2023,Sireli Maqala,Bayonne,1484,20,19,1,2000-03-20,13,Fidji,
top14,2022/2023,Sitaleki Timani,RC Toulon|Stade Francais Paris,678,15,9,6,1986-09-19,"4,5,6,7",Tonga,
top14,2022/2023,Siua Halanukonuka,USAP,651,16,10,6,1986-08-09,3,Tonga,
top14,2022/2023,Sofiane Guitoune,Stade Toulousain,1141,17,15,2,1989-03-27,"8,11,12,13",France,
top14,2022/2023,Stephane Ahmed,Stade Francais Paris,430,7,7,0,1999-02-04,11,France,
top14,2022/2023,Steven Cummins,Section Paloise,269,5,3,2,1992-03-29,"4,5",Australie,
top14,2022/2023,Stuart Olding,CA Brive,819,13,12,1,1993-03-11,"10,12,15",Irlande,
top14,2022/2023,Swan Cormenier,Bayonne,1016,20,17,3,1996-01-18,1,France,
top14,2022/2023,Swan Rebbadj,RC Toulon,1485,21,19,2,1995-01-15,"4,6,7",France,
top14,2022/2023,Tanguy Lacoste,CA Brive,47,3,0,3,2002-12-17,"10,14",France,
top14,2022/2023,Tani Vili,Union Bordeaux-Begles,980,20,12,8,2000-10-31,"12,13",France,
top14,2022/2023,Taniela Ramasibana,USAP,186,4,3,1,2000-12-18,"4,6",Fidji,
top14,2022/2023,Tavite Veredamu,Lyon,1106,18,14,4,1989-09-01,"7,11,12,13,14",France,
top14,2022/2023,Tawera Kerr-Barlow,Stade Rochelais,1198,19,15,4,1990-08-15,9,Nouvelle Zélande,
top14,2022/2023,Teariki Ben-Nicholas,Castres Olympique,232,5,4,1,1995-07-18,8,Nouvelle Zélande,
top14,2022/2023,Teddy Baubigny,RC Toulon,765,17,10,7,1998-09-02,2,France,
top14,2022/2023,Teddy Iribaren,Racing 92,555,13,7,6,1990-09-25,9,France,
top14,2022/2023,Teddy Thomas,Stade Rochelais,1299,18,18,0,1993-09-18,14,France,
top14,2022/2023,Temo Mayanavanua,Lyon,997,19,12,7,1997-11-09,"4,5",Fidji,
top14,2022/2023,Tevita Ratuva,CA Brive,425,6,6,0,1995-05-08,"4,5",Fidji,
top14,2022/2023,Tevita Tatafu,Bayonne,275,8,5,3,2002-10-13,3,France,
top14,2022/2023,Theo Chabouni,Castres Olympique,66,1,0,1,2003-12-22,11,France,
top14,2022/2023,Theo Dachary,Stade Francais Paris,145,3,2,1,1997-03-26,12,France,
top14,2022/2023,Theo Forner,USAP,335,6,4,2,2001-10-17,"10,11,14",France,
top14,2022/2023,Theo Hannoyer,Castres Olympique,84,3,1,2,1996-06-09,"4,5",France,
top14,2022/2023,Theo Ntamack,Stade Toulousain,495,13,5,8,2002-05-29,"6,7,8",France,
top14,2022/2023,Theo William,Lyon,667,12,9,3,2000-07-04,"4,5,6,13",France,
top14,2022/2023,Thibaud Flament,Stade Toulousain,438,9,5,4,1997-04-29,"4,5,6",France,
top14,2022/2023,Thibaud Lanen,ASM Clermont Auvergne,1349,19,18,1,1998-04-01,"4,5,6",France,
top14,2022/2023,Thibault Daubagna,Section Paloise,1041,24,16,8,1994-05-20,9,France,
top14,2022/2023,Thibault Debaes,Section Paloise,553,14,6,8,2001-11-30,"10,11,12",France,
top14,2022/2023,Thibault Rabourdin,Stade Rochelais,64,1,1,0,2001-01-20,15,France,
top14,2022/2023,Thibaut Hamonou,Section Paloise,129,4,2,2,2000-03-10,"4,6,7",France,
top14,2022/2023,Thibaut Regard,Lyon,925,14,10,4,1993-08-06,"12,13,14",France,
top14,2022/2023,Thierry Paiva,Stade Rochelais,519,14,6,8,1995-11-19,1,France,
top14,2022/2023,Thomas Acquier,Bayonne,321,13,3,10,1989-11-21,2,France,
top14,2022/2023,Thomas Berjon,Stade Rochelais,859,21,9,12,1998-04-12,"9,14",France,
top14,2022/2023,Thomas Carol,Section Paloise,149,3,2,1,2001-01-17,14,France,
top14,2022/2023,Thomas Ceyte,Bayonne,1604,24,21,3,1991-02-13,"4,5",France,
top14,2022/2023,Thomas Combezou,Castres Olympique,205,3,3,0,1987-01-26,13,France,
top14,2022/2023,Thomas Darmon,Montpellier Herault Rugby,1536,22,20,2,1998-05-12,"10,12,13",France,
top14,2022/2023,Thomas Dolhagaray,Bayonne,179,10,1,9,2000-05-21,"9,10,11,12,15",France,
top14,2022/2023,Thomas Jolmes,Union Bordeaux-Begles,915,20,12,8,1995-10-08,"4,5",France,
top14,2022/2023,Thomas Laranjeira,CA Brive,950,16,13,3,1992-05-05,"11,12,15",France,
top14,2022/2023,Thomas Larregain,Castres Olympique,212,3,3,0,1997-04-16,"14,15",France,
top14,2022/2023,Thomas Lavault,Stade Rochelais,747,15,9,6,1999-05-03,"4,6",France,
top14,2022/2023,Thomas Moukoro,Racing 92,139,5,0,5,2002-01-01,1,France,
top14,2022/2023,Thomas Ployet,Stade Rochelais,92,2,1,1,2001-12-12,4,France,
top14,2022/2023,Thomas Ramos,Stade Toulousain,1095,15,13,2,1995-07-23,"10,14,15",France,
top14,2022/2023,Thomas Roziere,ASM Clermont Auvergne,103,2,1,1,2000-04-13,"11,12",France,
top14,2022/2023,Thomas Salles,RC Toulon,854,17,9,8,1996-08-19,"12,13,14,15",France,
top14,2022/2023,Tietie Tuimauga,CA Brive,68,2,1,1,1993-08-05,1,Samoa,
top14,2022/2023,Tim Nanai-Williams,Stade Toulousain,321,7,5,2,1989-06-12,"10,13",Samoa,
top14,2022/2023,Titi Lamositele,Montpellier Herault Rugby,979,23,13,10,1995-02-11,"1,3",Samoa,
top14,2022/2023,Toby Arnold,Lyon,1082,14,14,0,1987-09-11,15,Nouvelle Zélande,
top14,2022/2023,Tom Ecochard,USAP,591,14,8,6,1992-12-14,9,France,
top14,2022/2023,Tom Raffy,CA Brive,245,8,2,6,2004-07-26,"10,13,14",France,
top14,2022/2023,Tom Spring,Bayonne,399,6,5,1,2002-09-26,15,France,
top14,2022/2023,Tom Staniforth,Castres Olympique,1621,23,22,1,1994-08-13,"4,5",Australie,
top14,2022/2023,Tom Willis,Union Bordeaux-Begles,1022,17,13,4,1999-01-18,"6,8",Angleterre,
top14,2022/2023,Tomas Lavanini,ASM Clermont Auvergne,825,12,10,2,1993-01-22,"4,5",Argentine,
top14,2022/2023,Torsten van Jaarsveld,Bayonne,398,16,2,14,1987-06-30,2,Namibie,
top14,2022/2023,Trevor Nyakane,Racing 92,898,19,13,6,1989-05-04,"1,3",Afrique du Sud,
top14,2022/2023,Tristan Labouteley,USAP,1271,21,15,6,1995-04-12,"4,5,6",France,
top14,2022/2023,Tristan Tedder,USAP,1458,21,20,1,1996-04-17,"10,15",Afrique du Sud,
top14,2022/2023,Tumua Manu,Section Paloise,1080,15,14,1,1993-04-18,"10,11,12,13",Samoa,
top14,2022/2023,Tyler Ardron,Castres Olympique,974,14,13,1,1991-06-16,"6,7,8",Canada,
top14,2022/2023,Tyler Duguid,Montpellier Herault Rugby,734,19,8,11,2000-10-17,"4,5",Canada,
top14,2022/2023,Ugo Boniface,Union Bordeaux-Begles,205,7,1,6,1998-07-21,1,France,
top14,2022/2023,Ugo Vignolles,Lyon,1,1,0,1,2002-12-05,4,France,
top14,2022/2023,Uini Atonio,Stade Rochelais,804,18,13,5,1990-03-26,"1,3",France,
top14,2022/2023,Ultan Dillane,Stade Rochelais,1054,24,11,13,1993-11-09,"4,5,6,8",Irlande,
top14,2022/2023,Ulupano Seuteni,Stade Rochelais,1259,19,17,2,1993-12-09,"10,11,12,13",Samoa,
top14,2022/2023,Uzair Cassiem,Bayonne,1698,24,21,3,1990-03-17,"6,8",Afrique du Sud,
top14,2022/2023,Vadim Cobilas,Union Bordeaux-Begles,905,23,12,11,1983-07-30,3,France,
top14,2022/2023,Valentin Moro,USAP,59,3,0,3,2001-01-26,"7,8",France,
top14,2022/2023,Valentin Simutoga,ASM Clermont Auvergne,112,2,1,1,2003-02-14,3,France,
top14,2022/2023,Vano Karkadze,CA Brive,429,12,4,8,2000-06-25,2,Géorgie,
top14,2022/2023,Vasil Kakovin,Stade Francais Paris,174,8,1,7,1989-12-01,1,Géorgie,
top14,2022/2023,Vasil Lobzhanidze,CA Brive,657,12,10,2,1996-10-14,9,Géorgie,
top14,2022/2023,Veikoso Poloniati,Racing 92,477,8,8,0,1995-08-27,5,Tonga,
top14,2022/2023,Veresa Ramototabua,Stade Francais Paris,54,1,1,0,2000-06-12,6,Fidji,
top14,2022/2023,Victor Hannoun,Bayonne,400,5,5,0,2003-08-20,"11,14",France,
top14,2022/2023,Victor Montgaillard,USAP,370,10,4,6,2002-07-16,2,France,
top14,2022/2023,Victor Moreaux,USAP,574,17,6,11,1993-09-19,"4,5,7,8",France,
top14,2022/2023,Victor Olivier,Stade Rochelais,191,3,2,1,2001-08-31,"13,15",France,
top14,2022/2023,Vilimoni Botitu,Castres Olympique,1435,21,17,4,1998-06-15,"10,12,13",Fidji,
top14,2022/2023,Vinaya Habosi,Racing 92,517,7,7,0,2000-01-30,"11,14",Fidji,
top14,2022/2023,Vincent Giudicelli,Montpellier Herault Rugby,606,17,9,8,1997-06-25,2,France,
top14,2022/2023,Vincent Koch,Stade Francais Paris,247,8,2,6,1990-03-13,"1,3",Afrique du Sud,
top14,2022/2023,Vincent Pinto,Section Paloise,150,2,2,0,1999-04-10,"11,14",Portugal,
top14,2022/2023,Vincent Rattez,Montpellier Herault Rugby,1194,17,15,2,1992-03-24,"11,14",France,
top14,2022/2023,Vivien Devisme,Lyon,49,3,0,3,1992-03-23,1,France,
top14,2022/2023,Waisea Nayacalevu,RC Toulon,1084,15,14,1,1990-06-26,"12,13",Fidji,
top14,2022/2023,Warrick Gelant,Racing 92,604,14,6,8,1995-05-20,"11,13,14,15",Afrique du Sud,
top14,2022/2023,Wayan De Benedittis,Castres Olympique,320,8,3,5,1999-03-10,1,France,
top14,2022/2023,Wenceslas Lauret,Racing 92,1251,21,15,6,1989-03-28,"6,7,8",France,
top14,2022/2023,Wesley Tapueluelu,CA Brive,745,18,10,8,1999-12-03,"1,3",Tonga,
top14,2022/2023,Wilfrid Hounkpatin,Castres Olympique,1280,24,21,3,1991-07-29,3,France,
top14,2022/2023,Will Skelton,Stade Rochelais,1223,18,16,2,1992-05-03,5,Australie,
top14,2022/2023,Will Witty,USAP,232,4,4,0,1995-02-24,4,Angleterre,
top14,2022/2023,Xavier Chiocci,USAP,589,15,9,6,1990-02-13,1,France,
top14,2022/2023,Xavier Mignot,Lyon,472,7,7,0,1994-01-27,14,France,
top14,2022/2023,Yacouba Camara,Montpellier Herault Rugby,1132,16,15,1,1994-06-02,"4,5,6,7",France,
top14,2022/2023,Yan Lestrade,Bayonne,62,3,0,3,1997-03-21,"12,14",France,
top14,2022/2023,Yanis Boulassel,RC Toulon,24,3,0,3,2002-05-10,2,France,
top14,2022/2023,Yanis Charcosset,Lyon,618,16,9,7,2001-08-28,2,France,
top14,2022/2023,Yann David,Bayonne,521,11,10,1,1988-04-15,12,France,
top14,2022/2023,Yann Lesgourgues,Union Bordeaux-Begles,278,11,2,9,1991-01-17,"9,15",France,
top14,2022/2023,Yannick Youyoutte,Stade Toulousain,468,12,5,7,1999-08-30,"4,5,6,7",France,
top14,2022/2023,Yoan Tanga,Stade Rochelais,1245,18,17,1,1996-11-29,"6,7,8",France,
top14,2022/2023,Yohan Beheregaray,ASM Clermont Auvergne,753,14,12,2,1996-05-29,2,France,
top14,2022/2023,Yohan Orabe,Bayonne,308,5,5,0,2002-05-21,15,France,
top14,2022/2023,Yoni Tuataane,ASM Clermont Auvergne,17,2,0,2,2003-10-22,"6,7",France,
top14,2022/2023,Yoram Moefana,Union Bordeaux-Begles,1325,19,17,2,2000-07-18,"12,13,14",France,
top14,2022/2023,Youri Delhommel,Section Paloise,752,21,8,13,1996-03-06,2,France,
top14,2022/2023,Yvan Reilhac,Section Paloise,228,4,3,1,1995-06-09,13,France,
top14,2022/2023,Zach Mercer,Montpellier Herault Rugby,1584,22,21,1,1997-06-28,"7,8",Angleterre,
top14,2022/2023,Zack Henry,Section Paloise,1427,20,19,1,1994-10-01,10,Angleterre,
top14,2022/2023,Zack Holmes,Union Bordeaux-Begles,961,22,11,11,1990-05-30,"10,12,15",Australie,
top14,2023/2024,Abraham Papali'i,Castres Olympique,875,23,11,12,1993-06-20,"6,7,8",Nouvelle Zélande,
top14,2023/2024,Adam Coleman,Union Bordeaux-Begles,802,15,14,1,1991-10-07,"4,5",Tonga,
top14,2023/2024,Adrea Cocagi,Castres Olympique,1370,21,16,5,1994-03-01,"12,13",Fidji,
top14,2023/2024,Adrien Bordenave,Oyonnax,187,7,1,6,1993-07-29,1,France,
top14,2023/2024,Adrien Seguret,Castres Olympique,1259,18,16,2,1998-07-22,"12,13",France,
top14,2023/2024,Adrien Sonzogni,Montpellier Herault Rugby,12,1,0,1,2003-02-15,2,France,
top14,2023/2024,Adrien Warion,RC Toulon,121,4,1,3,2001-01-07,"4,5",France,
top14,2023/2024,Afusipa Taumoepeau,USAP,548,8,7,1,1990-01-26,"12,13",Tonga,
top14,2023/2024,Akato Fakatika,USAP,85,5,0,5,2001-01-31,3,France,
top14,2023/2024,Alan Brazo,USAP,860,13,12,1,1992-05-21,"6,7",France,
top14,2023/2024,Alban Placines,Stade Toulousain,657,15,9,6,1993-04-23,"6,7,8",France,
top14,2023/2024,Alban Roussel,Lyon,319,8,4,4,1998-09-11,"5,8",France,
top14,2023/2024,Aleksandre Kuntelia,Stade Rochelais,519,14,6,8,2002-06-26,3,Géorgie,
top14,2023/2024,Alex Newsome,ASM Clermont Auvergne,1574,20,20,0,1995-01-20,"13,14,15",Australie,
top14,2023/2024,Alexandre Becognee,Montpellier Herault Rugby,1040,20,12,8,1996-09-03,"5,6,7,8",France,
top14,2023/2024,Alexandre De Nardi,Montpellier Herault Rugby,539,8,7,1,1999-01-17,"11,14,15",France,
top14,2023/2024,Alexandre Fischer,ASM Clermont Auvergne,47,2,0,2,1998-01-19,"6,7",France,
top14,2023/2024,Alexandre Kaddouri,Stade Rochelais,232,7,3,4,2003-12-12,1,France,
top14,2023/2024,Alexandre Ricard,Union Bordeaux-Begles,468,12,4,8,1997-06-30,"4,5,6",France,
top14,2023/2024,Alexandre Roumat,Stade Toulousain,1314,20,16,4,1997-06-27,"6,7,8",France,
top14,2023/2024,Alexandre Tchaptchet,Lyon,472,8,7,1,2001-09-26,15,France,
top14,2023/2024,Alexis Pisani,Oyonnax,24,1,0,1,2003-10-01,10,France,
top14,2023/2024,Alfred Parisien,Lyon,1021,17,13,4,2001-03-04,"12,13,14",France,
top14,2023/2024,Ali Crossdale,USAP,920,12,12,0,1998-01-09,11,Angleterre,
top14,2023/2024,Ali Oz,Oyonnax,364,11,6,5,1995-05-28,3,France,
top14,2023/2024,Alivereti Duguivalu,USAP,1212,19,15,4,1997-07-21,"11,12,13",Fidji,
top14,2023/2024,Alivereti Raka,ASM Clermont Auvergne,1391,18,18,0,1994-12-09,11,France,
top14,2023/2024,Alun Wyn Jones,RC Toulon,219,5,3,2,1985-09-19,5,Pays de Galles,
top14,2023/2024,Aminiasi Tuimaba,Section Paloise,292,4,4,0,1995-03-26,"11,14",Fidji,
top14,2023/2024,Andy Timo,Stade Francais Paris,26,1,0,1,2004-05-28,7,France,
top14,2023/2024,Ange Capuozzo,Stade Toulousain,762,12,9,3,1999-04-30,"11,14,15",Italie,
top14,2023/2024,Anthime Hemery,ASM Clermont Auvergne|Racing 92,362,13,1,12,2001-01-09,"4,5,6,7,8",France,
top14,2023/2024,Anthony Belleau,ASM Clermont Auvergne,863,19,11,8,1996-04-08,"10,12,15",France,
top14,2023/2024,Anthony Bouthier,Montpellier Herault Rugby,917,13,13,0,1992-06-19,15,France,
top14,2023/2024,Anthony Jelonch,Stade Toulousain,376,6,5,1,1996-07-28,"6,7,8",France,
top14,2023/2024,Antoine Abraham,Oyonnax,498,15,6,9,1995-05-01,1,France,
top14,2023/2024,Antoine Bouzerand,Castres Olympique,80,1,1,0,1999-05-26,11,France,
top14,2023/2024,Antoine Dupont,Stade Toulousain,865,13,9,4,1996-11-15,"9,10",France,
top14,2023/2024,Antoine Gibert,Racing 92,1196,19,16,3,1997-12-31,"10,12,15",France,
top14,2023/2024,Antoine Hastoy,Stade Rochelais,1455,21,17,4,1997-06-04,"10,12,15",France,
top14,2023/2024,Antoine Miquel,Union Bordeaux-Begles,437,12,4,8,1994-06-20,"6,7,8",France,
top14,2023/2024,Antoine Tichit,Castres Olympique,843,21,8,13,1989-06-13,1,France,
top14,2023/2024,Api Ratuniyarawa,Bayonne,12,1,0,1,1986-07-11,5,Fidji,
top14,2023/2024,Apisai Naqalevu,USAP,418,11,5,6,1989-08-21,"12,13,14",Fidji,
top14,2023/2024,Archer Holz,Stade Rochelais,73,2,1,1,2000-03-01,3,Australie,
top14,2023/2024,Arnaud Erbinartegaray,Bayonne,1240,17,16,1,2000-09-16,"11,13,14",France,
top14,2023/2024,Arno Botha,Lyon,755,11,10,1,1991-10-26,"6,7,8",Afrique du Sud,
top14,2023/2024,Arthur Iturria,Bayonne,1176,19,14,5,1994-05-13,"4,6,7,8",France,
top14,2023/2024,Arthur Joly,USAP,310,10,4,6,1988-02-20,"3,8",France,
top14,2023/2024,Arthur Retiere,Stade Toulousain,1009,18,13,5,1997-08-01,"9,11,14,15",France,
top14,2023/2024,Arthur Vincent,Montpellier Herault Rugby,1301,19,16,3,1999-09-30,"11,12,13,14",France,
top14,2023/2024,Aubin Eymeri,Montpellier Herault Rugby,101,4,1,3,2002-05-21,9,France,
top14,2023/2024,Auguste Cadot,Montpellier Herault Rugby,550,10,7,3,2001-07-28,"12,13,14",France,
top14,2023/2024,Aurelien Azar,Castres Olympique,126,5,0,5,1994-06-10,3,France,
top14,2023/2024,Aurelien Barreau,Montpellier Herault Rugby,27,1,0,1,2005-03-07,9,France,
top14,2023/2024,Aurelien Callandret,Bayonne,989,14,12,2,1997-08-23,"11,12,14,15",France,
top14,2023/2024,Axel Desperes,Section Paloise,698,20,5,15,2004-01-16,"10,11,12,13,14,15",France,
top14,2023/2024,Aymeric Luc,RC Toulon,640,8,8,0,1997-10-14,15,France,
top14,2023/2024,Baptiste Chouzenoux,Racing 92,636,10,10,0,1993-08-07,"4,7",France,
top14,2023/2024,Baptiste Cope,Castres Olympique,559,13,6,7,2002-02-09,"4,5,7,8",France,
top14,2023/2024,Baptiste Couilloud,Lyon,1286,22,19,3,1997-07-22,9,France,
top14,2023/2024,Baptiste Delaporte,Castres Olympique,1375,24,16,8,1997-03-25,"5,6,7,8",France,
top14,2023/2024,Baptiste Erdocio,Montpellier Herault Rugby,1086,25,15,10,2000-03-13,"1,2",France,
top14,2023/2024,Baptiste Germain,Stade Toulousain,663,16,8,8,2000-11-21,"9,10,15",France,
top14,2023/2024,Baptiste Heguy,Bayonne,1270,21,16,5,1998-05-11,"4,6,7",France,
top14,2023/2024,Baptiste Jauneau,ASM Clermont Auvergne,898,22,11,11,2003-11-17,9,France,
top14,2023/2024,Baptiste Pesenti,Stade Francais Paris,1046,22,14,8,1997-07-03,"4,5,7,9",France,
top14,2023/2024,Baptiste Serin,RC Toulon,913,17,11,6,1994-06-20,9,France,
top14,2023/2024,Bastien Chalureau,Montpellier Herault Rugby,745,18,10,8,1992-02-13,"4,5",France,
top14,2023/2024,Bastien Pourailly,Bayonne,160,2,2,0,1994-01-31,14,France,
top14,2023/2024,Bastien Vergnes-Taillefer,Union Bordeaux-Begles,1241,20,19,1,1997-06-13,"6,7",France,
top14,2023/2024,Bautista Delguy,ASM Clermont Auvergne,1380,18,17,1,1997-04-22,"14,15",Argentine,
top14,2023/2024,Beka Gigashvili,RC Toulon,1150,21,17,4,1992-02-17,3,Géorgie,
top14,2023/2024,Beka Gorgadze,Section Paloise,1024,14,13,1,1996-02-08,"6,8",Géorgie,
top14,2023/2024,Beka Saginadze,Lyon,478,8,7,1,1998-10-29,7,Géorgie,
top14,2023/2024,Ben Lam,Montpellier Herault Rugby,665,9,8,1,1991-06-09,"11,14",Samoa,
top14,2023/2024,Ben Tameifuna,Union Bordeaux-Begles,920,22,12,10,1991-08-30,"1,3",Tonga,
top14,2023/2024,Ben Tapuai,Union Bordeaux-Begles,1148,19,16,3,1989-01-19,"10,12,13",Australie,
top14,2023/2024,Ben White,RC Toulon,778,19,11,8,1998-05-27,9,Ecosse,
top14,2023/2024,Benjamin Bertrand,Stade Toulousain,42,2,0,2,2003-07-25,1,France,
top14,2023/2024,Benjamin Boudou,ASM Clermont Auvergne,24,1,0,1,2002-06-07,2,France,
top14,2023/2024,Benjamin Geledan,Oyonnax,574,15,11,4,1990-04-08,2,France,
top14,2023/2024,Benjamin Urdapilleta,ASM Clermont Auvergne,1064,18,14,4,1986-03-11,"10,13",Argentine,
top14,2023/2024,Benoit Paillaugue,Montpellier Herault Rugby,176,4,2,2,1987-11-17,9,France,
top14,2023/2024,Billy Pollard,Stade Rochelais,54,2,1,1,2001-12-09,2,Australie,
top14,2023/2024,Billy Searle,Stade Toulousain,195,4,2,2,1996-03-25,"10,12",Angleterre,
top14,2023/2024,Blair Kinghorn,Stade Toulousain,434,6,6,0,1997-01-18,"11,14,15",Ecosse,
top14,2023/2024,Boris Goutard,USAP,81,2,1,1,1998-06-10,"10,15",France,
top14,2023/2024,Boris Palu,Racing 92,996,22,10,12,1996-02-04,"4,5,8",France,
top14,2023/2024,Brad Weber,Stade Francais Paris,970,18,13,5,1991-01-17,9,Nouvelle Zélande,
top14,2023/2024,Brandon Paenga-Amosa,Montpellier Herault Rugby,489,12,8,4,1995-12-25,2,Australie,
top14,2023/2024,Brent Liufau,Section Paloise,22,1,0,1,2004-03-21,5,France,
top14,2023/2024,Brian Alainu'uese,RC Toulon,1063,19,14,5,1994-03-19,"4,5",Samoa,
top14,2023/2024,Brice Dulin,Stade Rochelais,1366,19,19,0,1990-04-13,15,France,
top14,2023/2024,Bruce Devaux,RC Toulon,664,20,6,14,1996-11-14,1,France,
top14,2023/2024,Caleb Timu,ASM Clermont Auvergne,312,4,4,0,1994-02-22,8,Australie,
top14,2023/2024,Cameron Woki,Racing 92,1202,17,15,2,1998-11-07,"4,6,8",France,
top14,2023/2024,Camille Chat,Racing 92,941,18,15,3,1995-12-18,2,France,
top14,2023/2024,Camille Lopez,Bayonne,1958,26,25,1,1989-04-03,10,France,
top14,2023/2024,Cantin Foguet,Montpellier Herault Rugby,73,1,1,0,2004-05-25,6,France,
top14,2023/2024,Carlu Sadie,Union Bordeaux-Begles,717,18,9,9,1997-05-07,3,Afrique du Sud,
top14,2023/2024,Cedate Gomes Sa,Racing 92,653,19,7,12,1993-08-07,"1,3",France,
top14,2023/2024,Celian Pouzelgues,Stade Toulousain,2,1,0,1,2003-09-30,13,France,
top14,2023/2024,Charles Laloi,Stade Francais Paris,392,6,5,1,2003-07-31,"11,13,14,15",France,
top14,2023/2024,Charles Ollivon,RC Toulon,841,12,11,1,1993-05-11,"7,8",France,
top14,2023/2024,Charlie Cassang,Oyonnax,846,18,10,8,1995-02-08,9,France,
top14,2023/2024,Cheikh Tiberghien,Bayonne,1555,23,20,3,2000-01-08,"13,15",France,
top14,2023/2024,Chris Farrell,Oyonnax,886,14,12,2,1993-03-16,"11,13",Irlande,
top14,2023/2024,Christian Wade,Racing 92,572,14,6,8,1991-05-15,"11,14,15",Angleterre,
top14,2023/2024,Christopher Tolofua,Montpellier Herault Rugby|RC Toulon,1155,25,12,13,1993-12-31,2,France,
top14,2023/2024,Christopher Vaotoa,Oyonnax|Union Bordeaux-Begles,1167,21,18,3,1996-11-16,3,France,
top14,2023/2024,Clement Castets,Stade Francais Paris,410,10,5,5,1996-05-05,1,France,
top14,2023/2024,Clement Doumenc,Montpellier Herault Rugby,412,13,3,10,1997-04-01,"5,6,7,8",France,
top14,2023/2024,Clement Laporte,Section Paloise,383,6,6,0,1998-01-07,"14,15",France,
top14,2023/2024,Clement Maynadier,Union Bordeaux-Begles,506,16,5,11,1988-10-11,2,France,
top14,2023/2024,Clement Mondinat,Section Paloise,14,1,0,1,2003-10-29,10,France,
top14,2023/2024,Clement Sentubery,Stade Toulousain,38,2,0,2,2003-03-22,"6,7",France,
top14,2023/2024,Clement Verge,Stade Toulousain,622,14,5,9,2001-09-13,"4,5",France,
top14,2023/2024,Clovis Le Bail,Racing 92,577,15,8,7,1995-11-29,9,France,
top14,2023/2024,Cobus Reinach,Montpellier Herault Rugby,1092,20,15,5,1990-02-07,"9,11",Afrique du Sud,
top14,2023/2024,Cornell du Preez,RC Toulon,1022,17,14,3,1991-03-23,"6,7,8",Ecosse,
top14,2023/2024,Cristian Ojovan,ASM Clermont Auvergne,556,16,6,10,1997-01-04,3,Moldavie,
top14,2023/2024,Cyril Baille,Stade Toulousain,473,12,5,7,1993-09-15,1,France,
top14,2023/2024,Cyril Cazeaux,Union Bordeaux-Begles,1008,15,12,3,1995-02-10,"4,5",France,
top14,2023/2024,D'Arcy Rae,Montpellier Herault Rugby,97,2,1,1,1994-12-21,3,Ecosse,
top14,2023/2024,Damian Penaud,Union Bordeaux-Begles,1132,16,15,1,1996-09-25,14,France,
top14,2023/2024,Dan Biggar,RC Toulon,519,13,8,5,1989-10-16,10,Pays de Galles,
top14,2023/2024,Dan Robson,Section Paloise,967,25,11,14,1992-03-14,9,Angleterre,
top14,2023/2024,Daniel Bibi Biziwu,ASM Clermont Auvergne,423,14,3,11,2001-08-29,1,France,
top14,2023/2024,Daniel Ikpefan,Oyonnax,1218,17,16,1,1993-10-18,"11,14,15",France,
top14,2023/2024,Dany Priso,RC Toulon,970,21,15,6,1994-01-02,1,France,
top14,2023/2024,Darren Sweetnam,Oyonnax,1003,15,14,1,1993-05-05,"14,15",Irlande,
top14,2023/2024,David Ainu'u,Stade Toulousain,700,20,6,14,1999-11-20,"1,3",Etats-Unis,
top14,2023/2024,David Odiase,Oyonnax,61,3,0,3,2003-01-19,8,Italie,
top14,2023/2024,David Ribbans,RC Toulon,1434,20,18,2,1995-08-29,"4,5",Afrique du Sud,
top14,2023/2024,Davit Mchedlidze,RC Toulon,30,1,0,1,2004-08-10,3,Géorgie,
top14,2023/2024,Davit Niniashvili,Lyon,1314,18,16,2,2002-07-14,"11,14,15",Géorgie,
top14,2023/2024,Demba Bamba,Lyon,849,17,12,5,1998-03-17,3,France,
top14,2023/2024,Denis Marchois,Bayonne,669,15,9,6,1994-02-05,"4,5,6",France,
top14,2023/2024,Dillyn Leyds,Stade Rochelais,1527,20,19,1,1992-09-12,"11,14,15",Afrique du Sud,
top14,2023/2024,Dimitri Delibes,Stade Toulousain,569,9,7,2,1999-03-17,"11,12,13,14",France,
top14,2023/2024,Domingo Miotti,Oyonnax,1407,20,17,3,1996-05-22,"10,15",Argentine,
top14,2023/2024,Donovan Taofifenua,Racing 92,613,11,9,2,1999-03-30,"11,14,15",France,
top14,2023/2024,Dorian Aldegheri,Stade Toulousain,607,13,9,4,1993-08-04,3,France,
top14,2023/2024,Duncan Paia'aua,RC Toulon,860,12,12,0,1995-01-20,12,Samoa,
top14,2023/2024,Dylan Cretin,Lyon,240,3,3,0,1997-05-04,6,France,
top14,2023/2024,Eddie Sawailau,USAP,283,4,4,0,1996-04-04,"12,13",Fidji,
top14,2023/2024,Eddy Ben Arous,Racing 92,446,18,2,16,1990-08-25,"1,2",France,
top14,2023/2024,Edouard Richer,Stade Rochelais,1,1,0,1,2004-04-17,6,France,
top14,2023/2024,Eliott Roudil,Section Paloise,384,9,4,5,1996-10-30,"11,12,13,15",France,
top14,2023/2024,Elliott Stooke,Montpellier Herault Rugby,490,7,7,0,1993-09-10,4,Angleterre,
top14,2023/2024,Emerick Setiano,RC Toulon,412,13,6,7,1996-07-19,3,France,
top14,2023/2024,Emilien Gailleton,Section Paloise,1906,24,23,1,2003-07-13,"13,14,15",France,
top14,2023/2024,Emmanuel Meafou,Stade Toulousain,741,13,9,4,1998-07-12,5,France,
top14,2023/2024,Eneriko Buliruarua,Bayonne,240,5,3,2,1997-01-23,"12,13",Fidji,
top14,2023/2024,Enzo Forletta,Montpellier Herault Rugby,758,19,10,9,1994-06-15,1,France,
top14,2023/2024,Enzo Herve,RC Toulon,864,15,11,4,1998-10-13,"9,10",France,
top14,2023/2024,Enzo Reybier,Oyonnax,846,11,11,0,2002-04-04,"11,14",France,
top14,2023/2024,Enzo Sanga,ASM Clermont Auvergne,45,4,0,4,1995-05-19,9,France,
top14,2023/2024,Esteban Abadie,RC Toulon,1260,17,16,1,1997-12-01,"6,7",France,
top14,2023/2024,Ethan Dumortier,Lyon,737,11,9,2,2000-12-29,"11,12,13,14",France,
top14,2023/2024,Etienne Falgoux,ASM Clermont Auvergne,793,17,13,4,1993-01-19,1,France,
top14,2023/2024,Etienne Fourcade,ASM Clermont Auvergne,656,14,9,5,1997-04-11,2,France,
top14,2023/2024,Ewan Bertheau,USAP,81,2,1,1,2001-07-05,7,France,
top14,2023/2024,Ewan Johnson,Oyonnax,629,12,10,2,1999-06-27,"4,5",Ecosse,
top14,2023/2024,Fabien Sanconnie,Racing 92,671,14,10,4,1995-02-21,"4,5,11",France,
top14,2023/2024,Fabio Gonzalez,RC Toulon,15,1,0,1,2000-05-09,1,France,
top14,2023/2024,Fabrice Metz,Section Paloise,644,15,6,9,1991-01-23,5,France,
top14,2023/2024,Facundo Bosch,Bayonne,830,18,12,6,1991-08-08,2,Argentine,
top14,2023/2024,Facundo Gigena,Section Paloise,123,4,3,1,1994-09-15,1,Argentine,
top14,2023/2024,Facundo Isa,RC Toulon,522,12,6,6,1993-09-21,"6,8",Argentine,
top14,2023/2024,Feao Fotuaika,Lyon,375,8,7,1,1993-04-23,3,Tonga,
top14,2023/2024,Federico Mori,Bayonne,916,13,13,0,2000-10-13,12,Italie,
top14,2023/2024,Felix Lambey,Lyon,1357,20,18,2,1994-03-15,"4,5",France,
top14,2023/2024,Filimo Taofifenua,Oyonnax,111,4,1,3,1993-10-15,"6,7,8",France,
top14,2023/2024,Filipo Nakosi,Castres Olympique,770,14,11,3,1992-04-08,"11,12,14,15",Fidji,
top14,2023/2024,Fletcher Smith,Lyon,233,6,3,3,1995-03-01,10,Nouvelle Zélande,
top14,2023/2024,Florent Vanverberghe,Castres Olympique,563,16,6,10,2000-07-22,"4,5",France,
top14,2023/2024,Florian Verhaeghe,Montpellier Herault Rugby,616,11,7,4,1997-04-27,"4,5,6",France,
top14,2023/2024,Folau Fainga'a,ASM Clermont Auvergne,935,16,12,4,1995-05-05,2,Australie,
top14,2023/2024,Francis Saili,Racing 92,703,16,8,8,1991-02-16,"12,13",Nouvelle Zélande,
top14,2023/2024,Francisco Gomez Kodela,Stade Francais Paris,487,12,7,5,1985-07-03,3,France,
top14,2023/2024,Francois Cros,Stade Toulousain,778,12,10,2,1994-03-25,"6,7",France,
top14,2023/2024,Fritz Lee,ASM Clermont Auvergne,960,15,14,1,1988-08-29,"6,8",Samoa,
top14,2023/2024,Gabin Villiere,RC Toulon,1019,13,13,0,1995-12-13,11,France,
top14,2023/2024,Gabriel Ngandebe,Montpellier Herault Rugby,924,13,13,0,1997-03-30,14,France,
top14,2023/2024,Gael Drean,RC Toulon,1300,17,17,0,2000-10-22,"11,14",France,
top14,2023/2024,Gael Fickou,Racing 92,1119,15,14,1,1994-03-26,"12,13",France,
top14,2023/2024,Gaetan Barlot,Castres Olympique,966,18,17,1,1997-04-13,2,France,
top14,2023/2024,Gauthier Doubrere,Castres Olympique,118,8,0,8,1995-12-24,9,France,
top14,2023/2024,Gauthier Maravat,Castres Olympique,631,14,9,5,2000-06-11,"4,5,6,7",France,
top14,2023/2024,Gavin Stark,Oyonnax,1159,16,15,1,1995-12-18,"11,14,15",Nouvelle Zélande,
top14,2023/2024,Gela Aprasidze,Bayonne,220,12,1,11,1998-01-14,"9,11",Géorgie,
top14,2023/2024,Geoffrey Doumayrou,Montpellier Herault Rugby,380,7,6,1,1989-09-16,"13,14",France,
top14,2023/2024,Geoffrey Palis,Castres Olympique,851,13,11,2,1991-07-08,"11,12,14,15",France,
top14,2023/2024,George Bridge,Montpellier Herault Rugby,870,13,11,2,1995-04-01,"11,14",Nouvelle Zélande,
top14,2023/2024,George Moala,ASM Clermont Auvergne,1223,17,17,0,1990-11-05,"12,13",Tonga,
top14,2023/2024,Georges-Henri Colombe,Stade Rochelais,858,24,10,14,1998-04-09,"1,3",France,
top14,2023/2024,Gia Kharaishvili,Racing 92,194,7,0,7,1999-02-13,3,Géorgie,
top14,2023/2024,Giorgi Beria,ASM Clermont Auvergne,847,20,10,10,1999-11-11,1,France,
top14,2023/2024,Giorgi Dzmanashvili,ASM Clermont Auvergne,153,7,0,7,2002-06-16,"1,3",Géorgie,
top14,2023/2024,Giorgi Melikidze,Stade Francais Paris,403,12,4,8,1996-05-24,3,Géorgie,
top14,2023/2024,Giorgi Tetrashvili,USAP,564,12,9,3,1993-08-31,1,Géorgie,
top14,2023/2024,Giovanni Habel-Kueffner,Stade Francais Paris,1070,22,15,7,1995-01-09,"6,7,8",Allemagne,
top14,2023/2024,Gregory Alldritt,Stade Rochelais,828,12,10,2,1997-03-23,8,France,
top14,2023/2024,Gregory Fichten,Montpellier Herault Rugby,190,6,1,5,1990-08-13,1,France,
top14,2023/2024,Guido Petti,Union Bordeaux-Begles,762,16,10,6,1994-11-17,"3,4,5,6",Argentine,
top14,2023/2024,Guillaume Cramont,Stade Toulousain,1020,20,15,5,2000-12-29,2,France,
top14,2023/2024,Guillaume Ducat,Section Paloise,899,21,13,8,1996-05-25,"4,5,7",France,
top14,2023/2024,Guillaume Marchand,Lyon,776,20,10,10,1998-06-05,2,France,
top14,2023/2024,Guillaume Martocq,Bayonne,1130,21,15,6,1999-08-23,"12,13,15",France,
top14,2023/2024,Guillaume Rouet,Bayonne,786,16,10,6,1988-08-13,9,Espagne,
top14,2023/2024,Guram Gogichashvili,Racing 92,485,14,5,9,1998-09-04,1,Géorgie,
top14,2023/2024,Guram Papidze,Section Paloise,637,16,8,8,1997-06-16,"1,3",Géorgie,
top14,2023/2024,Hamza Kaabeche,Lyon,367,12,2,10,1996-09-23,"1,3",France,
top14,2023/2024,Harry Williams,Montpellier Herault Rugby,350,9,5,4,1991-10-01,3,Angleterre,
top14,2023/2024,Hassane Kolingar,Racing 92,1019,21,15,6,1998-03-06,1,France,
top14,2023/2024,Hayden Thompson-Stringer,Section Paloise,176,4,4,0,1994-12-29,1,Angleterre,
top14,2023/2024,Henry Arundell,Racing 92,921,15,11,4,2002-11-08,"14,15",Angleterre,
top14,2023/2024,Henry Chavancy,Racing 92,1374,22,17,5,1988-05-22,"6,11,12",France,
top14,2023/2024,Henry Thomas,Castres Olympique|Montpellier Herault Rugby,707,18,7,11,1991-10-30,3,Pays de Galles,
top14,2023/2024,Henzo Kiteau,ASM Clermont Auvergne,59,3,0,3,2001-11-11,3,France,
top14,2023/2024,Hoani Bosmorin,Stade Rochelais,119,4,1,3,2004-12-27,"11,14",France,
top14,2023/2024,Hugo Auradou,Section Paloise,865,20,9,11,2003-07-20,"4,5,7",France,
top14,2023/2024,Hugo Fabregue,Oyonnax,1084,19,16,3,1992-09-03,"4,5",France,
top14,2023/2024,Hugo Hermet,Oyonnax,285,5,4,1,2001-08-02,"6,7",France,
top14,2023/2024,Hugo Ndiaye,Stade Francais Paris,176,7,2,5,2000-08-18,3,France,
top14,2023/2024,Hugo Parrou,Section Paloise,225,7,1,6,2003-01-28,1,France,
top14,2023/2024,Hugo Reus,Stade Rochelais,690,15,9,6,2004-02-21,10,France,
top14,2023/2024,Hugo Zabalza,Stade Francais Paris,43,3,0,3,2000-04-12,9,France,
top14,2023/2024,Ian Boubila,Stade Toulousain,236,11,1,10,2002-01-17,2,France,
top14,2023/2024,Ibrahim Diallo,Racing 92,984,18,12,6,1998-01-23,"4,5,6,7,8",France,
top14,2023/2024,Ignacio Calles,Section Paloise,85,2,1,1,1995-10-24,1,Argentine,
top14,2023/2024,Ignacio Ruiz,USAP,897,20,11,9,2001-01-03,2,Argentine,
top14,2023/2024,Ihaia West,Stade Rochelais,1070,23,11,12,1992-01-16,"10,11,12,13,15",Nouvelle Zélande,
top14,2023/2024,Ilan El Khattabi,Oyonnax,114,6,0,6,1999-06-10,9,France,
top14,2023/2024,Inia Tabuavou,Racing 92,270,6,4,2,2002-08-31,"12,13",Fidji,
top14,2023/2024,Irae Simone,ASM Clermont Auvergne,336,5,5,0,1995-07-10,"12,13",Australie,
top14,2023/2024,Irakli Mirtskhulava,Oyonnax,162,7,0,7,1988-12-22,"1,3",Géorgie,
top14,2023/2024,JJ van der Mescht,Stade Francais Paris,621,18,7,11,1999-05-04,"4,5,8",Afrique du Sud,
top14,2023/2024,Jack Goodhue,Castres Olympique,446,7,7,0,1995-06-13,"12,13",Nouvelle Zélande,
top14,2023/2024,Jack Maddocks,Section Paloise,1379,18,18,0,1997-02-05,15,Australie,
top14,2023/2024,Jack Nowell,Stade Rochelais,1531,21,20,1,1993-04-11,"11,13,14",Angleterre,
top14,2023/2024,Jack Singleton,RC Toulon,405,17,3,14,1996-05-14,2,Angleterre,
top14,2023/2024,Jack Willis,Stade Toulousain,780,14,11,3,1996-12-24,"6,7,8",Angleterre,
top14,2023/2024,Jacobus van Tonder,USAP,845,17,15,2,1998-03-03,"4,6,7",Afrique du Sud,
top14,2023/2024,Jake McIntyre,USAP,1710,24,22,2,1994-04-28,10,Australie,
top14,2023/2024,Jale Vatubua,Section Paloise,281,7,3,4,1991-08-30,"11,12",Fidji,
top14,2023/2024,James Hall,Racing 92,53,3,0,3,1996-01-02,9,Afrique du Sud,
top14,2023/2024,Jan Serfontein,Montpellier Herault Rugby,1172,18,18,0,1993-04-15,12,Afrique du Sud,
top14,2023/2024,Jandre Marais,Union Bordeaux-Begles,50,2,0,2,1989-06-14,5,Afrique du Sud,
top14,2023/2024,Janick Tarrit,Racing 92,725,19,8,11,1998-10-29,2,France,
top14,2023/2024,Jean-Baptiste Dubie,Union Bordeaux-Begles,63,1,1,0,1989-07-16,13,France,
top14,2023/2024,Jean-Baptiste Gros,RC Toulon,503,12,6,6,1999-05-29,1,France,
top14,2023/2024,Jean-Marc Doussain,Lyon,54,1,1,0,1991-02-12,9,France,
top14,2023/2024,Jean-Maxence Jules-Rosette,ASM Clermont Auvergne,21,1,0,1,2004-04-18,2,France,
top14,2023/2024,Jean-Pascal Barraque,USAP,302,5,3,2,1991-04-24,"11,12,13,15",France,
top14,2023/2024,Jefferson Poirot,Union Bordeaux-Begles,737,19,11,8,1992-11-01,1,France,
top14,2023/2024,Jeremie Maurouard,USAP,144,3,3,0,1992-09-23,2,France,
top14,2023/2024,Jeremy Fernandez,Castres Olympique,998,25,14,11,1997-05-15,9,France,
top14,2023/2024,Jeremy Sinzelle,RC Toulon,453,11,5,6,1990-07-02,"10,11,12,13",France,
top14,2023/2024,Jeremy Ward,Stade Francais Paris,1697,22,22,0,1996-01-10,"12,13",Afrique du Sud,
top14,2023/2024,Jerome Rey,Lyon,1022,22,15,7,1995-05-19,1,France,
top14,2023/2024,Jeronimo de la Fuente,USAP,1156,16,16,0,1991-02-24,12,Argentine,
top14,2023/2024,Jiuta Wainiqolo,RC Toulon,754,15,8,7,1999-03-10,"11,12,14",Fidji,
top14,2023/2024,Joaquin Oviedo,USAP,1145,19,17,2,2001-07-16,"6,8",Argentine,
top14,2023/2024,Job Poulet,USAP,30,2,0,2,2003-04-30,"12,13",France,
top14,2023/2024,Joe Marchant,Stade Francais Paris,1442,19,18,1,1996-07-16,"11,13,14",Angleterre,
top14,2023/2024,Joe Powell,Lyon,31,2,0,2,1994-04-11,9,Australie,
top14,2023/2024,Joe Ravouvou,Oyonnax,118,3,3,0,1991-03-21,14,Nouvelle Zélande,
top14,2023/2024,Joe Simmonds,Section Paloise,1672,22,21,1,1996-12-19,10,Angleterre,
top14,2023/2024,Joel Kpoku,Lyon,1197,20,15,5,1999-06-22,"4,6,7,8",Angleterre,
top14,2023/2024,Joel Merkler,Stade Toulousain,722,20,6,14,2001-10-25,"3,5",Espagne,
top14,2023/2024,Joel Sclavi,Stade Rochelais,456,14,4,10,1994-06-25,"1,3",Argentine,
top14,2023/2024,Jonathan Danty,Stade Rochelais,607,12,7,5,1992-10-07,12,France,
top14,2023/2024,Jonathan Ruru,Oyonnax,902,19,11,8,1993-02-02,9,Nouvelle Zélande,
top14,2023/2024,Jordan Joseph,Racing 92,1221,20,17,3,2000-07-31,8,France,
top14,2023/2024,Jordan Taufua,Lyon,374,9,6,3,1992-01-29,8,Samoa,
top14,2023/2024,Joris Dupont,Castres Olympique,12,1,0,1,2001-02-08,13,France,
top14,2023/2024,Joris Jurand,ASM Clermont Auvergne,937,12,12,0,1995-11-11,"11,14,15",France,
top14,2023/2024,Joris Segonds,Stade Francais Paris,1273,23,16,7,1997-04-06,"10,15",France,
top14,2023/2024,Josaia Raisuqe,Castres Olympique,824,16,9,7,1994-07-22,"11,14",Fidji,
top14,2023/2024,Joshua Brennan,Stade Toulousain,947,19,12,7,2001-11-28,"4,5,7",France,
top14,2023/2024,Josiah Maraku,Lyon,1121,18,14,4,2000-03-30,"12,13,15",Nouvelle Zélande,
top14,2023/2024,Josua Tuisova,Racing 92,363,5,5,0,1994-02-04,"12,14",Fidji,
top14,2023/2024,Juan Cruz Mallia,Stade Toulousain,1012,14,13,1,1996-09-11,"10,14,15",Argentine,
top14,2023/2024,Juan Imhoff,Racing 92,378,7,5,2,1988-05-11,11,Argentine,
top14,2023/2024,Judicael Cancoriet,Stade Rochelais,1851,26,23,3,1996-04-25,"4,6,7,8",France,
top14,2023/2024,Jules Coulon,RC Toulon,905,15,11,4,2002-07-04,"6,7,8",France,
top14,2023/2024,Jules Danglot,RC Toulon,261,10,3,7,2002-08-06,"9,10",France,
top14,2023/2024,Jules Favre,Stade Rochelais,1573,25,21,4,1999-03-22,"11,12,13",France,
top14,2023/2024,Jules Gimbert,Stade Francais Paris,204,9,3,6,1998-03-02,"8,9",France,
top14,2023/2024,Jules Plisson,ASM Clermont Auvergne,257,7,2,5,1991-08-20,10,France,
top14,2023/2024,Jules Soulan,Oyonnax,383,6,5,1,1994-06-16,10,France,
top14,2023/2024,Jules Veyrier,Montpellier Herault Rugby,32,1,0,1,2004-07-26,7,France,
top14,2023/2024,Julien Delbouis,Stade Francais Paris,686,13,10,3,1999-08-04,"12,14",France,
top14,2023/2024,Julien Dumora,Castres Olympique,1343,18,18,0,1988-03-24,15,France,
top14,2023/2024,Julien Heriteau,ASM Clermont Auvergne,860,16,10,6,1994-09-12,"12,13",France,
top14,2023/2024,Julien Marchand,Stade Toulousain,421,9,6,3,1995-05-10,2,France,
top14,2023/2024,Julien Ory,Stade Francais Paris,144,5,1,4,1996-08-24,"6,7,8",France,
top14,2023/2024,Julien Ratajczak,Oyonnax,23,1,0,1,2003-04-22,2,France,
top14,2023/2024,Julien Tisseron,Montpellier Herault Rugby,1174,17,15,2,1995-08-12,"11,13,14,15",France,
top14,2023/2024,Junior Kpoku,Racing 92,23,2,0,2,2005-09-10,"4,5",Angleterre,
top14,2023/2024,Justin Bouraux,Oyonnax,1465,25,17,8,2002-06-18,"10,11,12,15",France,
top14,2023/2024,Kalvin Gourgues,Stade Toulousain,218,4,2,2,2005-03-27,"10,15",France,
top14,2023/2024,Kaminieli Rasaku,Bayonne,80,1,1,0,1999-07-12,14,Fidji,
top14,2023/2024,Kane Douglas,Union Bordeaux-Begles,1043,21,14,7,1989-06-01,"4,5,7",Australie,
top14,2023/2024,Karl Sorin,Stade Rochelais,45,3,0,3,2003-08-07,1,France,
top14,2023/2024,Karl Tu'inukuafe,Montpellier Herault Rugby,183,6,2,4,1993-02-21,"1,3",Nouvelle Zélande,
top14,2023/2024,Kelian Galletier,USAP,590,12,5,7,1992-03-18,"5,6,7,8",France,
top14,2023/2024,Kevin Kornath,Oyonnax,316,7,4,3,1996-12-27,"4,7",France,
top14,2023/2024,Kevin Lebreton,Oyonnax,1534,24,18,6,1995-01-07,"6,7",France,
top14,2023/2024,Kieran Brookes,RC Toulon,580,19,4,15,1990-08-29,3,Angleterre,
top14,2023/2024,Killian Geraci,Lyon,402,9,4,5,1999-03-25,"4,5",France,
top14,2023/2024,Killian Tixeront,ASM Clermont Auvergne,999,22,13,9,2002-01-22,"5,6,7",France,
top14,2023/2024,Kitione Kamikamica,Racing 92,342,8,5,3,1996-04-27,"7,8",Fidji,
top14,2023/2024,Konstantine Mikautadze,Bayonne,213,7,1,6,1991-07-01,"4,5",Géorgie,
top14,2023/2024,Kylan Hamdaoui,Stade Francais Paris,1393,20,18,2,1994-04-15,"11,14,15",France,
top14,2023/2024,Kyle Godwin,Lyon,709,14,8,6,1992-07-30,"12,13,15",Australie,
top14,2023/2024,Lasha Macharashvili,Montpellier Herault Rugby,300,8,3,5,1998-11-13,3,Géorgie,
top14,2023/2024,Laurent Panis,Stade Francais Paris,64,3,0,3,1993-04-23,2,France,
top14,2023/2024,Leicester Fainga'anuku,RC Toulon,1017,14,12,2,1999-10-11,"11,12,13,14",Tonga,
top14,2023/2024,Lekima Tagitagivalu,Section Paloise,715,15,8,7,1995-12-04,"4,5,6",Fidji,
top14,2023/2024,Lekso Kaulashvili,Union Bordeaux-Begles,483,12,5,7,1992-08-27,"1,3",Géorgie,
top14,2023/2024,Lendi Dakaj,Stade Francais Paris,46,2,0,2,2002-03-08,3,France,
top14,2023/2024,Lenni Nouchi,Montpellier Herault Rugby,819,18,10,8,2003-11-24,"4,6,7,8,15",France,
top14,2023/2024,Leo Banos,Stade Toulousain,523,10,6,4,2002-08-16,"6,7,8",France,
top14,2023/2024,Leo Barre,Stade Francais Paris,1574,24,18,6,2002-08-20,"6,10,11,12,15",France,
top14,2023/2024,Leo Berdeu,Lyon,697,13,10,3,1998-06-13,"10,15",France,
top14,2023/2024,Leo Coly,Montpellier Herault Rugby,796,18,9,9,1999-09-09,"9,10",France,
top14,2023/2024,Leo Labarthe,Stade Toulousain,26,2,0,2,2003-11-22,"7,8",France,
top14,2023/2024,Leon Darricarrere,ASM Clermont Auvergne,861,17,10,7,2004-06-04,"12,13",France,
top14,2023/2024,Leone Nakarawa,Castres Olympique,1344,25,16,9,1988-04-02,"4,5,8",Fidji,
top14,2023/2024,Lester Etien,Stade Francais Paris,1708,23,23,0,1995-06-21,"11,12,13",France,
top14,2023/2024,Leva Fifita,Oyonnax,125,4,1,3,1989-07-29,5,Tonga,
top14,2023/2024,Levan Chilachava,Castres Olympique,835,20,12,8,1991-08-17,3,Géorgie,
top14,2023/2024,Levani Botia,Stade Rochelais,850,14,13,1,1989-03-14,"6,7",Fidji,
top14,2023/2024,Liam Allen,Lyon,846,13,12,1,2000-03-17,"6,7,8",Nouvelle Zélande,
top14,2023/2024,Liam Coltman,Lyon,976,20,14,6,1990-01-25,2,Nouvelle Zélande,
top14,2023/2024,Liam Rimet,Lyon,49,3,0,3,2003-09-15,9,France,
top14,2023/2024,Lino Julien,Racing 92,19,1,0,1,2004-07-27,1,France,
top14,2023/2024,Loann Goujon,Lyon,199,6,2,4,1989-04-23,"4,5,8",France,
top14,2023/2024,Loic Credoz,Oyonnax,1386,20,17,3,1999-05-17,"6,7",France,
top14,2023/2024,Loic Godener,Oyonnax,916,21,12,9,1995-08-13,"5,8",France,
top14,2023/2024,Lois Guerois-Galisson,Castres Olympique,778,19,12,7,2001-12-22,1,France,
top14,2023/2024,Lomig Jouanny,Stade Toulousain,20,1,0,1,2004-05-25,6,France,
top14,2023/2024,Lorencio Boyer Gallardo,USAP,38,2,0,2,2005-09-23,1,France,
top14,2023/2024,Loris Zarantonello,Castres Olympique,860,26,6,20,2000-11-17,2,France,
top14,2023/2024,Louis Bielle-Biarrey,Union Bordeaux-Begles,1011,15,12,3,2003-06-19,"11,14,15",France,
top14,2023/2024,Louis Carbonel,Montpellier Herault Rugby,1621,24,21,3,1999-02-04,"10,11",France,
top14,2023/2024,Louis Dupichot,USAP,968,13,12,1,1995-09-23,"11,14,15",France,
top14,2023/2024,Louis Foursans-Bourdette,Montpellier Herault Rugby,89,5,0,5,2002-01-29,"9,10,14",France,
top14,2023/2024,Louis Le Brun,Castres Olympique,998,21,13,8,2002-02-28,"10,12,14,15",France,
top14,2023/2024,Louis Ortolan,Bayonne,16,1,0,1,2002-01-16,2,France,
top14,2023/2024,Louis Penverne,Stade Rochelais,582,14,8,6,2003-02-22,1,France,
top14,2023/2024,Louis-Antonin Agostini,Lyon,19,1,0,1,2004-04-19,6,France,
top14,2023/2024,Luca Tabarot,Montpellier Herault Rugby,43,2,0,2,2003-12-24,1,France,
top14,2023/2024,Lucas Bachelier,USAP,504,9,8,1,1995-03-26,"6,7",France,
top14,2023/2024,Lucas Dessaigne,ASM Clermont Auvergne,812,17,8,9,1999-02-27,"6,7",France,
top14,2023/2024,Lucas Dubois,USAP,998,15,13,2,1998-06-09,"11,14,15",France,
top14,2023/2024,Lucas Mensa,Oyonnax,830,18,10,8,1996-05-24,"12,13",Argentine,
top14,2023/2024,Lucas Paulos,Bayonne,1087,19,15,4,1998-01-09,"3,4,5",Argentine,
top14,2023/2024,Lucas Peyresblanques,Stade Francais Paris,825,22,7,15,1998-01-20,2,France,
top14,2023/2024,Lucas Rey,Section Paloise,1074,23,17,6,1997-04-27,2,France,
top14,2023/2024,Lucas Tauzin,Stade Toulousain,973,15,11,4,1998-05-21,"11,12,14",France,
top14,2023/2024,Lucas Velarte,USAP,431,12,2,10,1998-10-24,"4,5,6,7,8",France,
top14,2023/2024,Lucas Zamora,Stade Rochelais,84,3,0,3,2004-11-29,9,France,
top14,2023/2024,Luka Japaridze,Montpellier Herault Rugby,451,10,6,4,1998-09-06,3,Géorgie,
top14,2023/2024,Luke Tagi,Bayonne,536,12,7,5,1997-07-23,3,Fidji,
top14,2023/2024,Luke Whitelock,Section Paloise,1553,21,20,1,1991-01-29,"6,7,8",Nouvelle Zélande,
top14,2023/2024,Lyam Akrab,Montpellier Herault Rugby,55,2,0,2,2005-09-06,2,France,
top14,2023/2024,Madosh Tambwe,Union Bordeaux-Begles,945,14,12,2,1997-05-12,"11,14",République Démocratique du Congo,
top14,2023/2024,Mael Moustin,Union Bordeaux-Begles,339,5,4,1,2003-04-22,"11,14",France,
top14,2023/2024,Mael Perrin,Montpellier Herault Rugby,98,2,1,1,2004-06-02,"4,5",France,
top14,2023/2024,Maelan Rabut,RC Toulon,445,7,6,1,1996-09-08,"12,13",France,
top14,2023/2024,Mahamadou Diaby,Union Bordeaux-Begles,1433,26,20,6,1990-08-15,"4,6,7",France,
top14,2023/2024,Malachi Hawkes,Stade Toulousain,56,3,0,3,2002-12-06,2,Australie,
top14,2023/2024,Mamoudou Meite,Stade Francais Paris,89,5,0,5,2002-11-16,2,France,
top14,2023/2024,Manu Leiataua,Oyonnax,301,14,0,14,1986-12-26,2,Samoa,
top14,2023/2024,Manuel Leindekar,Bayonne,311,7,2,5,1997-04-23,"4,5",Uruguay,
top14,2023/2024,Marco Tauleigne,Montpellier Herault Rugby,534,13,9,4,1993-08-30,"4,6,8",France,
top14,2023/2024,Marco Trauth,Stade Toulousain,166,3,3,0,2000-09-15,1,France,
top14,2023/2024,Marcos Kremer,ASM Clermont Auvergne,1264,18,16,2,1997-07-30,7,Argentine,
top14,2023/2024,Marius Domon,RC Toulon,473,6,6,0,2002-06-13,15,France,
top14,2023/2024,Marko Gazzotti,Union Bordeaux-Begles,533,12,7,5,2004-09-24,"6,7,8",France,
top14,2023/2024,Martin Doan,Montpellier Herault Rugby,32,2,0,2,1998-10-08,9,France,
top14,2023/2024,Martin Meliande,Racing 92,483,10,4,6,2001-12-20,"10,15",France,
top14,2023/2024,Martin Page-Relo,Lyon,474,17,4,13,1999-01-06,9,Italie,
top14,2023/2024,Martin Puech,Section Paloise,527,13,5,8,1988-12-14,"4,6,7,8",France,
top14,2023/2024,Martin Villar,Bayonne,4,1,0,1,2002-11-06,1,Argentine,
top14,2023/2024,Marvin Okuya,Lyon,312,6,4,2,2003-12-29,"6,7,8",France,
top14,2023/2024,Marvin Orie,USAP,869,16,9,7,1993-02-15,"3,4,5",Afrique du Sud,
top14,2023/2024,Masivesi Dakuwaqa,Montpellier Herault Rugby,699,11,9,2,1994-02-14,"7,8,11,13,14",Fidji,
top14,2023/2024,Mateo Carreras,Bayonne,384,5,5,0,1999-12-17,14,Argentine,
top14,2023/2024,Mateo Garcia,Union Bordeaux-Begles,948,16,13,3,2002-07-08,"10,15",France,
top14,2023/2024,Mathieu Acebes,USAP,923,19,9,10,1987-08-01,"10,11,12,13,14,15",France,
top14,2023/2024,Mathieu Babillot,Castres Olympique,1207,19,16,3,1993-09-09,"6,7",France,
top14,2023/2024,Mathieu Hirigoyen,Stade Francais Paris,1376,24,16,8,1999-01-25,"6,7,8",France,
top14,2023/2024,Mathieu Smaili,RC Toulon,597,12,7,5,1999-08-30,"6,10,12,13",France,
top14,2023/2024,Mathieu Tanguy,RC Toulon|USAP,1056,22,14,8,1996-06-05,"4,5",France,
top14,2023/2024,Mathis Brunet,Stade Rochelais,34,2,0,2,2003-07-31,9,France,
top14,2023/2024,Mathis Castro-Ferreira,Stade Toulousain,696,15,9,6,2004-01-13,"6,7,8",France,
top14,2023/2024,Mathys Belaubre,ASM Clermont Auvergne,36,2,0,2,2005-03-15,12,France,
top14,2023/2024,Mathys Lotrian,USAP,35,1,0,1,2004-02-18,1,France,
top14,2023/2024,Matis Perchaud,Bayonne,1100,21,15,6,2002-09-17,1,France,
top14,2023/2024,Matt Tierney,Castres Olympique,32,1,0,1,1996-07-04,3,Canada,
top14,2023/2024,Matteo Le Corvec,RC Toulon,508,12,7,5,2001-01-04,"5,6,7",France,
top14,2023/2024,Matteo Rodor,USAP,153,9,0,9,1999-07-04,"9,10",France,
top14,2023/2024,Matthias Haddad,Stade Rochelais,278,12,3,9,2001-03-10,"5,6,7,8",France,
top14,2023/2024,Matthias Halagahu,RC Toulon,884,22,11,11,2001-08-15,"3,4,5",France,
top14,2023/2024,Matthieu Jalibert,Union Bordeaux-Begles,975,14,14,0,1998-11-06,10,France,
top14,2023/2024,Matthis Lebel,Stade Toulousain,1148,16,15,1,1999-03-25,"11,15",France,
top14,2023/2024,Max Spring,Racing 92,1300,21,16,5,2001-03-15,"9,11,15",France,
top14,2023/2024,Maxime Baudonne,Racing 92,1156,25,13,12,2002-07-12,"6,7,8,11",France,
top14,2023/2024,Maxime Duprat,Stade Toulousain,22,1,0,1,1998-06-06,1,France,
top14,2023/2024,Maxime Gouzou,Lyon,545,11,5,6,1998-09-11,"7,8",France,
top14,2023/2024,Maxime Lamothe,Union Bordeaux-Begles,1302,25,19,6,1998-10-03,2,France,
top14,2023/2024,Maxime Lucu,Union Bordeaux-Begles,1323,19,17,2,1993-01-12,9,France,
top14,2023/2024,Maxime Machenaud,Bayonne,1063,22,15,7,1988-12-30,9,France,
top14,2023/2024,Maxime Salles,Oyonnax,267,6,3,3,1997-03-21,"11,14,15",France,
top14,2023/2024,Mehdi Tlili,Section Paloise,26,2,0,2,2004-08-17,6,France,
top14,2023/2024,Melvyn Jaminet,RC Toulon|Stade Toulousain,1200,15,15,0,1999-06-30,15,France,
top14,2023/2024,Michael Young,RC Toulon,8,1,0,1,1988-12-31,9,Angleterre,
top14,2023/2024,Mickael Capelli,Section Paloise,401,9,7,2,1997-03-18,"4,5",France,
top14,2023/2024,Mickael Guillard,Lyon,1489,26,18,8,2000-12-10,"5,6,7,8",France,
top14,2023/2024,Mickael Ivaldi,Stade Francais Paris,1180,24,20,4,1990-02-20,2,France,
top14,2023/2024,Miles Amatosero,ASM Clermont Auvergne,104,3,0,3,2002-06-15,"4,5",Australie,
top14,2023/2024,Monty Ioane,Lyon,580,8,7,1,1994-10-30,"11,14",Italie,
top14,2023/2024,Moses Alo-Emile,Stade Francais Paris,885,24,9,15,2000-01-15,"1,3",France,
top14,2023/2024,Nadir Megdoud,Bayonne,560,7,7,0,1997-03-26,11,France,
top14,2023/2024,Nans Ducuing,Union Bordeaux-Begles,577,11,9,2,1991-11-06,"12,14,15",France,
top14,2023/2024,Nathan Bollengier,Stade Rochelais,307,8,4,4,2004-01-18,"11,14,15",France,
top14,2023/2024,Nathan Decron,Section Paloise,1145,17,16,1,1998-02-17,"11,12,13",France,
top14,2023/2024,Nathanael Hulleu,Castres Olympique,1670,23,21,2,2000-05-16,"10,11,14",France,
top14,2023/2024,Nemo Roelofse,USAP,829,19,11,8,1995-06-06,3,Afrique du Sud,
top14,2023/2024,Nepo Laulala,Stade Toulousain,244,5,5,0,1991-11-06,3,Nouvelle Zélande,
top14,2023/2024,Nick Champion de Crespigny,Castres Olympique,612,13,9,4,1996-06-27,"6,7,8",Australie,
top14,2023/2024,Nicolaas Janse van Rensburg,Montpellier Herault Rugby,1174,18,15,3,1994-05-06,"3,4,5,6",Afrique du Sud,
top14,2023/2024,Nicolas Corato,Section Paloise,740,20,8,12,1997-10-07,3,France,
top14,2023/2024,Nicolas Depoortere,Union Bordeaux-Begles,1537,22,19,3,2003-01-13,"11,12,13",France,
top14,2023/2024,Noa Nakaitaci,RC Toulon,72,1,1,0,1990-07-11,11,France,
top14,2023/2024,Noah Lolesio,RC Toulon,220,6,2,4,1999-12-18,"10,13",Australie,
top14,2023/2024,Noah Nene,Stade Francais Paris,26,1,0,1,2004-10-14,13,France,
top14,2023/2024,Noe Della Schiava,Stade Rochelais,51,3,0,3,2002-02-28,"5,6,7",France,
top14,2023/2024,Nolann Le Garrec,Racing 92,1190,19,17,2,2002-05-14,9,France,
top14,2023/2024,Olivier Klemenczak,Racing 92,718,14,9,5,1996-06-01,"10,12,13",France,
top14,2023/2024,Oscar Jegou,Stade Rochelais,762,16,8,8,2003-05-31,"4,6,7",France,
top14,2023/2024,Owen Franks,Stade Toulousain,330,7,6,1,1987-12-23,3,Nouvelle Zélande,
top14,2023/2024,Pablo Uberti,Union Bordeaux-Begles,1487,24,17,7,1997-10-19,"11,12,13,14,15",France,
top14,2023/2024,Paddy Jackson,Lyon,1243,24,13,11,1992-01-05,10,Irlande,
top14,2023/2024,Paolo Garbisi,Montpellier Herault Rugby|RC Toulon,937,18,10,8,2000-04-26,"9,10,12,13",Italie,
top14,2023/2024,Pascal Cotet,Bayonne,257,7,1,6,1993-10-12,3,France,
top14,2023/2024,Patrick Sobela,USAP,1268,22,16,6,1992-08-12,"6,7",France,
top14,2023/2024,Paul Abadie,Union Bordeaux-Begles,698,19,8,11,1994-07-28,9,France,
top14,2023/2024,Paul Alo-Emile,Stade Francais Paris,1002,19,14,5,1991-12-22,"1,3",Samoa,
top14,2023/2024,Paul Boudehent,Stade Rochelais,618,10,8,2,1999-11-21,"6,7,8",France,
top14,2023/2024,Paul Costes,Stade Toulousain,778,16,8,8,2003-04-04,"12,13",France,
top14,2023/2024,Paul Dumas,Lyon,35,1,0,1,2004-09-19,9,France,
top14,2023/2024,Paul Gabrillagues,Stade Francais Paris,1393,21,18,3,1993-06-03,"4,5,6",France,
top14,2023/2024,Paul Graou,Stade Toulousain,1444,23,19,4,1997-07-25,"9,10",France,
top14,2023/2024,Paul Jedrasiak,ASM Clermont Auvergne,506,12,7,5,1993-02-06,"4,5",France,
top14,2023/2024,Paul Mallez,Stade Toulousain,105,6,0,6,2001-01-24,"1,2,3",France,
top14,2023/2024,Paul Willemse,Montpellier Herault Rugby,623,10,8,2,1992-11-13,"4,5",France,
top14,2023/2024,Paulo Tafili,Lyon,384,11,5,6,1996-02-15,3,France,
top14,2023/2024,Peato Mauvaka,Stade Toulousain,512,12,6,6,1997-01-10,2,France,
top14,2023/2024,Peceli Yato,ASM Clermont Auvergne,1134,23,15,8,1993-01-17,"5,6,7,8",Fidji,
top14,2023/2024,Pedro Bettencourt,Oyonnax,720,13,9,4,1994-11-18,"11,13,14,15",Portugal,
top14,2023/2024,Peniami Narisia,Racing 92,324,8,4,4,1997-06-10,2,Fidji,
top14,2023/2024,Peniasi Dakuwaqa,Stade Francais Paris,904,15,11,4,1997-04-09,"11,12,13,14",Fidji,
top14,2023/2024,Pete Samu,Union Bordeaux-Begles,725,19,6,13,1991-12-17,"6,7,8",Australie,
top14,2023/2024,Petero Mailulu,Stade Toulousain,17,1,0,1,2002-07-26,5,Fidji,
top14,2023/2024,Peyo Muscarditz,Bayonne,339,5,5,0,1996-01-02,13,France,
top14,2023/2024,Phoenix Battye,Oyonnax,1300,19,19,0,1990-09-28,"4,5",Australie,
top14,2023/2024,Pierre Bochaton,Union Bordeaux-Begles,940,16,9,7,2001-04-17,"4,6,7",France,
top14,2023/2024,Pierre Boudehent,Stade Francais Paris,501,12,5,7,1998-02-06,"10,12,13",France,
top14,2023/2024,Pierre Bourgarit,Stade Rochelais,218,4,2,2,1997-09-12,2,France,
top14,2023/2024,Pierre Colonna,Castres Olympique,257,7,3,4,2001-06-14,2,France,
top14,2023/2024,Pierre Damond,RC Toulon,13,1,0,1,2003-11-27,2,France,
top14,2023/2024,Pierre Fouyssac,ASM Clermont Auvergne,656,11,9,2,1995-03-17,"10,12,13",France,
top14,2023/2024,Pierre Huguet,Bayonne,1070,19,17,2,1995-11-05,"6,7",France,
top14,2023/2024,Pierre Lucas,Montpellier Herault Rugby,176,5,1,4,1997-04-29,"11,12,13",France,
top14,2023/2024,Pierre Pages,Lyon,151,3,2,1,1990-05-16,9,France,
top14,2023/2024,Pierre Popelin,Castres Olympique,1542,21,20,1,1995-06-23,"10,15",France,
top14,2023/2024,Pierre-Emmanuel Pacheco,Lyon,57,1,1,0,2002-11-04,6,France,
top14,2023/2024,Pierre-Henri Azagoh,Stade Francais Paris,794,19,10,9,1998-07-25,"4,5,7",France,
top14,2023/2024,Pierre-Louis Barassi,Stade Toulousain,1025,18,12,6,1998-04-22,"10,12,13,14",France,
top14,2023/2024,Pierre-Samuel Pacheco,Lyon,204,6,2,4,2000-04-16,"7,8",France,
top14,2023/2024,Pieter Scholtz,Bayonne,215,9,1,8,1994-03-20,"1,3,4",Afrique du Sud,
top14,2023/2024,Pietro Ceccarelli,USAP,838,18,11,7,1992-02-16,3,Italie,
top14,2023/2024,Pita Ahki,Stade Toulousain,1060,16,15,1,1992-09-24,12,Tonga,
top14,2023/2024,Pita-Gus Sowakula,ASM Clermont Auvergne,618,10,8,2,1994-10-26,"6,8",Fidji,
top14,2023/2024,Piula Fa'asalele,Stade Toulousain,971,20,14,6,1988-01-22,"4,5,6,7",Samoa,
top14,2023/2024,Posolo Tuilagi,USAP,1267,22,17,5,2004-07-28,"4,5,6,7",France,
top14,2023/2024,Quentin Bethune,Bayonne,200,8,2,6,1995-09-25,1,France,
top14,2023/2024,Quentin Lespiaucq,Stade Rochelais,1149,25,14,11,1995-02-16,2,France,
top14,2023/2024,Quentin Walcker,Castres Olympique,285,7,5,2,1996-02-21,1,France,
top14,2023/2024,Rabah Slimani,ASM Clermont Auvergne,1310,26,20,6,1989-10-18,3,France,
top14,2023/2024,Raphael Lakafia,Union Bordeaux-Begles,179,3,2,1,1988-10-28,"7,8",France,
top14,2023/2024,Rayan Rebbadj,RC Toulon,160,2,2,0,1999-08-15,11,France,
top14,2023/2024,Raymond Rhule,Stade Rochelais,75,2,1,1,1992-11-06,"11,12",Afrique du Sud,
top14,2023/2024,Reda Wardi,Stade Rochelais,622,11,9,2,1995-08-02,1,France,
top14,2023/2024,Reece Hewat,Section Paloise,1337,23,16,7,1997-09-25,"6,7,8",Australie,
top14,2023/2024,Reece Hodge,Bayonne,365,6,4,2,1994-08-26,"11,12,13",Australie,
top14,2023/2024,Remi Bourdeau,Bayonne,1154,24,10,14,1992-02-27,"5,6,7,8",France,
top14,2023/2024,Remi Picquette,Stade Rochelais,1160,23,16,7,1995-02-23,"4,5",France,
top14,2023/2024,Remi Seneca,Section Paloise,413,11,1,10,1995-01-16,1,France,
top14,2023/2024,Remy Baget,Bayonne,1240,18,16,2,1997-07-27,"11,14",France,
top14,2023/2024,Richie Arnold,Stade Toulousain,995,18,14,4,1990-07-01,"4,5",Australie,
top14,2023/2024,Rob Simmons,ASM Clermont Auvergne,1645,23,22,1,1989-04-19,"4,5",Australie,
top14,2023/2024,Robin Couly,ASM Clermont Auvergne,160,6,1,5,2004-02-07,2,France,
top14,2023/2024,Rodrigo Bruni,Bayonne,436,9,6,3,1993-09-03,"6,8",Argentine,
top14,2023/2024,Rodrigue Neti,Stade Toulousain,1099,24,16,8,1995-04-26,1,France,
top14,2023/2024,Romain Briatte,Stade Francais Paris,1591,23,21,2,1993-02-18,"6,7",France,
top14,2023/2024,Romain Buros,Union Bordeaux-Begles,1610,23,21,2,1997-07-31,"14,15",France,
top14,2023/2024,Romain Latterrade,Union Bordeaux-Begles,511,17,5,12,1996-04-04,2,France,
top14,2023/2024,Romain Ntamack,Stade Toulousain,254,4,3,1,1999-05-01,10,France,
top14,2023/2024,Romain Ruffenach,Section Paloise,353,11,3,8,1994-09-04,2,France,
top14,2023/2024,Romain Taofifenua,Lyon,834,15,12,3,1990-09-14,"4,5",France,
top14,2023/2024,Rory Grice,Oyonnax,1145,19,16,3,1990-04-02,"6,7,8",Nouvelle Zélande,
top14,2023/2024,Rory Kockott,Stade Francais Paris,902,18,11,7,1986-06-25,9,France,
top14,2023/2024,Rory Sutherland,Oyonnax,188,7,0,7,1992-08-24,1,Ecosse,
top14,2023/2024,Ryan Chapuis,Stade Francais Paris,402,12,4,8,1997-12-12,"4,6,7,8",France,
top14,2023/2024,Rynhardt Elstadt,Stade Toulousain,54,2,0,2,1989-12-20,7,Afrique du Sud,
top14,2023/2024,Ryno Pieterse,Castres Olympique,51,3,0,3,1998-08-06,"4,5,7",Afrique du Sud,
top14,2023/2024,Sacha Idoumi,Stade Rochelais,141,6,3,3,2002-10-19,2,France,
top14,2023/2024,Sacha Lotrian,USAP,800,19,10,9,2000-08-13,1,France,
top14,2023/2024,Sacha Zegueur,Section Paloise,997,19,14,5,1999-06-21,"5,6,7,8",France,
top14,2023/2024,Sadek Deghmache,USAP,756,18,9,9,1995-10-05,9,France,
top14,2023/2024,Sam Simmonds,Montpellier Herault Rugby,1317,20,15,5,1994-11-10,"6,7,8,12",Angleterre,
top14,2023/2024,Sam Whitelock,Section Paloise,810,12,12,0,1988-10-12,"4,5",Nouvelle Zélande,
top14,2023/2024,Samuel Ezeala,Section Paloise,1153,17,16,1,1999-12-11,"11,12,13,14",Espagne,
top14,2023/2024,Santiago Arata,Castres Olympique,958,19,12,7,1996-09-02,9,Uruguay,
top14,2023/2024,Santiago Chocobares,Stade Toulousain,615,10,7,3,1999-03-31,"12,13",Argentine,
top14,2023/2024,Santiago Medrano,Lyon,79,2,0,2,1996-05-06,3,Argentine,
top14,2023/2024,Sebastien Bezy,ASM Clermont Auvergne,1131,22,15,7,1991-11-22,9,France,
top14,2023/2024,Sebastien Taofifenua,Lyon,428,10,8,2,1992-03-21,1,France,
top14,2023/2024,Sefa Naivalu,Stade Francais Paris,54,1,1,0,1992-01-07,12,Fidji,
top14,2023/2024,Seilala Lam,USAP,858,21,12,9,1989-02-18,2,Samoa,
top14,2023/2024,Sekou Macalou,Stade Francais Paris,1104,17,15,2,1995-04-20,"6,7,8,11",France,
top14,2023/2024,Selevasio Tolofua,RC Toulon,1080,21,13,8,1997-05-31,"6,7,8",France,
top14,2023/2024,Semi Radradra,Lyon,641,9,9,0,1992-06-13,"12,13",Fidji,
top14,2023/2024,Sergo Abramishvili,Stade Francais Paris,823,17,12,5,2003-11-20,1,Géorgie,
top14,2023/2024,Setareki Bituniyata,Stade Toulousain,831,14,12,2,1995-08-12,"11,14",Fidji,
top14,2023/2024,Setariki Tuicuvu,RC Toulon,1519,25,20,5,1995-09-07,"10,11,12,13,14",Fidji,
top14,2023/2024,Shahn Eru,USAP,148,7,0,7,1989-09-20,"3,4,5,6",Nouvelle Zélande,
top14,2023/2024,Siate Tokolahi,Section Paloise,911,21,13,8,1992-03-16,3,Tonga,
top14,2023/2024,Siegfried Fisi'ihoi,Section Paloise,417,10,7,3,1987-06-08,1,Tonga,
top14,2023/2024,Simeli Daunivucu,Stade Rochelais,297,8,3,5,2005-02-12,"9,12,13,15",Fidji,
top14,2023/2024,Simon Huchet,Stade Rochelais,5,1,0,1,2004-04-07,4,France,
top14,2023/2024,Simon-Pierre Chauvac,Section Paloise,418,9,6,3,1998-03-23,1,France,
top14,2023/2024,Sipili Falatea,Union Bordeaux-Begles,185,4,3,1,1997-06-06,3,France,
top14,2023/2024,Sireli Maqala,Bayonne,295,7,3,4,2000-03-20,"12,13",Fidji,
top14,2023/2024,Siya Kolisi,Racing 92,993,13,13,0,1991-06-16,"7,8",Afrique du Sud,
top14,2023/2024,So'otala Fa'aso'o,USAP,687,18,8,10,1994-10-02,"7,8",Samoa,
top14,2023/2024,Sofiane Guitoune,Stade Toulousain,700,13,9,4,1989-03-27,"12,13",France,
top14,2023/2024,Souleymane Coulibaly,Oyonnax,114,2,1,1,2002-01-21,"12,14",France,
top14,2023/2024,Stefan Buruiana,Castres Olympique,1,1,0,1,2003-03-03,2,France,
top14,2023/2024,Stephane Ahmed,Stade Francais Paris,313,4,4,0,1999-02-04,"11,14",France,
top14,2023/2024,Steve Mafi,Oyonnax,274,11,1,10,1989-12-09,"4,5",Tonga,
top14,2023/2024,Steven Cummins,Section Paloise,90,2,1,1,1992-03-29,"4,5",Australie,
top14,2023/2024,Swan Cormenier,Bayonne,767,21,9,12,1996-01-18,"1,3",France,
top14,2023/2024,Swan Rebbadj,RC Toulon,408,10,5,5,1995-01-15,"4,5,6",France,
top14,2023/2024,Tanginoa Halaifonua,Stade Francais Paris,1161,20,15,5,1996-09-20,"4,5,6",Tonga,
top14,2023/2024,Tani Vili,Union Bordeaux-Begles,192,5,2,3,2000-10-31,"10,12,13",France,
top14,2023/2024,Tavite Veredamu,USAP,1570,22,21,1,1989-09-01,"13,14",France,
top14,2023/2024,Tawera Kerr-Barlow,Stade Rochelais,1128,20,16,4,1990-08-15,9,Nouvelle Zélande,
top14,2023/2024,Teddy Baubigny,RC Toulon,1064,19,18,1,1998-09-02,2,France,
top14,2023/2024,Teddy Durand,Oyonnax,1171,22,15,7,1999-10-14,2,France,
top14,2023/2024,Teddy Iribaren,Stade Rochelais,470,14,7,7,1990-09-25,9,France,
top14,2023/2024,Teddy Thomas,Stade Rochelais,1203,18,16,2,1993-09-18,"11,13,14",France,
top14,2023/2024,Tevita Tatafu,Bayonne,1083,25,17,8,2002-10-13,"1,3",France,
top14,2023/2024,Tevita Tatafu,Union Bordeaux-Begles,1499,23,20,3,1996-01-02,8,Tonga,
top14,2023/2024,Thaakir Abrahams,Lyon,463,9,5,4,1999-01-10,"11,14,15",Afrique du Sud,
top14,2023/2024,Theo Attissogbe,Section Paloise,1861,24,24,0,2004-11-19,"11,14,15",France,
top14,2023/2024,Theo Chabouni,Castres Olympique,47,2,0,2,2003-12-22,15,France,
top14,2023/2024,Theo Giral,ASM Clermont Auvergne,120,6,0,6,2003-02-04,"9,10,13,15",France,
top14,2023/2024,Theo Millet,Oyonnax,1778,25,22,3,1997-07-08,"12,13",France,
top14,2023/2024,Theo Nanette,Union Bordeaux-Begles,136,7,1,6,1993-01-12,9,France,
top14,2023/2024,Theo Ntamack,Stade Toulousain,663,14,9,5,2002-05-29,"4,6,7,8",France,
top14,2023/2024,Theo William,Lyon,591,11,7,4,2000-07-04,"4,6,7,8",France,
top14,2023/2024,Thibaud Flament,Stade Toulousain,809,12,11,1,1997-04-29,"4,5,6",France,
top14,2023/2024,Thibaud Lanen,ASM Clermont Auvergne,1176,23,16,7,1998-04-01,"4,5,7",France,
top14,2023/2024,Thibault Berthaud,Oyonnax,440,16,2,14,1997-04-12,3,France,
top14,2023/2024,Thibault Daubagna,Section Paloise,1108,26,15,11,1994-05-20,9,France,
top14,2023/2024,Thibault Debaes,Section Paloise,50,1,1,0,2001-11-30,10,France,
top14,2023/2024,Thibaut Hamonou,Section Paloise,423,11,6,5,2000-03-10,"4,6,7",France,
top14,2023/2024,Thibaut Regard,Lyon,679,12,8,4,1993-08-06,"12,14",France,
top14,2023/2024,Thierry Paiva,Stade Rochelais,381,8,5,3,1995-11-19,1,France,
top14,2023/2024,Thomas Acquier,Bayonne,394,13,2,11,1989-11-21,2,France,
top14,2023/2024,Thomas Berjon,Stade Rochelais,612,17,7,10,1998-04-12,"9,11",France,
top14,2023/2024,Thomas Carol,Section Paloise,496,8,7,1,2001-01-17,"11,14",France,
top14,2023/2024,Thomas Ceyte,Bayonne,1416,22,20,2,1991-02-13,"4,5",France,
top14,2023/2024,Thomas Darmon,Montpellier Herault Rugby,810,15,8,7,1998-05-12,"9,10,12,13",France,
top14,2023/2024,Thomas Dolhagaray,Bayonne,125,7,1,6,2000-05-21,"10,15",France,
top14,2023/2024,Thomas Jolmes,Union Bordeaux-Begles,410,9,4,5,1995-10-08,"4,5",France,
top14,2023/2024,Thomas Laclayat,Racing 92,723,17,10,7,1997-10-02,3,France,
top14,2023/2024,Thomas Lavault,Stade Rochelais,1373,20,18,2,1999-05-03,"4,5,7",France,
top14,2023/2024,Thomas Moukoro,Racing 92,135,3,2,1,2002-01-01,1,France,
top14,2023/2024,Thomas Ployet,Stade Rochelais,239,10,2,8,2001-12-12,"4,5,6,7",France,
top14,2023/2024,Thomas Ramos,Stade Toulousain,914,13,13,0,1995-07-23,"10,15",France,
top14,2023/2024,Thomas Roziere,ASM Clermont Auvergne,556,8,7,1,2000-04-13,"11,13,15",France,
top14,2023/2024,Thomas Souverbie,Section Paloise,5,1,0,1,2004-06-28,9,France,
top14,2023/2024,Titi Lamositele,Montpellier Herault Rugby,506,13,8,5,1995-02-11,3,Samoa,
top14,2023/2024,Toby Arnold,Lyon,373,5,5,0,1987-09-11,15,Nouvelle Zélande,
top14,2023/2024,Tolu Latu,Montpellier Herault Rugby|Stade Rochelais,966,24,13,11,1993-02-23,2,Tonga,
top14,2023/2024,Tom Ecochard,USAP,1212,23,17,6,1992-12-14,9,France,
top14,2023/2024,Tom Spring,Bayonne,551,13,5,8,2002-09-26,"10,11,15",France,
top14,2023/2024,Tom Staniforth,Castres Olympique,1631,23,22,1,1994-08-13,"4,5",Australie,
top14,2023/2024,Toma Taufa,Union Bordeaux-Begles,344,10,2,8,1995-03-09,"1,3",Tonga,
top14,2023/2024,Tomas Lavanini,ASM Clermont Auvergne,500,10,6,4,1993-01-22,"4,5",Argentine,
top14,2023/2024,Tommaso Allan,USAP,1199,17,16,1,1993-04-26,"10,15",Italie,
top14,2023/2024,Tommy Raynaud,Oyonnax,1182,22,19,3,1994-06-13,1,France,
top14,2023/2024,Tony Ensor,Oyonnax,80,1,1,0,1991-05-11,15,Nouvelle Zélande,
top14,2023/2024,Trevor Nyakane,Racing 92,753,15,13,2,1989-05-04,"1,3",Afrique du Sud,
top14,2023/2024,Tristan Labouteley,USAP,646,11,8,3,1995-04-12,"4,6,7",France,
top14,2023/2024,Tristan Tedder,Racing 92,1435,23,16,7,1996-04-17,"10,11,14,15",Afrique du Sud,
top14,2023/2024,Tumua Manu,Section Paloise,671,9,8,1,1993-04-18,12,Samoa,
top14,2023/2024,Tyler Ardron,Castres Olympique,957,13,13,0,1991-06-16,"6,7,8",Canada,
top14,2023/2024,Tyler Duguid,Montpellier Herault Rugby,1227,24,13,11,2000-10-17,"4,5,7",Canada,
top14,2023/2024,Ugo Boniface,Union Bordeaux-Begles,1058,23,14,9,1998-07-21,1,France,
top14,2023/2024,Ugo Vignolles,Lyon,41,2,0,2,2002-12-05,"4,5",France,
top14,2023/2024,Uini Atonio,Stade Rochelais,705,15,10,5,1990-03-26,3,France,
top14,2023/2024,Ultan Dillane,Stade Rochelais,1025,16,14,2,1993-11-09,"4,5,6,7",Irlande,
top14,2023/2024,Ulupano Seuteni,Stade Rochelais,1234,17,17,0,1993-12-09,13,Samoa,
top14,2023/2024,Uzair Cassiem,Bayonne,1476,22,20,2,1990-03-17,8,Afrique du Sud,
top14,2023/2024,Vadim Cobilas,Union Bordeaux-Begles,35,1,1,0,1983-07-30,3,France,
top14,2023/2024,Vakhtang Jintcharadze,USAP,17,1,0,1,1999-11-08,2,Géorgie,
top14,2023/2024,Valentin Delpy,Stade Toulousain,18,2,1,1,2003-08-22,10,France,
top14,2023/2024,Valentin Simutoga,Lyon,278,10,1,9,2003-02-14,3,France,
top14,2023/2024,Valentin Welsch,Montpellier Herault Rugby,28,1,0,1,2003-04-10,3,France,
top14,2023/2024,Vano Karkadze,Montpellier Herault Rugby,661,18,7,11,2000-06-25,2,Géorgie,
top14,2023/2024,Vasil Kakovin,Stade Francais Paris,88,5,1,4,1989-12-01,1,Géorgie,
top14,2023/2024,Vasil Lobzhanidze,Oyonnax|RC Toulon,446,12,7,5,1996-10-14,9,Géorgie,
top14,2023/2024,Veikoso Poloniati,Racing 92,349,10,4,6,1995-08-27,"4,5,6",Tonga,
top14,2023/2024,Victor Hannoun,Bayonne,50,1,1,0,2003-08-20,11,France,
top14,2023/2024,Victor Lebas,Oyonnax,680,19,3,16,1993-06-09,"4,5,6,7",France,
top14,2023/2024,Victor Montgaillard,USAP,158,7,0,7,2002-07-16,2,France,
top14,2023/2024,Victor Moreaux,USAP,59,1,1,0,1993-09-19,5,France,
top14,2023/2024,Vilimoni Botitu,Castres Olympique,1143,19,13,6,1998-06-15,"10,12,13",Fidji,
top14,2023/2024,Vinaya Habosi,Racing 92,631,10,9,1,2000-01-30,"11,14",Fidji,
top14,2023/2024,Vincent Giudicelli,Bayonne,841,19,12,7,1997-06-25,2,France,
top14,2023/2024,Vincent Rattez,Lyon,1270,18,16,2,1992-03-24,"11,14",France,
top14,2023/2024,Vivien Devisme,Lyon,362,12,2,10,1992-03-23,1,France,
top14,2023/2024,Waisea Nayacalevu,RC Toulon,497,7,6,1,1990-06-26,13,Fidji,
top14,2023/2024,Wame Naituvi,Racing 92,1057,15,15,0,1996-05-18,"11,14",Fidji,
top14,2023/2024,Wandrille Picault,Oyonnax,452,9,8,1,1994-10-04,"6,8",France,
top14,2023/2024,Wayan De Benedittis,Castres Olympique,169,5,1,4,1999-03-10,1,France,
top14,2023/2024,Wenceslas Lauret,Racing 92,901,12,12,0,1989-03-28,"6,8",France,
top14,2023/2024,Wilfrid Hounkpatin,Castres Olympique,538,12,8,4,1991-07-29,3,France,
top14,2023/2024,Will Rowlands,Racing 92,1046,15,14,1,1991-09-19,5,Pays de Galles,
top14,2023/2024,Will Skelton,Stade Rochelais,934,14,12,2,1992-05-03,5,Australie,
top14,2023/2024,WillGriff John,Racing 92,24,1,0,1,1992-12-04,3,Pays de Galles,
top14,2023/2024,Xavier Chiocci,USAP,645,18,6,12,1990-02-13,1,France,
top14,2023/2024,Xavier Mignot,Lyon,874,13,13,0,1994-01-27,14,France,
top14,2023/2024,Yacouba Camara,Montpellier Herault Rugby,1034,19,16,3,1994-06-02,"4,6,7",France,
top14,2023/2024,Yahnis El Maslouhi,Union Bordeaux-Begles,20,2,0,2,2002-05-25,1,France,
top14,2023/2024,Yan Lestrade,Bayonne,252,5,2,3,1997-03-21,"12,13",France,
top14,2023/2024,Yanis Boulassel,RC Toulon,61,4,0,4,2002-05-10,2,France,
top14,2023/2024,Yanis Charcosset,Lyon,338,12,2,10,2001-08-28,2,France,
top14,2023/2024,Yann Lesgourgues,Union Bordeaux-Begles,280,8,3,5,1991-01-17,9,France,
top14,2023/2024,Yann Peysson,Castres Olympique,485,9,6,3,2000-07-06,"6,7,8",France,
top14,2023/2024,Yannick Youyoutte,RC Toulon,228,6,3,3,1999-08-30,"4,6,7",France,
top14,2023/2024,Yerim Fall,ASM Clermont Auvergne,370,5,4,1,2003-06-24,"11,14",France,
top14,2023/2024,Yoan Tanga,Stade Rochelais,1225,22,14,8,1996-11-29,"4,6,8,12",France,
top14,2023/2024,Yohan Beheregaray,ASM Clermont Auvergne,288,10,4,6,1996-05-29,2,France,
top14,2023/2024,Yoram Moefana,Union Bordeaux-Begles,1318,17,16,1,2000-07-18,"12,13",France,
top14,2023/2024,Youri Delhommel,Section Paloise,653,18,6,12,1996-03-06,2,France,
top14,2023/2024,Zaccharie Affane,Union Bordeaux-Begles,71,3,1,2,2004-07-15,3,France,
top14,2023/2024,Zack Henry,Stade Francais Paris,836,14,10,4,1994-10-01,"10,11",Angleterre,
top14,2023/2024,Zack Holmes,Union Bordeaux-Begles,451,11,3,8,1990-05-30,"10,11,12,13,15",Australie,
top14,2024/2025,Aaron Grandidier-Nkanang,Section Paloise,1019,13,13,0,2000-05-18,"11,14",France,
top14,2024/2025,Abraham Papali'i,Castres Olympique,1372,24,21,3,1993-06-20,"4,7,8",Nouvelle Zélande,
top14,2024/2025,Adam Coleman,Union Bordeaux-Begles,431,9,9,0,1991-10-07,"4,5",Tonga,
top14,2024/2025,Adrea Cocagi,Castres Olympique,414,9,6,3,1994-03-01,"10,12,13",Fidji,
top14,2024/2025,Adrien Seguret,Castres Olympique,881,17,10,7,1998-07-22,"12,13",France,
top14,2024/2025,Adrien Warion,USAP,1206,20,16,4,2001-01-07,"4,5",France,
top14,2024/2025,Akato Fakatika,USAP,162,6,1,5,2001-01-31,"1,3",France,
top14,2024/2025,Alan Brazo,USAP,421,8,5,3,1992-05-21,"6,7",France,
top14,2024/2025,Alban Placines,Stade Toulousain,136,6,0,6,1993-04-23,"4,6,7",France,
top14,2024/2025,Alban Roussel,Lyon,615,12,8,4,1998-09-11,"4,5",France,
top14,2024/2025,Aleksandre Kuntelia,Stade Rochelais,790,20,8,12,2002-06-26,3,Géorgie,
top14,2024/2025,Alessandro Ortombina,USAP,71,2,1,1,2002-10-05,"6,8",Italie,
top14,2024/2025,Alex Arrate,Vannes,557,9,8,1,1997-06-24,"11,12",France,
top14,2024/2025,Alex Moon,Bayonne,1370,21,17,4,1996-09-06,"4,5",Angleterre,
top14,2024/2025,Alex Newsome,ASM Clermont Auvergne,1600,20,20,0,1995-01-20,"11,15",Australie,
top14,2024/2025,Alexandre Becognee,Montpellier Herault Rugby,1478,23,17,6,1996-09-03,"4,5,6,7,8",France,
top14,2024/2025,Alexandre Fischer,ASM Clermont Auvergne,1184,24,17,7,1998-01-19,"6,7,8",France,
top14,2024/2025,Alexandre Gouaux,Vannes,29,2,0,2,1999-02-15,9,France,
top14,2024/2025,Alexandre Kaddouri,Stade Rochelais,339,9,4,5,2003-12-12,1,France,
top14,2024/2025,Alexandre Ricard,Union Bordeaux-Begles,254,10,3,7,1997-06-30,"4,5,7",France,
top14,2024/2025,Alexandre Roumat,Stade Toulousain,1055,17,13,4,1997-06-27,"6,8",France,
top14,2024/2025,Alexandre Tchaptchet,Lyon,882,14,14,0,2001-09-26,15,France,
top14,2024/2025,Alexis Bernadet,Montpellier Herault Rugby,227,8,2,6,2001-06-02,9,France,
top14,2024/2025,Alfred Parisien,Lyon,903,15,11,4,2001-03-04,"11,12,13,14",France,
top14,2024/2025,Ali Crossdale,USAP,531,10,9,1,1998-01-09,"11,13,15",Angleterre,
top14,2024/2025,Alivereti Duguivalu,USAP,1302,18,18,0,1997-07-21,"11,13",Fidji,
top14,2024/2025,Alivereti Raka,ASM Clermont Auvergne,1312,18,18,0,1994-12-09,11,France,
top14,2024/2025,Alvaro Garcia,Stade Francais Paris,79,4,0,4,2003-08-22,2,Espagne,
top14,2024/2025,Andy Bordelai,Bayonne,653,18,7,11,2000-03-29,1,France,
top14,2024/2025,Andy Timo,Stade Francais Paris,38,3,0,3,2004-05-28,"5,6,7",France,
top14,2024/2025,Ange Capuozzo,Stade Toulousain,1069,18,13,5,1999-04-30,"9,11,14,15",Italie,
top14,2024/2025,Anthime Hemery,ASM Clermont Auvergne,548,17,3,14,2001-01-09,"4,5,6,7,8",France,
top14,2024/2025,Anthony Belleau,ASM Clermont Auvergne,814,21,8,13,1996-04-08,"10,12,13,15",France,
top14,2024/2025,Anthony Bouthier,Montpellier Herault Rugby,683,11,9,2,1992-06-19,"10,15",France,
top14,2024/2025,Anthony Jelonch,Stade Toulousain,1063,20,14,6,1996-07-28,"4,5,6,7,8",France,
top14,2024/2025,Antoine Aucagne,USAP,679,11,9,2,2000-04-11,"10,15",France,
top14,2024/2025,Antoine Bouthier,USAP,30,1,0,1,2004-06-22,6,France,
top14,2024/2025,Antoine Dupont,Stade Toulousain,195,3,2,1,1996-11-15,9,France,
top14,2024/2025,Antoine Frisch,RC Toulon,525,8,7,1,1996-06-01,"12,13",France,
top14,2024/2025,Antoine Gibert,Racing 92,814,20,8,12,1997-12-31,"9,10,11,12,13",France,
top14,2024/2025,Antoine Hastoy,Stade Rochelais,1532,25,18,7,1997-06-04,"10,15",France,
top14,2024/2025,Antoine Tichit,Castres Olympique,635,18,6,12,1989-06-13,1,France,
top14,2024/2025,Antoine Zeghdar,Castres Olympique,84,3,1,2,1999-05-22,"11,12,13",France,
top14,2024/2025,Anton Bresler,Vannes,407,12,6,6,1988-02-16,"4,5",Namibie,
top14,2024/2025,Apisai Naqalevu,USAP,556,15,4,11,1989-08-21,"10,11,12,13,14",Fidji,
top14,2024/2025,Arnaud Erbinartegaray,Bayonne,987,19,11,8,2000-09-16,"11,12,14,15",France,
top14,2024/2025,Arno Botha,Lyon,975,17,14,3,1991-10-26,"4,5,7,8",Afrique du Sud,
top14,2024/2025,Arthur Iturria,Bayonne,1026,20,17,3,1994-05-13,"4,6,7",France,
top14,2024/2025,Arthur Retiere,Union Bordeaux-Begles,1094,19,11,8,1997-08-01,"9,11,14,15",France,
top14,2024/2025,Arthur Roche,Racing 92,1,1,0,1,2005-05-05,12,France,
top14,2024/2025,Arthur Vincent,Montpellier Herault Rugby,1395,23,17,6,1999-09-30,"12,13,14",France,
top14,2024/2025,Auguste Cadot,Montpellier Herault Rugby,1072,20,14,6,2001-07-28,"12,13",France,
top14,2024/2025,Aurelien Azar,Castres Olympique,80,4,0,4,1994-06-10,3,France,
top14,2024/2025,Aurelien Barreau,Montpellier Herault Rugby,4,1,0,1,2005-03-07,10,France,
top14,2024/2025,Aurelien Callandret,Bayonne,443,6,6,0,1997-08-23,"11,14",France,
top14,2024/2025,Ave Jonathan Maalo,Lyon,33,1,0,1,2003-08-27,3,Nouvelle Zélande,
top14,2024/2025,Axel Desperes,Section Paloise,683,18,5,13,2004-01-16,"10,12,14,15",France,
top14,2024/2025,Aymeric Luc,Section Paloise,1053,14,14,0,1997-10-14,"11,14,15",France,
top14,2024/2025,Baptiste Chouzenoux,Bayonne,1149,21,14,7,1993-08-07,"4,6,7,8",France,
top14,2024/2025,Baptiste Cope,Castres Olympique,457,12,4,8,2002-02-09,"7,8",France,
top14,2024/2025,Baptiste Couilloud,Lyon,1328,22,18,4,1997-07-22,9,France,
top14,2024/2025,Baptiste Delaporte,Castres Olympique,1165,18,15,3,1997-03-25,"6,7,8",France,
top14,2024/2025,Baptiste Erdocio,Montpellier Herault Rugby,962,20,14,6,2000-03-13,1,France,
top14,2024/2025,Baptiste Germain,Bayonne,472,16,4,12,2000-11-21,9,France,
top14,2024/2025,Baptiste Heguy,Bayonne,748,16,5,11,1998-05-11,"4,5,7",France,
top14,2024/2025,Baptiste Jauneau,ASM Clermont Auvergne,1246,25,17,8,2003-11-17,9,France,
top14,2024/2025,Baptiste Narmand,Lyon,5,1,0,1,2005-06-11,2,France,
top14,2024/2025,Baptiste Pesenti,Stade Francais Paris,661,16,9,7,1997-07-03,"4,5",France,
top14,2024/2025,Baptiste Serin,RC Toulon,1354,24,19,5,1994-06-20,9,France,
top14,2024/2025,Barnabe Massa,ASM Clermont Auvergne,708,19,9,10,2004-05-13,2,France,
top14,2024/2025,Bastien Chalureau,Montpellier Herault Rugby,634,15,8,7,1992-02-13,"4,5,8",France,
top14,2024/2025,Bastien Vergnes-Taillefer,Union Bordeaux-Begles,980,18,12,6,1997-06-13,"6,7,8",France,
top14,2024/2025,Bautista Delguy,ASM Clermont Auvergne,1425,18,18,0,1997-04-22,14,Argentine,
top14,2024/2025,Beka Gigashvili,RC Toulon,768,15,12,3,1992-02-17,3,Géorgie,
top14,2024/2025,Beka Gorgadze,Section Paloise,1032,15,15,0,1996-02-08,8,Géorgie,
top14,2024/2025,Beka Saginadze,Lyon,670,11,9,2,1998-10-29,"7,8",Géorgie,
top14,2024/2025,Beka Shvangiradze,Lyon,719,14,8,6,2002-06-12,"6,7,8",Géorgie,
top14,2024/2025,Ben Tameifuna,Union Bordeaux-Begles,699,14,11,3,1991-08-30,3,Tonga,
top14,2024/2025,Ben Tapuai,Union Bordeaux-Begles,621,12,9,3,1989-01-19,"11,12,13",Australie,
top14,2024/2025,Ben White,RC Toulon,511,13,7,6,1998-05-27,9,Ecosse,
top14,2024/2025,Benjamin Bertrand,Stade Toulousain,146,6,0,6,2003-07-25,"1,3",France,
top14,2024/2025,Benjamin Urdapilleta,ASM Clermont Auvergne,1532,24,19,5,1986-03-11,"10,15",Argentine,
top14,2024/2025,Billy Vunipola,Montpellier Herault Rugby,1342,25,20,5,1992-11-03,"4,8",Angleterre,
top14,2024/2025,Blair Kinghorn,Stade Toulousain,1060,16,15,1,1997-01-18,"11,14,15",Ecosse,
top14,2024/2025,Boris Palu,Racing 92,1180,23,14,9,1996-02-04,"4,5,8",France,
top14,2024/2025,Brad Weber,Stade Francais Paris,940,14,12,2,1991-01-17,9,Nouvelle Zélande,
top14,2024/2025,Briag Scolan,Vannes,6,1,0,1,2004-03-16,2,France,
top14,2024/2025,Brian Alainu'uese,RC Toulon,1125,22,12,10,1994-03-19,"3,4,5",Samoa,
top14,2024/2025,Brice Dulin,Stade Rochelais,1196,17,17,0,1990-04-13,15,France,
top14,2024/2025,Bruce Devaux,USAP,369,10,5,5,1996-11-14,1,France,
top14,2024/2025,Cameron Woki,Racing 92,1448,23,16,7,1998-11-07,"4,5,6,7,8",France,
top14,2024/2025,Camille Chat,Lyon|Racing 92,465,11,5,6,1995-12-18,2,France,
top14,2024/2025,Camille Lopez,Bayonne,847,23,10,13,1989-04-03,10,France,
top14,2024/2025,Carlu Sadie,Union Bordeaux-Begles,524,11,10,1,1997-05-07,"3,4",Afrique du Sud,
top14,2024/2025,Carwyn Tuipulotu,Section Paloise,342,8,4,4,2001-09-28,"5,6,8",Pays de Galles,
top14,2024/2025,Cedate Gomes Sa,Lyon,457,14,6,8,1993-08-07,3,France,
top14,2024/2025,Celian Pouzelgues,Stade Toulousain,112,2,1,1,2003-09-30,"11,12",France,
top14,2024/2025,Charles Kante-Samba,Stade Rochelais,72,2,0,2,2005-02-08,4,France,
top14,2024/2025,Charles Laloi,Stade Francais Paris,843,11,11,0,2003-07-31,"11,14,15",France,
top14,2024/2025,Charles Ollivon,RC Toulon,693,11,10,1,1993-05-11,"4,7,8",France,
top14,2024/2025,Charles-Henri Berguet,Vannes,173,7,1,6,2000-01-13,1,Belgique,
top14,2024/2025,Charlie Cassang,Lyon,399,12,5,7,1995-02-08,9,France,
top14,2024/2025,Cheikh Tiberghien,Bayonne,1406,21,18,3,2000-01-08,"11,13,14,15",France,
top14,2024/2025,Christa Powell,Montpellier Herault Rugby,40,1,1,0,1997-01-21,12,Fidji,
top14,2024/2025,Christiaan van der Merwe,Vannes,262,8,2,6,1996-09-09,"4,5,6",Afrique du Sud,
top14,2024/2025,Christian Ambadiang,Castres Olympique,632,9,9,0,1999-01-13,14,Cameroun,
top14,2024/2025,Christopher Tolofua,Montpellier Herault Rugby,855,25,7,18,1993-12-31,"2,3",France,
top14,2024/2025,Clement Castets,Stade Francais Paris,403,12,3,9,1996-05-05,1,France,
top14,2024/2025,Clement Laporte,Section Paloise,624,9,9,0,1998-01-07,14,France,
top14,2024/2025,Clement Mondinat,Section Paloise,61,1,0,1,2003-10-29,15,France,
top14,2024/2025,Clement Verge,Stade Toulousain,1099,17,14,3,2001-09-13,"4,5,6",France,
top14,2024/2025,Clovis Le Bail,Racing 92,367,11,4,7,1995-11-29,9,France,
top14,2024/2025,Cobus Reinach,Montpellier Herault Rugby,871,16,13,3,1990-02-07,9,Afrique du Sud,
top14,2024/2025,Connor Sa,Union Bordeaux-Begles,719,19,9,10,2002-01-22,2,Nouvelle Zélande,
top14,2024/2025,Corentin Mezou,RC Toulon,313,6,6,0,2005-04-20,4,France,
top14,2024/2025,Cristian Ojovan,ASM Clermont Auvergne,1129,26,16,10,1997-01-04,3,Moldavie,
top14,2024/2025,Cyril Baille,Stade Toulousain,341,9,3,6,1993-09-15,1,France,
top14,2024/2025,Cyril Blanchard,Vannes,934,23,9,14,1989-07-22,2,France,
top14,2024/2025,Cyril Cazeaux,Union Bordeaux-Begles,1554,24,18,6,1995-02-10,"4,5,7",France,
top14,2024/2025,Damian Penaud,Union Bordeaux-Begles,1207,15,15,0,1996-09-25,14,France,
top14,2024/2025,Dan Biggar,RC Toulon,378,9,4,5,1989-10-16,10,Pays de Galles,
top14,2024/2025,Dan Lancaster,Racing 92,1048,20,12,8,2001-05-23,"10,11,12,13,14,15",Angleterre,
top14,2024/2025,Dan Robson,Section Paloise,789,20,10,10,1992-03-14,9,Angleterre,
top14,2024/2025,Daniel Bibi Biziwu,Section Paloise,596,14,9,5,2001-08-29,1,France,
top14,2024/2025,Daniel Brennan,RC Toulon,486,19,1,18,1998-09-23,1,Irlande,
top14,2024/2025,Daniel Jooste,Section Paloise,93,3,1,2,1998-02-21,2,Afrique du Sud,
top14,2024/2025,Dany Priso,RC Toulon,1134,24,17,7,1994-01-02,1,France,
top14,2024/2025,David Ainu'u,Stade Toulousain,888,19,14,5,1999-11-20,"1,3",Etats-Unis,
top14,2024/2025,David Ribbans,RC Toulon,1544,22,20,2,1995-08-29,"4,5",Afrique du Sud,
top14,2024/2025,Davit Mchedlidze,RC Toulon,23,2,0,2,2004-08-10,3,Géorgie,
top14,2024/2025,Davit Niniashvili,Lyon,1398,20,17,3,2002-07-14,"10,11,14,15",Géorgie,
top14,2024/2025,Demba Bamba,Racing 92,343,7,5,2,1998-03-17,3,France,
top14,2024/2025,Denis Marchois,Bayonne,209,7,2,5,1994-02-05,"4,5,7",France,
top14,2024/2025,Diego Escobar,Racing 92,351,9,4,5,2000-04-17,2,Chili,
top14,2024/2025,Dillyn Leyds,Stade Rochelais,1617,21,20,1,1992-09-12,"11,14,15",Afrique du Sud,
top14,2024/2025,Dimitri Delibes,Stade Toulousain,1118,18,13,5,1999-03-17,"11,12,13,14,15",France,
top14,2024/2025,Domingo Miotti,Montpellier Herault Rugby,289,4,4,0,1996-05-22,10,Argentine,
top14,2024/2025,Donovan Taofifenua,Racing 92,426,7,6,1,1999-03-30,"11,14",France,
top14,2024/2025,Dorian Aldegheri,Stade Toulousain,864,19,12,7,1993-08-04,"1,3",France,
top14,2024/2025,Duncan Paia'aua,RC Toulon,307,5,4,1,1995-01-20,"12,13,15",Samoa,
top14,2024/2025,Dylan Cretin,Lyon,1185,20,15,5,1997-05-04,"4,6,7",France,
top14,2024/2025,Eddy Ben Arous,Racing 92,481,14,4,10,1990-08-25,"1,2",France,
top14,2024/2025,Edouard Richer,Stade Rochelais,67,4,0,4,2004-04-17,"6,7,8",France,
top14,2024/2025,Efrain Elias,Stade Toulousain,194,5,3,2,2004-04-30,4,Argentine,
top14,2024/2025,Eliott Roudil,Section Paloise,394,10,6,4,1996-10-30,"11,12,13,14",France,
top14,2024/2025,Emerick Setiano,RC Toulon,451,19,1,18,1996-07-19,"3,4",France,
top14,2024/2025,Emilien Gailleton,Section Paloise,1281,17,16,1,2003-07-13,13,France,
top14,2024/2025,Emmanuel Meafou,Stade Toulousain,756,16,8,8,1998-07-12,"4,5",France,
top14,2024/2025,Eneriko Buliruarua,USAP,843,16,10,6,1997-01-23,"11,12,13",Fidji,
top14,2024/2025,Enzo Benmegal,Vannes,80,1,1,0,2003-10-28,14,France,
top14,2024/2025,Enzo Forletta,Montpellier Herault Rugby,754,21,8,13,1994-06-15,1,France,
top14,2024/2025,Enzo Herve,RC Toulon,776,20,10,10,1998-10-13,"9,10,12",France,
top14,2024/2025,Enzo Reybier,Union Bordeaux-Begles,305,8,4,4,2002-04-04,"11,12,15",France,
top14,2024/2025,Eric Marks,Vannes,740,14,13,1,1996-12-09,4,Allemagne,
top14,2024/2025,Esteban Abadie,RC Toulon,1635,22,20,2,1997-12-01,"6,7",France,
top14,2024/2025,Esteban Capilla,Bayonne,805,15,12,3,2003-01-05,"5,6,7,8",France,
top14,2024/2025,Esteban Gonzalez,Lyon,39,3,0,3,2005-11-28,9,France,
top14,2024/2025,Ethan Dumortier,Lyon,774,13,9,4,2000-12-29,"11,14,15",France,
top14,2024/2025,Etienne Falgoux,ASM Clermont Auvergne,684,15,8,7,1993-01-19,1,France,
top14,2024/2025,Etienne Fourcade,ASM Clermont Auvergne,668,16,8,8,1997-04-11,2,France,
top14,2024/2025,Fabien Brau-Boirie,Section Paloise,835,12,10,2,2005-12-19,12,France,
top14,2024/2025,Fabien Sanconnie,Racing 92,580,13,7,6,1995-02-21,"4,5,7",France,
top14,2024/2025,Fabrice Metz,Vannes,1440,23,22,1,1991-01-23,5,France,
top14,2024/2025,Facundo Bosch,Bayonne,1223,25,19,6,1991-08-08,2,Argentine,
top14,2024/2025,Facundo Isa,RC Toulon,1122,19,18,1,1993-09-21,8,Argentine,
top14,2024/2025,Feao Fotuaika,Lyon,63,2,1,1,1993-04-23,3,Tonga,
top14,2024/2025,Federico Mori,Bayonne,416,8,6,2,2000-10-13,12,Italie,
top14,2024/2025,Feibyan Tukino,Castres Olympique,315,8,3,5,2001-06-16,"6,7,8",Nouvelle Zélande,
top14,2024/2025,Feleti Kaitu'u,Racing 92,597,14,9,5,1994-12-30,2,Australie,
top14,2024/2025,Felix Lambey,Lyon,640,15,8,7,1994-03-15,"4,5,6",France,
top14,2024/2025,Filipo Nakosi,Vannes,945,14,13,1,1992-04-08,"11,15",Fidji,
top14,2024/2025,Fletcher Smith,Lyon,14,1,0,1,1995-03-01,13,Nouvelle Zélande,
top14,2024/2025,Florent Vanverberghe,Castres Olympique,1147,21,17,4,2000-07-22,"5,7",France,
top14,2024/2025,Florian Baquey,Union Bordeaux-Begles,17,1,0,1,2005-02-06,1,France,
top14,2024/2025,Florian Verhaeghe,Montpellier Herault Rugby,1016,16,14,2,1997-04-27,"4,6",France,
top14,2024/2025,Folau Fainga'a,ASM Clermont Auvergne,775,18,10,8,1995-05-05,2,Australie,
top14,2024/2025,Francis Saili,Vannes,1063,17,14,3,1991-02-16,"12,13",Nouvelle Zélande,
top14,2024/2025,Francisco Gomez Kodela,Stade Francais Paris,435,14,3,11,1985-07-03,"1,3",France,
top14,2024/2025,Francisco Gorrissen,Vannes,1833,24,23,1,1994-08-30,"6,7",Argentine,
top14,2024/2025,Francois Cros,Stade Toulousain,791,13,12,1,1994-03-25,6,France,
top14,2024/2025,Fritz Lee,ASM Clermont Auvergne,1094,16,15,1,1988-08-29,"5,8",Samoa,
top14,2024/2025,Gabin Garault,Stade Rochelais,24,1,0,1,2006-06-26,2,France,
top14,2024/2025,Gabin Kretchmann,USAP,96,2,1,1,2006-03-15,10,France,
top14,2024/2025,Gabin Villiere,RC Toulon,1090,16,15,1,1995-12-13,"11,14",France,
top14,2024/2025,Gabriel Ngandebe,Montpellier Herault Rugby,964,14,13,1,1997-03-30,"11,14",France,
top14,2024/2025,Gael Drean,RC Toulon,1215,16,16,0,2000-10-22,14,France,
top14,2024/2025,Gael Fickou,Racing 92,1383,20,17,3,1994-03-26,"12,13",France,
top14,2024/2025,Gaetan Barlot,Castres Olympique,1269,22,19,3,1997-04-13,2,France,
top14,2024/2025,Gauthier Doubrere,Castres Olympique,134,7,1,6,1995-12-24,9,France,
top14,2024/2025,Gauthier Maravat,Castres Olympique,634,15,6,9,2000-06-11,"4,5,6,7",France,
top14,2024/2025,Gela Aprasidze,USAP,307,13,2,11,1998-01-14,9,Géorgie,
top14,2024/2025,Geoffrey Palis,Castres Olympique,1495,21,21,0,1991-07-08,"11,14,15",France,
top14,2024/2025,George Bridge,Montpellier Herault Rugby,918,15,11,4,1995-04-01,"11,12,14,15",Nouvelle Zélande,
top14,2024/2025,George Moala,ASM Clermont Auvergne,702,14,10,4,1990-11-05,"12,13",Tonga,
top14,2024/2025,Georges-Henri Colombe,Stade Rochelais,244,7,2,5,1998-04-09,3,France,
top14,2024/2025,Gia Kharaishvili,Racing 92,595,15,6,9,1999-02-13,"1,3",Géorgie,
top14,2024/2025,Giacomo Nicotera,Stade Francais Paris,723,15,11,4,1996-07-15,2,Italie,
top14,2024/2025,Gianmarco Lucchesi,RC Toulon,454,11,6,5,2000-09-10,2,Italie,
top14,2024/2025,Giorgi Akhaladze,ASM Clermont Auvergne,822,19,10,9,1999-04-13,1,Géorgie,
top14,2024/2025,Giorgi Beria,USAP,1110,22,15,7,1999-11-11,1,France,
top14,2024/2025,Giorgi Melikidze,Stade Francais Paris,522,14,4,10,1996-05-24,"1,3",Géorgie,
top14,2024/2025,Giorgi Tetrashvili,USAP,363,10,5,5,1993-08-31,1,Géorgie,
top14,2024/2025,Giovanni Habel-Kueffner,Bayonne,1561,25,18,7,1995-01-09,"6,8",Allemagne,
top14,2024/2025,Gregory Alldritt,Stade Rochelais,978,15,15,0,1997-03-23,8,France,
top14,2024/2025,Guido Petti,Union Bordeaux-Begles,1044,17,12,5,1994-11-17,"4,5,6,7",Argentine,
top14,2024/2025,Guillaume Cramont,Stade Toulousain,735,20,7,13,2000-12-29,2,France,
top14,2024/2025,Guillaume Ducat,Castres Olympique,1449,19,18,1,1996-05-25,4,France,
top14,2024/2025,Guillaume Marchand,Lyon,750,17,10,7,1998-06-05,2,France,
top14,2024/2025,Guillaume Martocq,Bayonne,747,15,10,5,1999-08-23,"12,13",France,
top14,2024/2025,Guillaume Rouet,Bayonne,895,20,13,7,1988-08-13,9,Espagne,
top14,2024/2025,Guram Gogichashvili,Racing 92,1116,25,16,9,1998-09-04,1,Géorgie,
top14,2024/2025,Guram Papidze,Section Paloise,661,19,6,13,1997-06-16,"1,3",Géorgie,
top14,2024/2025,Gwenael Duplenne,Vannes,363,6,6,0,1993-08-09,15,France,
top14,2024/2025,Hacjivah Dayimani,Racing 92,618,13,9,4,1997-09-23,"7,8",Afrique du Sud,
top14,2024/2025,Hamza Kaabeche,Lyon,715,17,11,6,1996-09-23,"1,3",France,
top14,2024/2025,Harry Williams,Section Paloise,548,11,9,2,1991-10-01,3,Angleterre,
top14,2024/2025,Hassane Kolingar,Racing 92,547,14,6,8,1998-03-06,1,France,
top14,2024/2025,Henry Arundell,Racing 92,718,10,10,0,2002-11-08,"11,14",Angleterre,
top14,2024/2025,Henry Chavancy,Racing 92,567,15,7,8,1988-05-22,"10,11,12,13,14",France,
top14,2024/2025,Hoani Bosmorin,Stade Rochelais,765,14,9,5,2004-12-27,"9,11,15",France,
top14,2024/2025,Hugo Auradou,Section Paloise,1443,21,18,3,2003-07-20,"4,6",France,
top14,2024/2025,Hugo Djehi,Vannes,142,6,0,6,1998-06-30,1,France,
top14,2024/2025,Hugo Ndiaye,Stade Francais Paris,209,8,1,7,2000-08-18,"1,3",France,
top14,2024/2025,Hugo Parrou,Section Paloise,230,6,4,2,2003-01-28,1,France,
top14,2024/2025,Hugo Reilhes,Stade Toulousain,138,6,0,6,2001-08-01,1,France,
top14,2024/2025,Hugo Reus,Montpellier Herault Rugby|Stade Rochelais,418,13,4,9,2004-02-21,"9,10",France,
top14,2024/2025,Ibrahim Diallo,Racing 92,1349,22,18,4,1998-01-23,"6,7",France,
top14,2024/2025,Ignacio Calles,Section Paloise,336,8,5,3,1995-10-24,1,Argentine,
top14,2024/2025,Ignacio Ruiz,USAP,961,18,12,6,2001-01-03,2,Argentine,
top14,2024/2025,Ihaia West,Stade Rochelais,751,16,9,7,1992-01-16,"10,12,13,15",Nouvelle Zélande,
top14,2024/2025,Inaki Ayarza,Vannes,480,7,6,1,1999-09-07,14,Chili,
top14,2024/2025,Irae Simone,ASM Clermont Auvergne,1102,17,13,4,1995-07-10,"12,13",Australie,
top14,2024/2025,Irakli Aptsiauri,Lyon,618,16,6,10,2003-02-23,"1,3",Géorgie,
top14,2024/2025,Isaac Koffi,Stade Francais Paris,233,7,4,3,2005-09-28,1,France,
top14,2024/2025,JJ van der Mescht,Stade Francais Paris,875,20,13,7,1999-05-04,"4,5,7",Afrique du Sud,
top14,2024/2025,Jack Goodhue,Castres Olympique,1593,21,20,1,1995-06-13,"12,13",Nouvelle Zélande,
top14,2024/2025,Jack Maddocks,Section Paloise,1163,16,16,0,1997-02-05,15,Australie,
top14,2024/2025,Jack Nowell,Stade Rochelais,1409,18,18,0,1993-04-11,14,Angleterre,
top14,2024/2025,Jack Willis,Stade Toulousain,1244,20,18,2,1996-12-24,"6,7,8",Angleterre,
top14,2024/2025,Jacobus van Tonder,USAP,446,8,8,0,1998-03-03,"4,6",Afrique du Sud,
top14,2024/2025,Jacques Nguimbous,Union Bordeaux-Begles,48,2,0,2,2005-01-11,4,France,
top14,2024/2025,Jake McIntyre,USAP,497,10,8,2,1994-04-28,"10,15",Australie,
top14,2024/2025,James Hall,USAP,768,17,9,8,1996-01-02,9,Afrique du Sud,
top14,2024/2025,Jan Serfontein,Montpellier Herault Rugby,697,10,10,0,1993-04-15,12,Afrique du Sud,
top14,2024/2025,Janick Tarrit,Racing 92,517,15,7,8,1998-10-29,2,France,
top14,2024/2025,Jean Cotarmanac'h,Vannes,34,2,0,2,2005-04-09,10,France,
top14,2024/2025,Jean-Baptiste Gros,RC Toulon,610,13,10,3,1999-05-29,1,France,
top14,2024/2025,Jean-Pascal Barraque,USAP,183,3,2,1,1991-04-24,"13,15",France,
top14,2024/2025,Jefferson Joseph,USAP,948,14,12,2,2002-08-29,"11,14,15",France,
top14,2024/2025,Jefferson Poirot,Union Bordeaux-Begles,990,20,15,5,1992-11-01,1,France,
top14,2024/2025,Jeremy Fernandez,Castres Olympique,999,23,12,11,1997-05-15,"9,10",France,
top14,2024/2025,Jeremy Sinzelle,RC Toulon,1578,21,19,2,1990-07-02,"12,13",France,
top14,2024/2025,Jeremy Ward,Stade Francais Paris,1401,19,17,2,1996-01-10,"10,12,13",Afrique du Sud,
top14,2024/2025,Jermaine Ainsley,Lyon,857,17,13,4,1995-08-08,3,Australie,
top14,2024/2025,Jerome Rey,Lyon,660,16,9,7,1995-05-19,1,France,
top14,2024/2025,Jeronimo de la Fuente,USAP,1683,22,21,1,1991-02-24,"12,14",Argentine,
top14,2024/2025,Jesse Parete,Vannes,177,5,1,4,1993-04-20,"4,5,6",Nouvelle Zélande,
top14,2024/2025,Jimi Maximin,Section Paloise,425,8,7,1,1999-04-03,"4,5",France,
top14,2024/2025,Jiuta Wainiqolo,RC Toulon,1042,14,13,1,1999-03-10,"11,14",Fidji,
top14,2024/2025,Joaquin Oviedo,USAP,880,14,10,4,2001-07-16,"4,6,7,8",Argentine,
top14,2024/2025,Job Poulet,USAP,107,2,1,1,2003-04-30,13,France,
top14,2024/2025,Joe Jonas,Stade Francais Paris,759,14,10,4,2000-12-31,"11,12,14,15",Afrique du Sud,
top14,2024/2025,Joe Marchant,Stade Francais Paris,1689,23,21,2,1996-07-16,"11,12,13,14",Angleterre,
top14,2024/2025,Joe Quere Karaba,RC Toulon,43,2,0,2,2004-09-28,6,France,
top14,2024/2025,Joe Simmonds,Section Paloise,1602,22,21,1,1996-12-19,10,Angleterre,
top14,2024/2025,Joel Kpoku,Section Paloise,447,12,4,8,1999-06-22,"5,6,8",Angleterre,
top14,2024/2025,Joel Merkler,Stade Toulousain,827,23,8,15,2001-10-25,3,Espagne,
top14,2024/2025,Joel Sclavi,Stade Rochelais,257,9,3,6,1994-06-25,"1,3",Argentine,
top14,2024/2025,Joey Carbery,Union Bordeaux-Begles,952,19,11,8,1995-11-01,"10,13,15",Irlande,
top14,2024/2025,John Porch,Vannes,501,7,6,1,1994-03-04,"11,14,15",Australie,
top14,2024/2025,Jon Echegaray,Union Bordeaux-Begles,364,6,5,1,2005-06-09,"14,15",France,
top14,2024/2025,Jon Zabala,Section Paloise,743,21,8,13,1996-11-26,3,Espagne,
top14,2024/2025,Jonathan Danty,Stade Rochelais,910,17,12,5,1992-10-07,"7,11,12",France,
top14,2024/2025,Jonny Gray,Union Bordeaux-Begles,941,19,13,6,1994-03-14,"4,5",Ecosse,
top14,2024/2025,Jordan Joseph,Racing 92,983,21,14,7,2000-07-31,"4,5,6,8",France,
top14,2024/2025,Jordan Uelese,Montpellier Herault Rugby,1038,19,17,2,1997-01-24,"2,7",Australie,
top14,2024/2025,Joris Dupont,Castres Olympique,78,3,0,3,2001-02-08,"11,13",France,
top14,2024/2025,Joris Jurand,ASM Clermont Auvergne,476,7,7,0,1995-11-11,"11,14",France,
top14,2024/2025,Joris Segonds,Bayonne,1583,28,18,10,1997-04-06,"10,15",France,
top14,2024/2025,Josaia Raisuqe,Castres Olympique,224,5,2,3,1994-07-22,"11,14",Fidji,
top14,2024/2025,Joseph Edwards,Vannes,1239,20,15,5,1993-09-21,"4,6,8",Nouvelle Zélande,
top14,2024/2025,Josh Moorby,Montpellier Herault Rugby,913,15,11,4,1998-07-11,"11,14,15",Nouvelle Zélande,
top14,2024/2025,Joshua Brennan,Stade Toulousain,1165,23,14,9,2001-11-28,"4,5,6,7",France,
top14,2024/2025,Josiah Maraku,Lyon,1386,19,16,3,2000-03-30,"12,13",Nouvelle Zélande,
top14,2024/2025,Josua Tuisova,Racing 92,1560,23,22,1,1994-02-04,"12,13,14",Fidji,
top14,2024/2025,Juan Bautista Pedemonte,Vannes,223,4,4,0,2000-03-14,6,Argentine,
top14,2024/2025,Juan Cruz Mallia,Stade Toulousain,1226,16,15,1,1996-09-11,"10,11,14,15",Argentine,
top14,2024/2025,Juan Scelzo,Stade Francais Paris,394,10,6,4,2002-02-12,"6,7,8",France,
top14,2024/2025,Judicael Cancoriet,Stade Rochelais,1173,20,16,4,1996-04-25,"4,6,8",France,
top14,2024/2025,Jules Bousquet,ASM Clermont Auvergne,9,2,0,2,2004-10-29,9,France,
top14,2024/2025,Jules Coulon,RC Toulon,633,12,7,5,2002-07-04,"6,7,8",France,
top14,2024/2025,Jules Danglot,RC Toulon,339,16,2,14,2002-08-06,9,France,
top14,2024/2025,Jules Favre,Stade Rochelais,1421,22,18,4,1999-03-22,"11,12,13,14",France,
top14,2024/2025,Jules Gimbert,Stade Francais Paris,181,5,3,2,1998-03-02,9,France,
top14,2024/2025,Jules Le Bail,Vannes,336,10,4,6,1992-02-09,"9,10",France,
top14,2024/2025,Julien Delbouis,Stade Francais Paris,1054,16,16,0,1999-08-04,12,France,
top14,2024/2025,Julien Dumora,Castres Olympique,877,18,10,8,1988-03-24,"10,14,15",France,
top14,2024/2025,Julien Marchand,Stade Toulousain,706,14,11,3,1995-05-10,2,France,
top14,2024/2025,Julien Tisseron,Montpellier Herault Rugby,465,7,5,2,1995-08-12,"10,14,15",France,
top14,2024/2025,Junior Kpoku,Racing 92,718,14,9,5,2005-09-10,"4,5,6,7",Angleterre,
top14,2024/2025,Kane Douglas,Stade Rochelais,753,17,10,7,1989-06-01,"4,5,6",Australie,
top14,2024/2025,Karl Chateau,Vannes,165,4,3,1,1992-06-15,"6,8",France,
top14,2024/2025,Karl Sorin,Stade Rochelais,78,1,1,0,2003-08-07,3,France,
top14,2024/2025,Kieran Brookes,USAP,1203,23,18,5,1990-08-29,3,Angleterre,
top14,2024/2025,Kilian Bakour,Montpellier Herault Rugby,10,1,0,1,2003-01-12,12,France,
top14,2024/2025,Killian Geraci,Lyon,815,16,10,6,1999-03-25,"4,5",France,
top14,2024/2025,Killian Tixeront,ASM Clermont Auvergne,1312,24,16,8,2002-01-22,"6,7,8",France,
top14,2024/2025,Kitione Kamikamica,Vannes,201,7,1,6,1996-04-27,"5,6,8",Fidji,
top14,2024/2025,Kleo Labarbe,Racing 92,168,3,3,0,2004-08-16,9,France,
top14,2024/2025,Kylan Hamdaoui,ASM Clermont Auvergne,522,8,8,0,1994-04-15,15,France,
top14,2024/2025,Kyle Sinckler,RC Toulon,997,20,15,5,1993-03-30,3,Angleterre,
top14,2024/2025,Lachlan Swinton,Union Bordeaux-Begles,278,8,3,5,1997-01-16,"6,7",Australie,
top14,2024/2025,Lee-Marvin Mazibuko,Racing 92,200,6,1,5,1997-10-12,3,Afrique du Sud,
top14,2024/2025,Lehopa Leota,Racing 92,26,1,0,1,2006-05-06,3,Nouvelle Zélande,
top14,2024/2025,Leicester Fainga'anuku,RC Toulon,1527,20,20,0,1999-10-11,13,Tonga,
top14,2024/2025,Lekima Tagitagivalu,Section Paloise,645,15,6,9,1995-12-04,"4,5,6,7,8",Fidji,
top14,2024/2025,Lekso Kaulashvili,Section Paloise,289,7,5,2,1992-08-27,1,Géorgie,
top14,2024/2025,Lenni Nouchi,Montpellier Herault Rugby,1285,22,16,6,2003-11-24,"4,6,7,8",France,
top14,2024/2025,Leo Banos,Stade Toulousain,919,15,13,2,2002-08-16,"5,6,7",France,
top14,2024/2025,Leo Barre,Stade Francais Paris,1349,21,17,4,2002-08-20,"10,11,12,15",France,
top14,2024/2025,Leo Berdeu,Lyon,1450,21,20,1,1998-06-13,10,France,
top14,2024/2025,Leo Coly,Montpellier Herault Rugby,934,19,11,8,1999-09-09,"9,10",France,
top14,2024/2025,Leo Monin,Stade Francais Paris,13,1,0,1,2002-01-25,15,France,
top14,2024/2025,Leon Boulier,Vannes,368,15,2,13,2001-08-23,"4,6,7,8",France,
top14,2024/2025,Leon Darricarrere,ASM Clermont Auvergne,1129,17,15,2,2004-06-04,"11,12,13",France,
top14,2024/2025,Leone Nakarawa,Castres Olympique,926,22,10,12,1988-04-02,"4,5,7",Fidji,
top14,2024/2025,Lester Etien,Stade Francais Paris,786,16,10,6,1995-06-21,"11,12,13",France,
top14,2024/2025,Levan Chilachava,Castres Olympique,537,17,4,13,1991-08-17,3,Géorgie,
top14,2024/2025,Levani Botia,Stade Rochelais,599,13,6,7,1989-03-14,"4,6,7",Fidji,
top14,2024/2025,Lewis Ludlam,RC Toulon,1286,21,15,6,1995-12-08,"6,7,8",Angleterre,
top14,2024/2025,Liam Allen,Lyon,609,10,9,1,2000-03-17,"4,7,8",Nouvelle Zélande,
top14,2024/2025,Lino Julien,Racing 92,38,2,0,2,2004-07-27,1,France,
top14,2024/2025,Loic Credoz,Section Paloise,1558,25,19,6,1999-05-17,"4,6,7,8",France,
top14,2024/2025,Lois Guerois-Galisson,Castres Olympique,326,11,2,9,2001-12-22,1,France,
top14,2024/2025,Lorencio Boyer Gallardo,USAP,103,3,1,2,2005-09-23,1,France,
top14,2024/2025,Loris Zarantonello,Castres Olympique,510,18,3,15,2000-11-17,2,France,
top14,2024/2025,Louis Bielle-Biarrey,Union Bordeaux-Begles,1200,16,16,0,2003-06-19,"11,15",France,
top14,2024/2025,Louis Carbonel,Stade Francais Paris,1028,16,14,2,1999-02-04,10,France,
top14,2024/2025,Louis Dupichot,USAP,710,11,9,2,1995-09-23,"11,15",France,
top14,2024/2025,Louis Foursans-Bourdette,Stade Francais Paris,620,11,7,4,2002-01-29,"9,15",France,
top14,2024/2025,Louis Le Brun,Castres Olympique,1437,23,19,4,2002-02-28,"10,12",France,
top14,2024/2025,Louis Penverne,Stade Rochelais,380,12,3,9,2003-02-22,1,France,
top14,2024/2025,Luca Tabarot,Montpellier Herault Rugby,97,4,1,3,2003-12-24,1,France,
top14,2024/2025,Lucas Andjisseramatchi,Stade Rochelais,149,4,2,2,2006-04-12,"7,8",France,
top14,2024/2025,Lucas Bachelier,USAP,299,11,2,9,1995-03-26,"5,6,7,8",France,
top14,2024/2025,Lucas Dubois,USAP,520,7,7,0,1998-06-09,"11,14,15",France,
top14,2024/2025,Lucas Martin,Bayonne,759,23,6,17,2002-12-09,2,France,
top14,2024/2025,Lucas Paulos,Bayonne,1013,20,14,6,1998-01-09,"4,5",Argentine,
top14,2024/2025,Lucas Peyresblanques,Stade Francais Paris,1022,24,14,10,1998-01-20,2,France,
top14,2024/2025,Lucas Rey,Section Paloise,325,7,5,2,1997-04-27,2,France,
top14,2024/2025,Lucas Tauzin,ASM Clermont Auvergne,933,14,13,1,1998-05-21,"11,13,14",France,
top14,2024/2025,Lucas Velarte,USAP,1421,24,17,7,1998-10-24,"6,7,8",France,
top14,2024/2025,Lucas Vigneres,Stade Toulousain,164,3,2,1,2005-07-18,"12,13",France,
top14,2024/2025,Lucien Richardis,Stade Toulousain,52,1,1,0,2005-03-28,15,France,
top14,2024/2025,Lucio Sordoni,Racing 92,166,5,3,2,1998-07-23,3,Argentine,
top14,2024/2025,Luka Japaridze,Montpellier Herault Rugby,467,13,6,7,1998-09-06,3,Géorgie,
top14,2024/2025,Luka Matkava,Castres Olympique,80,1,1,0,2001-05-10,10,Géorgie,
top14,2024/2025,Luka Petriashvili,Stade Francais Paris,46,1,1,0,2001-07-09,2,Géorgie,
top14,2024/2025,Luke Tagi,Bayonne,909,21,12,9,1997-07-23,3,Fidji,
top14,2024/2025,Luke Whitelock,Section Paloise,830,11,11,0,1991-01-29,"6,7",Nouvelle Zélande,
top14,2024/2025,Lyam Akrab,Montpellier Herault Rugby,66,3,0,3,2005-09-06,2,France,
top14,2024/2025,Ma'a Nonu,RC Toulon,102,4,1,3,1982-05-21,12,Nouvelle Zélande,
top14,2024/2025,Madosh Tambwe,Montpellier Herault Rugby,934,12,12,0,1997-05-12,"11,13,14",République Démocratique du Congo,
top14,2024/2025,Mael Moustin,Montpellier Herault Rugby,1072,15,14,1,2003-04-22,"11,12,14",France,
top14,2024/2025,Mahamadou Diaby,Union Bordeaux-Begles,703,15,9,6,1990-08-15,"6,7,8",France,
top14,2024/2025,Mako Vunipola,Vannes,1061,20,18,2,1991-01-14,1,Angleterre,
top14,2024/2025,Malachi Hawkes,Stade Toulousain,316,9,4,5,2002-12-06,"2,3",Australie,
top14,2024/2025,Mamoudou Meite,Stade Francais Paris,196,8,0,8,2002-11-16,2,France,
top14,2024/2025,Manu Tuilagi,Bayonne,1329,20,18,2,1991-05-18,"12,13",Angleterre,
top14,2024/2025,Marco Tauleigne,Montpellier Herault Rugby,370,13,3,10,1993-08-30,"4,5,6,7,8",France,
top14,2024/2025,Marcos Kremer,ASM Clermont Auvergne,886,13,12,1,1997-07-30,7,Argentine,
top14,2024/2025,Marius Domon,RC Toulon,1476,22,18,4,2002-06-13,"10,11,15",France,
top14,2024/2025,Marko Gazzotti,Union Bordeaux-Begles,1204,23,17,6,2004-09-24,"6,7,8",France,
top14,2024/2025,Martin Blum,Stade Francais Paris,2,1,0,1,2006-05-15,9,France,
top14,2024/2025,Martin Doan,Montpellier Herault Rugby,44,2,0,2,1998-10-08,9,France,
top14,2024/2025,Martin Meliande,Lyon,1065,23,11,12,2001-12-20,"10,11,15",France,
top14,2024/2025,Martin Page-Relo,Lyon,306,11,3,8,1999-01-06,9,Italie,
top14,2024/2025,Martin Villar,Bayonne,34,2,0,2,2002-11-06,1,Argentine,
top14,2024/2025,Marvin Okuya,Lyon,224,5,2,3,2003-12-29,"5,7",France,
top14,2024/2025,Marvin Orie,USAP,518,9,6,3,1993-02-15,"4,5",Afrique du Sud,
top14,2024/2025,Mateo Carreras,Bayonne,1238,16,16,0,1999-12-17,"11,14",Argentine,
top14,2024/2025,Mateo Garcia,Union Bordeaux-Begles,403,10,3,7,2002-07-08,"9,10,13,15",France,
top14,2024/2025,Matheo Frisach,ASM Clermont Auvergne,147,7,1,6,2006-02-10,1,France,
top14,2024/2025,Mathieu Babillot,Castres Olympique,1799,24,23,1,1993-09-09,"6,7",France,
top14,2024/2025,Mathieu Galtier,Stade Toulousain,28,1,0,1,2004-07-08,15,France,
top14,2024/2025,Mathieu Hirigoyen,Stade Francais Paris,168,4,2,2,1999-01-25,"6,7,8",France,
top14,2024/2025,Mathieu Smaili,RC Toulon,225,6,4,2,1999-08-30,"12,13",France,
top14,2024/2025,Mathieu Tanguy,USAP,663,14,9,5,1996-06-05,"4,5",France,
top14,2024/2025,Mathis Brunet,Stade Rochelais,236,5,2,3,2003-07-31,9,France,
top14,2024/2025,Mathis Castro-Ferreira,Stade Toulousain,616,14,8,6,2004-01-13,"5,6,7,8",France,
top14,2024/2025,Mathys Belaubre,ASM Clermont Auvergne,327,5,4,1,2005-03-15,"12,13",France,
top14,2024/2025,Mathys Lotrian,USAP,77,2,1,1,2004-02-18,2,France,
top14,2024/2025,Matias Remue,Stade Toulousain,245,5,4,1,2003-03-07,"10,15",Belgique,
top14,2024/2025,Matis Perchaud,Union Bordeaux-Begles,435,12,4,8,2002-09-17,1,France,
top14,2024/2025,Matteo Desjeux,Vannes,148,5,2,3,2002-01-26,5,France,
top14,2024/2025,Matteo Le Corvec,RC Toulon,679,19,8,11,2001-01-04,"6,7,8",France,
top14,2024/2025,Matthias Haddad,Stade Rochelais,1040,21,13,8,2001-03-10,"6,7,8",France,
top14,2024/2025,Matthias Halagahu,RC Toulon,880,17,13,4,2001-08-15,"4,5",France,
top14,2024/2025,Matthieu Jalibert,Union Bordeaux-Begles,1261,19,17,2,1998-11-06,10,France,
top14,2024/2025,Matthieu Uhila,Vannes,201,4,2,2,2002-04-30,"4,5,6,7",France,
top14,2024/2025,Matthis Lebel,Stade Toulousain,1548,23,18,5,1999-03-25,"11,13,14,15",France,
top14,2024/2025,Max Hicks,USAP,788,14,9,5,1999-09-15,"4,5,7",Nouvelle Zélande,
top14,2024/2025,Max Spring,Racing 92,1415,22,18,4,2001-03-15,"11,12,14,15",France,
top14,2024/2025,Maxim Granell,USAP,240,3,3,0,2005-07-26,11,France,
top14,2024/2025,Maxime Baudonne,Racing 92,1271,22,16,6,2002-07-12,"6,7,8",France,
top14,2024/2025,Maxime Gouzou,Lyon,521,11,6,5,1998-09-11,8,France,
top14,2024/2025,Maxime Lafage,Vannes,1770,25,24,1,1994-09-01,10,France,
top14,2024/2025,Maxime Lamothe,Union Bordeaux-Begles,1041,22,14,8,1998-10-03,2,France,
top14,2024/2025,Maxime Lucu,Union Bordeaux-Begles,1344,20,16,4,1993-01-12,"9,10",France,
top14,2024/2025,Maxime Machenaud,Bayonne,874,20,11,9,1988-12-30,9,France,
top14,2024/2025,Mehdi Tlili,Section Paloise,73,3,1,2,2004-08-17,"6,7,8",France,
top14,2024/2025,Melvyn Jaminet,RC Toulon,594,11,7,4,1999-06-30,15,France,
top14,2024/2025,Michael Ala'alatoa,ASM Clermont Auvergne,235,8,2,6,1991-08-28,"1,3",Samoa,
top14,2024/2025,Michael Ruru,Vannes,1257,18,17,1,1990-12-03,9,Nouvelle Zélande,
top14,2024/2025,Mickael Capelli,Section Paloise,130,3,2,1,1997-03-18,5,France,
top14,2024/2025,Mickael Guillard,Lyon,880,15,12,3,2000-12-10,"4,5,8",France,
top14,2024/2025,Mickael Ivaldi,RC Toulon,522,16,6,10,1990-02-20,2,France,
top14,2024/2025,Mohamed Haouas,Montpellier Herault Rugby,498,15,6,9,1994-03-09,3,France,
top14,2024/2025,Monty Ioane,Lyon,857,12,12,0,1994-10-30,"11,14",Italie,
top14,2024/2025,Moses Alo-Emile,Stade Francais Paris,980,20,15,5,2000-01-15,"1,3",France,
top14,2024/2025,Nadir Megdoud,Bayonne,347,5,5,0,1997-03-26,"11,14",France,
top14,2024/2025,Nans Ducuing,Union Bordeaux-Begles,175,4,3,1,1991-11-06,15,France,
top14,2024/2025,Naoto Saito,Stade Toulousain,645,19,6,13,1997-08-26,9,Japon,
top14,2024/2025,Nathan Bollengier,Stade Rochelais,40,1,1,0,2004-01-18,14,France,
top14,2024/2025,Nathan Decron,Section Paloise,898,17,12,5,1998-02-17,"11,12,13,14",France,
top14,2024/2025,Nathan Llaveria,Stade Toulousain,23,1,0,1,2006-07-08,9,France,
top14,2024/2025,Nathanael Hulleu,Castres Olympique,655,11,9,2,2000-05-16,"11,14",France,
top14,2024/2025,Nelson Epee,Stade Toulousain,389,9,4,5,2001-02-20,"12,14,15",France,
top14,2024/2025,Nemo Roelofse,USAP,215,8,2,6,1995-06-06,"1,3",Afrique du Sud,
top14,2024/2025,Nicolaas Janse van Rensburg,Montpellier Herault Rugby,567,10,7,3,1994-05-06,"4,6,8",Afrique du Sud,
top14,2024/2025,Nicolas Corato,Castres Olympique,602,16,8,8,1997-10-07,3,France,
top14,2024/2025,Nicolas Depoortere,Union Bordeaux-Begles,1255,19,16,3,2003-01-13,"12,13,15",France,
top14,2024/2025,Nicolas Martins,Montpellier Herault Rugby,23,1,0,1,1999-01-18,6,Portugal,
top14,2024/2025,Nika Abuladze,Montpellier Herault Rugby,246,7,3,4,1995-10-29,1,Géorgie,
top14,2024/2025,Nika Sutidze,Stade Rochelais,380,9,5,4,2003-09-01,"2,6",Géorgie,
top14,2024/2025,Noa Zinzen,Racing 92,127,3,1,2,2004-02-24,"4,7",France,
top14,2024/2025,Noe Della Schiava,USAP,822,13,11,2,2002-02-28,"6,7",France,
top14,2024/2025,Nolann Donguy,Racing 92,116,2,2,0,2005-11-28,14,France,
top14,2024/2025,Nolann Le Garrec,Racing 92,1398,19,18,1,2002-05-14,9,France,
top14,2024/2025,Oliver Cowie,RC Toulon,159,3,2,1,2005-06-17,"12,13",France,
top14,2024/2025,Olivier Klemenczak,Section Paloise,206,4,3,1,1996-06-01,13,France,
top14,2024/2025,Oscar Jegou,Stade Rochelais,604,10,7,3,2003-05-31,"4,6,7,8",France,
top14,2024/2025,Oskar Rixen,ASM Clermont Auvergne,78,3,1,2,2002-02-09,5,Allemagne,
top14,2024/2025,Owen Farrell,Racing 92,846,13,11,2,1991-09-24,"10,12,13",Angleterre,
top14,2024/2025,Pablo Uberti,Union Bordeaux-Begles,1260,18,16,2,1997-10-19,"11,12,13,14",France,
top14,2024/2025,Paddy Jackson,Lyon,38,2,0,2,1992-01-05,10,Irlande,
top14,2024/2025,Pagakalasio Tafili,Vannes,239,9,3,6,1987-03-08,3,France,
top14,2024/2025,Paolo Garbisi,RC Toulon,942,16,13,3,2000-04-26,10,Italie,
top14,2024/2025,Pascal Cotet,Bayonne,414,9,6,3,1993-10-12,3,France,
top14,2024/2025,Pat Leafa,Vannes,316,7,6,1,1989-03-16,2,Nouvelle Zélande,
top14,2024/2025,Patrick Sobela,USAP,630,14,10,4,1992-08-12,"6,7,8",France,
top14,2024/2025,Paul Abadie,Stade Francais Paris|Union Bordeaux-Begles,243,5,4,1,1994-07-28,9,France,
top14,2024/2025,Paul Alo-Emile,Stade Francais Paris,919,17,15,2,1991-12-22,3,Samoa,
top14,2024/2025,Paul Boudehent,Stade Rochelais,1058,17,12,5,1999-11-21,"4,6,7,8",France,
top14,2024/2025,Paul Costes,Stade Toulousain,1023,18,14,4,2003-04-04,"12,13",France,
top14,2024/2025,Paul Gabrillagues,Stade Francais Paris,1808,25,22,3,1993-06-03,4,France,
top14,2024/2025,Paul Graou,Stade Toulousain,1386,22,18,4,1997-07-25,"9,10",France,
top14,2024/2025,Paul Jedrasiak,Castres Olympique,417,10,5,5,1993-02-06,"4,5",France,
top14,2024/2025,Paul Leraitre,Racing 92,80,1,1,0,2000-12-07,11,France,
top14,2024/2025,Paul Surano,Vannes,1395,18,18,0,1998-08-25,15,France,
top14,2024/2025,Paul Willemse,Montpellier Herault Rugby,28,2,1,1,1992-11-13,5,France,
top14,2024/2025,Paulo Tauiliili-Pelesasa,Section Paloise,12,1,1,0,2005-02-08,8,Australie,
top14,2024/2025,Peato Mauvaka,Stade Toulousain,402,9,6,3,1997-01-10,2,France,
top14,2024/2025,Peceli Yato,ASM Clermont Auvergne,1024,22,10,12,1993-01-17,"4,5,6,7,8",Fidji,
top14,2024/2025,Peniasi Dakuwaqa,Stade Francais Paris,927,13,11,2,1997-04-09,"12,14",Fidji,
top14,2024/2025,Pete Samu,Union Bordeaux-Begles,888,15,12,3,1991-12-17,"6,7,8,11",Australie,
top14,2024/2025,Phil Kite,Vannes,253,9,0,9,1993-04-24,3,Tonga,
top14,2024/2025,Pierre Bochaton,Union Bordeaux-Begles,1037,17,12,5,2001-04-17,"4,6,7",France,
top14,2024/2025,Pierre Boudehent,Vannes,651,11,8,3,1998-02-06,"12,13",France,
top14,2024/2025,Pierre Bourgarit,Stade Rochelais,420,9,5,4,1997-09-12,2,France,
top14,2024/2025,Pierre Castillon,Bayonne,357,13,1,12,2003-09-20,1,France,
top14,2024/2025,Pierre Colonna,Castres Olympique,382,13,5,8,2001-06-14,2,France,
top14,2024/2025,Pierre Damond,RC Toulon,92,4,1,3,2003-11-27,2,France,
top14,2024/2025,Pierre Fouyssac,ASM Clermont Auvergne,558,13,5,8,1995-03-17,"12,13,14",France,
top14,2024/2025,Pierre Huguet,Stade Francais Paris,351,6,5,1,1995-11-05,"6,7,8",France,
top14,2024/2025,Pierre Lucas,Montpellier Herault Rugby,40,1,0,1,1997-04-29,13,France,
top14,2024/2025,Pierre Popelin,Castres Olympique,341,8,4,4,1995-06-23,"10,12",France,
top14,2024/2025,Pierre-Henri Azagoh,Stade Francais Paris,676,14,6,8,1998-07-25,"4,5,6,7",France,
top14,2024/2025,Pierre-Louis Barassi,Stade Toulousain,904,14,11,3,1998-04-22,"11,12,13,15",France,
top14,2024/2025,Pieter Scholtz,Bayonne,382,14,1,13,1994-03-20,"1,3",Afrique du Sud,
top14,2024/2025,Pietro Ceccarelli,USAP,613,22,5,17,1992-02-16,3,Italie,
top14,2024/2025,Pita Ahki,Stade Toulousain,1178,19,13,6,1992-09-24,"12,13",Tonga,
top14,2024/2025,Pita-Gus Sowakula,ASM Clermont Auvergne,1107,15,14,1,1994-10-26,"5,6,7,8",Fidji,
top14,2024/2025,Posolo Tuilagi,USAP,425,10,6,4,2004-07-28,5,France,
top14,2024/2025,Quentin Lespiaucq,Stade Rochelais,675,19,6,13,1995-02-16,2,France,
top14,2024/2025,Quentin Walcker,Castres Olympique,1156,23,19,4,1996-02-21,1,France,
top14,2024/2025,Raffaele Costa-Storti,Stade Francais Paris,160,2,2,0,2000-12-19,"11,14",Portugal,
top14,2024/2025,Raphael Portat,Stade Toulousain,31,1,0,1,2003-10-25,4,France,
top14,2024/2025,Rayan Rebbadj,RC Toulon,345,6,4,2,1999-08-15,"11,13,14,15",France,
top14,2024/2025,Reda Wardi,Stade Rochelais,1010,20,17,3,1995-08-02,1,France,
top14,2024/2025,Reece Hewat,Section Paloise,461,11,6,5,1997-09-25,"6,7,8",Australie,
top14,2024/2025,Regis Montagne,ASM Clermont Auvergne,838,22,9,13,2000-09-30,3,France,
top14,2024/2025,Remi Bourdeau,Bayonne,255,6,1,5,1992-02-27,"6,7",France,
top14,2024/2025,Remi Picquette,Section Paloise,955,19,15,4,1995-02-23,"4,5",France,
top14,2024/2025,Remi Seneca,Section Paloise,422,12,1,11,1995-01-16,1,France,
top14,2024/2025,Remy Baget,Castres Olympique,1689,23,23,0,1997-07-27,"11,14",France,
top14,2024/2025,Richie Arnold,Stade Toulousain,456,12,6,6,1990-07-01,"4,5,8",Australie,
top14,2024/2025,Rob Simmons,ASM Clermont Auvergne,793,13,12,1,1989-04-19,"4,5",Australie,
top14,2024/2025,Robin Couly,Racing 92,311,7,4,3,2004-02-07,2,France,
top14,2024/2025,Robin Taccola,Vannes,1210,17,15,2,2005-05-04,"11,13",France,
top14,2024/2025,Rodrigo Bruni,Bayonne,1500,20,20,0,1993-09-03,6,Argentine,
top14,2024/2025,Rodrigue Neti,Stade Toulousain,997,22,15,7,1995-04-26,1,France,
top14,2024/2025,Rohan Janse van Rensburg,Union Bordeaux-Begles,1138,21,13,8,1994-09-11,"12,13",Afrique du Sud,
top14,2024/2025,Romain Briatte,Stade Francais Paris,1470,22,18,4,1993-02-18,"6,7,8",France,
top14,2024/2025,Romain Buros,Union Bordeaux-Begles,1254,17,16,1,1997-07-31,15,France,
top14,2024/2025,Romain Gardrat,Union Bordeaux-Begles,60,1,1,0,2003-12-31,7,France,
top14,2024/2025,Romain Lamit,Stade Rochelais,17,1,0,1,2003-01-21,15,France,
top14,2024/2025,Romain Latterrade,Union Bordeaux-Begles,499,15,5,10,1996-04-04,2,France,
top14,2024/2025,Romain Macurdy,Castres Olympique,18,1,0,1,2001-09-21,4,France,
top14,2024/2025,Romain Ntamack,Stade Toulousain,751,12,12,0,1999-05-01,10,France,
top14,2024/2025,Romain Ruffenach,Section Paloise,702,19,7,12,1994-09-04,2,France,
top14,2024/2025,Romain Taofifenua,Racing 92,839,19,11,8,1990-09-14,"4,5",France,
top14,2024/2025,Romaric Camou,Vannes,710,9,9,0,1996-10-09,"11,14",France,
top14,2024/2025,Ryan Chapuis,Stade Francais Paris,608,14,9,5,1997-12-12,"6,7,8",France,
top14,2024/2025,Ryan Louwrens,Montpellier Herault Rugby,124,4,1,3,1991-03-12,"9,10",Afrique du Sud,
top14,2024/2025,Sacha Lotrian,ASM Clermont Auvergne,439,10,8,2,2000-08-13,1,France,
top14,2024/2025,Sacha Zegueur,Section Paloise,1021,19,12,7,1999-06-21,"5,6,7,8",France,
top14,2024/2025,Sadek Deghmache,USAP,34,1,0,1,1995-10-05,9,France,
top14,2024/2025,Salesi Rayasi,Vannes,1376,19,18,1,1996-09-25,"11,14",Nouvelle Zélande,
top14,2024/2025,Sam James,Racing 92,1195,17,16,1,1994-07-03,"12,15",Angleterre,
top14,2024/2025,Sam Matavesi,Lyon,586,14,9,5,1992-01-13,2,Fidji,
top14,2024/2025,Sam Simmonds,Montpellier Herault Rugby,717,17,7,10,1994-11-10,"7,8,12",Angleterre,
top14,2024/2025,Samuel Ezeala,Stade Francais Paris,1245,22,15,7,1999-12-11,"11,12,13,14",Espagne,
top14,2024/2025,Samuel M'Foudi,ASM Clermont Auvergne,18,1,0,1,2002-05-08,7,France,
top14,2024/2025,Santiago Arata,Castres Olympique,1128,24,15,9,1996-09-02,9,Uruguay,
top14,2024/2025,Santiago Chocobares,Stade Toulousain,895,12,12,0,1999-03-31,"12,13",Argentine,
top14,2024/2025,Santiago Medrano,Vannes,1316,25,21,4,1996-05-06,3,Argentine,
top14,2024/2025,Sebastien Bezy,ASM Clermont Auvergne,935,25,10,15,1991-11-22,9,France,
top14,2024/2025,Sebastien Taofifenua,Lyon,514,13,6,7,1992-03-21,1,France,
top14,2024/2025,Seilala Lam,USAP,666,20,9,11,1989-02-18,2,Samoa,
top14,2024/2025,Sekou Macalou,Stade Francais Paris,920,17,11,6,1995-04-20,"6,7,8",France,
top14,2024/2025,Selevasio Tolofua,RC Toulon,525,14,6,8,1997-05-31,"4,6,8",France,
top14,2024/2025,Semi Radradra,Lyon,1096,19,13,6,1992-06-13,"11,12,13,14",Fidji,
top14,2024/2025,Sergo Abramishvili,Stade Francais Paris,432,10,7,3,2003-11-20,1,Géorgie,
top14,2024/2025,Setareki Bituniyata,Stade Toulousain,239,5,3,2,1995-08-12,"11,14",Fidji,
top14,2024/2025,Setareki Turagacoke,Stade Francais Paris,134,7,1,6,2006-06-12,"4,5,6,7",Fidji,
top14,2024/2025,Setariki Tuicuvu,RC Toulon,1123,21,11,10,1995-09-07,"6,11,12,13,14,15",Fidji,
top14,2024/2025,Shingi Manyarara,Racing 92,185,4,3,1,2004-02-24,"7,8",Zimbabwe,
top14,2024/2025,Sialevailea Tolofua,Stade Toulousain,40,1,0,1,2005-07-09,8,France,
top14,2024/2025,Siate Tokolahi,Section Paloise,324,6,5,1,1992-03-16,3,Tonga,
top14,2024/2025,Simeli Daunivucu,Stade Rochelais,216,6,3,3,2005-02-12,"12,13",Fidji,
top14,2024/2025,Simon Augry,Vannes,889,15,12,3,1997-08-22,"6,7",France,
top14,2024/2025,Simon Bourgeois,Vannes,260,9,2,7,2001-11-30,3,France,
top14,2024/2025,Simon Daroque,Stade Toulousain,133,4,2,2,2005-06-08,9,France,
top14,2024/2025,Simon Huchet,Stade Rochelais,163,4,2,2,2004-04-07,"4,5",France,
top14,2024/2025,Simon Meka,Castres Olympique,72,3,1,2,2000-03-14,"4,6,7",France,
top14,2024/2025,Sione Kalamafoni,Vannes,1635,23,21,2,1988-05-18,"5,8",Tonga,
top14,2024/2025,Sipili Falatea,Union Bordeaux-Begles,761,18,6,12,1997-06-06,3,France,
top14,2024/2025,Sireli Maqala,Bayonne,1550,20,20,0,2000-03-20,13,Fidji,
top14,2024/2025,So'otala Fa'aso'o,USAP,918,19,11,8,1994-10-02,"5,7,8",Samoa,
top14,2024/2025,Soumaila Camara,Racing 92,40,1,1,0,2003-09-30,6,France,
top14,2024/2025,Steeve Blanc-Mappaz,Lyon,906,18,10,8,1990-07-12,"4,5,6,7,8",France,
top14,2024/2025,Stephen Varney,Vannes,501,13,5,8,2001-05-16,9,Italie,
top14,2024/2025,Stuart Hogg,Montpellier Herault Rugby,1016,15,14,1,1992-06-24,"10,15",Ecosse,
top14,2024/2025,Suliasi Vunivalu,Stade Rochelais,73,2,2,0,1995-11-27,"11,14",Fidji,
top14,2024/2025,Swan Cormenier,Bayonne,1156,22,20,2,1996-01-18,1,France,
top14,2024/2025,Swan Rebbadj,RC Toulon,338,9,3,6,1995-01-15,"4,5",France,
top14,2024/2025,Tanginoa Halaifonua,Stade Francais Paris,1393,21,19,2,1996-09-20,"5,6,8",Tonga,
top14,2024/2025,Tani Vili,Vannes,384,10,3,7,2000-10-31,"10,12,13",France,
top14,2024/2025,Tavite Veredamu,USAP,1589,21,20,1,1989-09-01,"14,15",France,
top14,2024/2025,Tawera Kerr-Barlow,Stade Rochelais,1110,16,16,0,1990-08-15,9,Nouvelle Zélande,
top14,2024/2025,Teddy Baubigny,RC Toulon,1168,25,15,10,1998-09-02,2,France,
top14,2024/2025,Teddy Iribaren,Stade Rochelais,126,4,1,3,1990-09-25,9,France,
top14,2024/2025,Teddy Thomas,Stade Rochelais,903,15,9,6,1993-09-18,"12,13,14",France,
top14,2024/2025,Temo Matiu,Union Bordeaux-Begles,1085,20,11,9,2001-07-20,"4,5,6,7,8",France,
top14,2024/2025,Tevita Tatafu,Bayonne,549,13,9,4,2002-10-13,3,France,
top14,2024/2025,Tevita Tatafu,Union Bordeaux-Begles,665,15,8,7,1996-01-02,"6,8",Tonga,
top14,2024/2025,Theo Attissogbe,Section Paloise,1387,19,17,2,2004-11-19,"11,14,15",France,
top14,2024/2025,Theo Bastardie,Vannes,80,1,1,0,2000-02-26,14,France,
top14,2024/2025,Theo Beziat,Vannes,823,21,11,10,1994-05-11,2,France,
top14,2024/2025,Theo Chabouni,Castres Olympique,962,19,9,10,2003-12-22,"11,13,14,15",France,
top14,2024/2025,Theo Costosseque,Vannes,320,4,4,0,2000-04-26,13,France,
top14,2024/2025,Theo Giral,ASM Clermont Auvergne,89,3,0,3,2003-02-04,"10,13",France,
top14,2024/2025,Theo Millet,Lyon,1033,15,14,1,1997-07-08,12,France,
top14,2024/2025,Theo Ntamack,Stade Toulousain,725,18,6,12,2002-05-29,"4,6,7,8,13",France,
top14,2024/2025,Theo William,Lyon,1081,18,13,5,2000-07-04,"4,5,6,7",France,
top14,2024/2025,Thibaud Flament,Stade Toulousain,979,17,11,6,1997-04-29,"4,5,8",France,
top14,2024/2025,Thibaud Lanen,ASM Clermont Auvergne,1030,24,13,11,1998-04-01,"4,5,8",France,
top14,2024/2025,Thibault Daubagna,Section Paloise,1291,26,16,10,1994-05-20,9,France,
top14,2024/2025,Thibault Debaes,Vannes,343,12,2,10,2001-11-30,"10,11,15",France,
top14,2024/2025,Thibaut Hamonou,Section Paloise,181,6,2,4,2000-03-10,"4,5,6,7",France,
top14,2024/2025,Thibaut Motassi,Stade Francais Paris,188,11,0,11,2005-01-02,9,France,
top14,2024/2025,Thibaut Regard,Lyon,310,7,4,3,1993-08-06,"11,12,13",France,
top14,2024/2025,Thierry Paiva,Stade Rochelais,316,10,2,8,1995-11-19,1,France,
top14,2024/2025,Thomas Alary,Stade Toulousain,70,2,1,1,2006-09-06,"14,15",France,
top14,2024/2025,Thomas Berjon,Stade Rochelais,687,19,8,11,1998-04-12,"9,11,14",France,
top14,2024/2025,Thomas Ceyte,ASM Clermont Auvergne,1602,25,22,3,1991-02-13,"4,5",France,
top14,2024/2025,Thomas Darmon,Montpellier Herault Rugby,841,15,10,5,1998-05-12,"12,13",France,
top14,2024/2025,Thomas Jolmes,Section Paloise,712,18,7,11,1995-10-08,"4,5",France,
top14,2024/2025,Thomas Laclayat,Racing 92,758,19,11,8,1997-10-02,3,France,
top14,2024/2025,Thomas Lacombre,Stade Toulousain,406,12,4,8,2004-07-14,2,France,
top14,2024/2025,Thomas Lavault,Stade Rochelais,1408,25,20,5,1999-05-03,"4,5,6,7",France,
top14,2024/2025,Thomas Moukoro,Vannes,693,19,7,12,2002-01-01,1,France,
top14,2024/2025,Thomas Ramos,Stade Toulousain,1111,14,14,0,1995-07-23,"10,15",France,
top14,2024/2025,Thomas Souverbie,Section Paloise,20,4,0,4,2004-06-28,9,France,
top14,2024/2025,Thomas Vincent,Montpellier Herault Rugby,607,11,8,3,1999-07-21,"9,10,15",France,
top14,2024/2025,Tiaan Jacobs,Union Bordeaux-Begles,80,3,1,2,2004-08-16,"6,8",Afrique du Sud,
top14,2024/2025,Timothe Mezou,Vannes,396,16,1,15,2002-09-20,"4,5,6",France,
top14,2024/2025,Tolu Latu,Stade Rochelais,711,17,11,6,1993-02-23,"2,7",Tonga,
top14,2024/2025,Tom Ecochard,USAP,989,19,15,4,1992-12-14,"9,10",France,
top14,2024/2025,Tom Spring,Bayonne,1318,20,15,5,2002-09-26,"11,14,15",France,
top14,2024/2025,Toma Taufa,Union Bordeaux-Begles,241,13,0,13,1995-03-09,"1,3",Tonga,
top14,2024/2025,Tomas Lavanini,Lyon,454,9,6,3,1993-01-22,"4,5",Argentine,
top14,2024/2025,Tomasi Seru,Stade Rochelais,40,1,0,1,2004-06-09,14,Fidji,
top14,2024/2025,Tommaso Allan,USAP,1254,19,16,3,1993-04-26,"10,15",Italie,
top14,2024/2025,Torsten van Jaarsveld,Bayonne,12,1,0,1,1987-06-30,2,Namibie,
top14,2024/2025,Tristan Labouteley,USAP,779,12,9,3,1995-04-12,"4,5,7",France,
top14,2024/2025,Tristan Tedder,Racing 92,515,11,4,7,1996-04-17,"10,15",Afrique du Sud,
top14,2024/2025,Tumua Manu,Section Paloise,1177,18,14,4,1993-04-18,"11,12,13,14",Samoa,
top14,2024/2025,Tyler Ardron,Castres Olympique,758,12,10,2,1991-06-16,"4,6,7,8",Canada,
top14,2024/2025,Tyler Duguid,Montpellier Herault Rugby,1456,24,18,6,2000-10-17,"5,7",Canada,
top14,2024/2025,Tyreese Leupolu,Stade Rochelais,124,2,2,0,2004-01-17,6,Nouvelle Zélande,
top14,2024/2025,Ugo Boniface,Union Bordeaux-Begles,730,20,9,11,1998-07-21,1,France,
top14,2024/2025,Uini Atonio,Stade Rochelais,733,16,12,4,1990-03-26,3,France,
top14,2024/2025,Ultan Dillane,Stade Rochelais,612,13,6,7,1993-11-09,"4,5,6,7",Irlande,
top14,2024/2025,Ulupano Seuteni,Stade Rochelais,1314,18,18,0,1993-12-09,"12,13",Samoa,
top14,2024/2025,Uzair Cassiem,Bayonne,1090,18,16,2,1990-03-17,8,Afrique du Sud,
top14,2024/2025,Vakhtang Jintcharadze,USAP,52,2,0,2,1999-11-08,2,Géorgie,
top14,2024/2025,Valentin Delpy,Stade Toulousain|USAP,747,12,8,4,2003-08-22,"10,15",France,
top14,2024/2025,Valentin Simutoga,Lyon,44,2,0,2,2003-02-14,3,France,
top14,2024/2025,Vano Karkadze,Montpellier Herault Rugby,206,7,3,4,2000-06-25,2,Géorgie,
top14,2024/2025,Veikoso Poloniati,Bayonne,330,10,4,6,1995-08-27,"4,5",Tonga,
top14,2024/2025,Victor Hannoun,Bayonne,160,2,2,0,2003-08-20,14,France,
top14,2024/2025,Victor Montgaillard,USAP,324,9,4,5,2002-07-16,2,France,
top14,2024/2025,Vilimoni Botitu,Castres Olympique,1248,19,17,2,1998-06-15,"10,12,13",Fidji,
top14,2024/2025,Vinaya Habosi,Racing 92,1324,19,17,2,2000-01-30,"11,12,13,14",Fidji,
top14,2024/2025,Vincent Giudicelli,Bayonne,230,7,3,4,1997-06-25,2,France,
top14,2024/2025,Vincent Rattez,Lyon,823,13,11,2,1992-03-24,"11,13,14",France,
top14,2024/2025,Wame Naituvi,Racing 92,491,7,6,1,1996-05-18,"11,14",Fidji,
top14,2024/2025,Wayan De Benedittis,Castres Olympique|Lyon,199,8,0,8,1999-03-10,1,France,
top14,2024/2025,Wilfrid Hounkpatin,Montpellier Herault Rugby,1080,23,14,9,1991-07-29,3,France,
top14,2024/2025,Will Collier,Castres Olympique,920,17,15,2,1991-05-05,3,Angleterre,
top14,2024/2025,Will Rowlands,Racing 92,900,17,11,6,1991-09-19,"4,5,6",Pays de Galles,
top14,2024/2025,Will Skelton,Stade Rochelais,1222,20,17,3,1992-05-03,5,Australie,
top14,2024/2025,Xan Mousques,Bayonne,495,8,6,2,2005-11-18,"11,14,15",France,
top14,2024/2025,Xavier Mignot,Lyon,334,5,4,1,1994-01-27,14,France,
top14,2024/2025,Yacouba Camara,Montpellier Herault Rugby,1320,23,18,5,1994-06-02,"4,6,8",France,
top14,2024/2025,Yanis Charcosset,Lyon,425,11,4,7,2001-08-28,2,France,
top14,2024/2025,Yann Lesgourgues,Union Bordeaux-Begles,872,16,12,4,1991-01-17,9,France,
top14,2024/2025,Yann Peysson,Castres Olympique,177,4,2,2,2000-07-06,8,France,
top14,2024/2025,Yannick Youyoutte,RC Toulon,227,7,2,5,1999-08-30,"4,5,8",France,
top14,2024/2025,Yerim Fall,ASM Clermont Auvergne,308,4,4,0,2003-06-24,"11,14",France,
top14,2024/2025,Yoan Tanga,Stade Francais Paris,768,16,9,7,1996-11-29,"7,8,12",France,
top14,2024/2025,Yohan Orabe,Bayonne,467,8,7,1,2002-05-21,15,France,
top14,2024/2025,Yoram Moefana,Union Bordeaux-Begles,931,14,12,2,2000-07-18,"12,13,14",France,
top14,2024/2025,Youri Delhommel,Section Paloise,949,23,13,10,1996-03-06,2,France,
top14,2024/2025,Zaccharie Affane,Union Bordeaux-Begles,73,2,1,1,2004-07-15,3,France,
top14,2024/2025,Zack Henry,Stade Francais Paris,1040,19,12,7,1994-10-01,"10,13",Angleterre,
top14,2024/2025,Zinedine Aouad,Union Bordeaux-Begles,18,1,0,1,2005-05-03,1,France,
top14,2025/2026,Aaron Grandidier-Nkanang,Section Paloise,1609,22,21,1,2000-05-18,"11,14",France,
top14,2025/2026,Abraham Papali'i,Castres Olympique,642,14,8,6,1993-06-20,"7,8",Nouvelle Zélande,
top14,2025/2026,Adam Beard,Montpellier Herault Rugby,800,19,9,10,1996-01-07,"4,5,6,7",Pays de Galles,
top14,2025/2026,Adam Coleman,Union Bordeaux-Begles,538,10,10,0,1991-10-07,"4,5",Tonga,
top14,2025/2026,Adam Vargas,Castres Olympique,978,13,13,0,2000-08-11,"11,14",France,
top14,2025/2026,Adam Zapedowski,Union Bordeaux-Begles,73,4,1,3,2006-01-04,"4,6",Pologne,
top14,2025/2026,Adrea Cocagi,Castres Olympique,880,14,10,4,1994-03-01,"12,13,14",Fidji,
top14,2025/2026,Adrien Drault,Union Bordeaux-Begles,267,6,4,2,2006-05-23,"12,13",France,
top14,2025/2026,Adrien Seguret,Castres Olympique|Stade Rochelais,874,15,10,5,1998-07-22,"12,13,15",France,
top14,2025/2026,Adrien Warion,USAP,1009,17,13,4,2001-01-07,"4,5",France,
top14,2025/2026,Akato Fakatika,USAP,102,2,1,1,2001-01-31,3,France,
top14,2025/2026,Aleksandre Kuntelia,Stade Rochelais,1108,26,5,21,2002-06-26,3,Géorgie,
top14,2025/2026,Alex Moon,Bayonne,774,15,9,6,1996-09-06,"4,5",Angleterre,
top14,2025/2026,Alex Newsome,ASM Clermont Auvergne,875,13,10,3,1995-01-20,"12,13,14,15",Australie,
top14,2025/2026,Alexander Masibaka,Montpellier Herault Rugby,530,19,4,15,2001-08-09,"4,5,6,7,8",Australie,
top14,2025/2026,Alexandre Becognee,Montpellier Herault Rugby,1464,23,19,4,1996-09-03,"6,7,8",France,
top14,2025/2026,Alexandre Etchebehere,Section Paloise,163,4,2,2,2004-12-26,1,France,
top14,2025/2026,Alexandre Fischer,Bayonne,1046,18,16,2,1998-01-19,"6,8",France,
top14,2025/2026,Alexandre Kaddouri,Stade Rochelais,743,17,11,6,2003-12-12,1,France,
top14,2025/2026,Alexandre Roumat,Stade Toulousain,1482,24,19,5,1997-06-27,"5,6,7,8",France,
top14,2025/2026,Alexandre Tchaptchet,Lyon,719,10,9,1,2001-09-26,15,France,
top14,2025/2026,Alexis Bernadet,Montpellier Herault Rugby,484,14,5,9,2001-06-02,"9,13",France,
top14,2025/2026,Alfred Parisien,Lyon,584,13,6,7,2001-03-04,"11,12,13,14,15",France,
top14,2025/2026,Ali Price,Montpellier Herault Rugby,1426,23,20,3,1993-05-12,9,Ecosse,
top14,2025/2026,Alivereti Duguivalu,USAP,1040,16,14,2,1997-07-21,"12,13,14",Fidji,
top14,2025/2026,Alivereti Loaloa,ASM Clermont Auvergne,1424,19,18,1,2000-12-10,"13,15",Fidji,
top14,2025/2026,Alivereti Raka,ASM Clermont Auvergne,683,10,10,0,1994-12-09,11,France,
top14,2025/2026,Alvaro Garcia,Stade Francais Paris,367,10,4,6,2003-08-22,2,Espagne,
top14,2025/2026,Alvaro Garcia Iandolino,Bayonne,40,2,0,2,2005-12-05,"4,5",Argentine,
top14,2025/2026,Andro Dvali,USAP,48,2,0,2,2005-07-10,8,Géorgie,
top14,2025/2026,Andy Bordelai,Bayonne,1013,19,18,1,2000-03-29,1,France,
top14,2025/2026,Andy Timo,Stade Francais Paris|Stade Rochelais,453,12,1,11,2004-05-28,"6,7,11,14",France,
top14,2025/2026,Ange Capuozzo,Stade Toulousain,444,9,6,3,1999-04-30,"9,11,13,14",Italie,
top14,2025/2026,Anthime Hemery,ASM Clermont Auvergne,1067,21,11,10,2001-01-09,"4,5,6,7",France,
top14,2025/2026,Anthony Jelonch,Stade Toulousain,634,10,9,1,1996-07-28,"4,6,7,8",France,
top14,2025/2026,Antoine Aucagne,USAP,338,7,3,4,2000-04-11,"9,10,14,15",France,
top14,2025/2026,Antoine Deliance,Lyon,379,6,5,1,2005-03-29,"6,7",France,
top14,2025/2026,Antoine Dupont,Stade Toulousain,482,10,5,5,1996-11-15,9,France,
top14,2025/2026,Antoine Frisch,RC Toulon,484,8,7,1,1996-06-01,"12,13",France,
top14,2025/2026,Antoine Gibert,Racing 92,1023,22,13,9,1997-12-31,"9,10,15",France,
top14,2025/2026,Antoine Hastoy,Stade Rochelais,1598,23,21,2,1997-06-04,10,France,
top14,2025/2026,Antoine Tichit,Castres Olympique,347,11,3,8,1989-06-13,1,France,
top14,2025/2026,Arnaud Erbinartegaray,Bayonne,1234,17,15,2,2000-09-16,"11,13,14,15",France,
top14,2025/2026,Arno Botha,Lyon,836,16,11,5,1991-10-26,"4,5,7,8",Afrique du Sud,
top14,2025/2026,Arthur Iturria,Bayonne,1117,19,17,2,1994-05-13,"4,6,7",France,
top14,2025/2026,Arthur Mathiron,Lyon,349,6,4,2,2003-05-19,"11,12,13,14",France,
top14,2025/2026,Arthur Retiere,Union Bordeaux-Begles,522,17,5,12,1997-08-01,"9,11,12,14,15",France,
top14,2025/2026,Arthur Roche,Racing 92,25,1,0,1,2005-05-05,15,France,
top14,2025/2026,Arthur Vincent,Montpellier Herault Rugby,1507,26,19,7,1999-09-30,"11,12,13",France,
top14,2025/2026,Asaeli Gade,US Montauban,147,2,2,0,2006-08-20,"11,14",Fidji,
top14,2025/2026,Atunaisa Sokobale,Castres Olympique,66,3,0,3,2005-05-10,1,Fidji,
top14,2025/2026,Auguste Cadot,Montpellier Herault Rugby,1321,19,17,2,2001-07-28,"12,13,15",France,
top14,2025/2026,Aurelien Azar,Castres Olympique,488,9,7,2,1994-06-10,3,France,
top14,2025/2026,Ave Jonathan Maalo,Lyon,68,3,0,3,2003-08-27,3,Nouvelle Zélande,
top14,2025/2026,Axel Desperes,Section Paloise,1474,26,17,9,2004-01-16,"10,11,12,14,15",France,
top14,2025/2026,Axel Guillaud,ASM Clermont Auvergne,231,3,3,0,2006-04-20,15,France,
top14,2025/2026,Aymeric Luc,Section Paloise,524,9,8,1,1997-10-14,"11,14,15",France,
top14,2025/2026,Baptiste Chouzenoux,Bayonne,371,7,4,3,1993-08-07,"4,5,7",France,
top14,2025/2026,Baptiste Cope,Castres Olympique,543,15,7,8,2002-02-09,"5,6,7,8,11",France,
top14,2025/2026,Baptiste Couilloud,Lyon,450,8,7,1,1997-07-22,9,France,
top14,2025/2026,Baptiste Delaporte,Castres Olympique,1259,18,16,2,1997-03-25,"6,7",France,
top14,2025/2026,Baptiste Erdocio,Montpellier Herault Rugby,1002,25,13,12,2000-03-13,1,France,
top14,2025/2026,Baptiste Germain,Bayonne,902,17,12,5,2000-11-21,9,France,
top14,2025/2026,Baptiste Heguy,Bayonne,777,15,8,7,1998-05-11,"4,6,7",France,
top14,2025/2026,Baptiste Jauneau,ASM Clermont Auvergne,1282,22,20,2,2003-11-17,9,France,
top14,2025/2026,Baptiste Mouchous,US Montauban,1523,21,19,2,1998-10-19,"10,15",France,
top14,2025/2026,Baptiste Pesenti,Stade Francais Paris,1339,25,20,5,1997-07-03,"4,5,6,8",France,
top14,2025/2026,Baptiste Serin,RC Toulon,1037,20,15,5,1994-06-20,9,France,
top14,2025/2026,Baptiste Tilloles,Bayonne,247,9,2,7,2006-11-19,9,France,
top14,2025/2026,Barnabe Massa,ASM Clermont Auvergne,1257,24,21,3,2004-05-13,2,France,
top14,2025/2026,Barnabe Mechentel,RC Toulon,89,2,0,2,2005-03-21,"11,15",France,
top14,2025/2026,Bartholome Sanson,Lyon,51,1,1,0,2005-06-02,4,France,
top14,2025/2026,Bastien Chalureau,Montpellier Herault Rugby,774,17,10,7,1992-02-13,"4,5,6,8",France,
top14,2025/2026,Bastien Chinarro,USAP,492,9,7,2,2004-01-23,"4,6",France,
top14,2025/2026,Bastien Vergnes-Taillefer,Union Bordeaux-Begles,1071,22,13,9,1997-06-13,"4,6,7,8",France,
top14,2025/2026,Bautista Delguy,ASM Clermont Auvergne,1445,19,19,0,1997-04-22,14,Argentine,
top14,2025/2026,Beka Gigashvili,RC Toulon,723,17,11,6,1992-02-17,3,Géorgie,
top14,2025/2026,Beka Gorgadze,Section Paloise,1219,17,16,1,1996-02-08,"6,8",Géorgie,
top14,2025/2026,Beka Saginadze,Lyon,513,11,6,5,1998-10-29,"6,7",Géorgie,
top14,2025/2026,Beka Shvangiradze,Lyon,500,12,4,8,2002-06-12,"4,5,6,7,8",Géorgie,
top14,2025/2026,Ben Tameifuna,Union Bordeaux-Begles,516,13,5,8,1991-08-30,3,Tonga,
top14,2025/2026,Ben White,RC Toulon,524,14,5,9,1998-05-27,9,Ecosse,
top14,2025/2026,Benjamin Bertrand,Stade Toulousain,398,11,4,7,2003-07-25,1,France,
top14,2025/2026,Benjamin Urdapilleta,USAP,829,13,12,1,1986-03-11,10,Argentine,
top14,2025/2026,Billy Vunipola,Montpellier Herault Rugby,1475,23,22,1,1992-11-03,"7,8",Angleterre,
top14,2025/2026,Blair Kinghorn,Stade Toulousain,1244,19,17,2,1997-01-18,"10,11,14,15",Ecosse,
top14,2025/2026,Bobby Bissu,Union Bordeaux-Begles,16,1,0,1,2006-11-14,7,France,
top14,2025/2026,Boris Palu,Union Bordeaux-Begles,1478,24,19,5,1996-02-04,"4,5,7",France,
top14,2025/2026,Brian Alainu'uese,RC Toulon,1002,22,12,10,1994-03-19,"4,5,6",Samoa,
top14,2025/2026,Bruce Devaux,USAP,841,21,6,15,1996-11-14,1,France,
top14,2025/2026,Cameron Woki,Union Bordeaux-Begles,1518,21,19,2,1998-11-07,"4,7,8",France,
top14,2025/2026,Camille Chat,Lyon,761,18,10,8,1995-12-18,2,France,
top14,2025/2026,Carlu Sadie,Union Bordeaux-Begles,1063,23,17,6,1997-05-07,3,Afrique du Sud,
top14,2025/2026,Carwyn Tuipulotu,Section Paloise,2,1,1,0,2001-09-28,8,Pays de Galles,
top14,2025/2026,Cedate Gomes Sa,Lyon,363,15,4,11,1993-08-07,3,France,
top14,2025/2026,Celian Pouzelgues,Stade Toulousain,380,9,2,7,2003-09-30,"10,11,12,13,14",France,
top14,2025/2026,Charles Kante-Samba,Stade Rochelais,1076,21,17,4,2005-02-08,"4,5",France,
top14,2025/2026,Charles Laloi,Stade Francais Paris,412,8,6,2,2003-07-31,"11,14",France,
top14,2025/2026,Charles Ollivon,RC Toulon,588,9,8,1,1993-05-11,"4,7,8",France,
top14,2025/2026,Charlie Cassang,Lyon,985,18,14,4,1995-02-08,9,France,
top14,2025/2026,Charly Mignot,Lyon,26,1,0,1,2006-02-12,14,France,
top14,2025/2026,Cheikh Tiberghien,Bayonne,1306,22,18,4,2000-01-08,"10,11,12,14,15",France,
top14,2025/2026,Christian Ambadiang,Castres Olympique,1178,15,15,0,1999-01-13,"11,14",Cameroun,
top14,2025/2026,Christian Luaki,Stade Rochelais,50,4,0,4,2004-04-23,1,France,
top14,2025/2026,Christopher Tolofua,Montpellier Herault Rugby,867,24,7,17,1993-12-31,"2,3",France,
top14,2025/2026,Clement Bitz,US Montauban,612,15,7,8,1994-12-29,"4,5,6",France,
top14,2025/2026,Clement Laporte,Section Paloise,80,1,1,0,1998-01-07,14,France,
top14,2025/2026,Clement Mondinat,Section Paloise,423,11,3,8,2003-10-29,"10,11,13,15",France,
top14,2025/2026,Clement Verge,Stade Toulousain,1133,23,13,10,2001-09-13,"4,5,6",France,
top14,2025/2026,Clovis Le Bail,RC Toulon,353,7,5,2,1995-11-29,9,France,
top14,2025/2026,Colin Dupuy,Castres Olympique,43,3,0,3,2006-06-25,9,France,
top14,2025/2026,Connor Sa,Union Bordeaux-Begles,481,13,7,6,2002-01-22,2,Nouvelle Zélande,
top14,2025/2026,Corentin Coularis,US Montauban,204,5,2,3,2002-08-29,"6,7",France,
top14,2025/2026,Corentin Mezou,RC Toulon,558,13,7,6,2005-04-20,"4,5",France,
top14,2025/2026,Cristian Ojovan,ASM Clermont Auvergne,833,20,11,9,1997-01-04,3,Moldavie,
top14,2025/2026,Cyril Baille,Stade Toulousain,529,15,5,10,1993-09-15,"1,2",France,
top14,2025/2026,Cyril Cazeaux,Union Bordeaux-Begles,902,17,12,5,1995-02-10,"4,5",France,
top14,2025/2026,Damian Penaud,Union Bordeaux-Begles,1367,18,18,0,1996-09-25,"13,14",France,
top14,2025/2026,Dan Robson,Section Paloise,828,17,10,7,1992-03-14,9,Angleterre,
top14,2025/2026,Daniel Bibi Biziwu,Section Paloise,574,15,7,8,2001-08-29,1,France,
top14,2025/2026,Daniel Brennan,RC Toulon,442,14,4,10,1998-09-23,1,Irlande,
top14,2025/2026,Dany Priso,RC Toulon,800,17,11,6,1994-01-02,"1,3",France,
top14,2025/2026,David Ainu'u,Stade Toulousain,629,16,7,9,1999-11-20,"1,3",Etats-Unis,
top14,2025/2026,David Ribbans,RC Toulon,972,14,13,1,1995-08-29,"4,5",Afrique du Sud,
top14,2025/2026,Davit Niniashvili,Stade Rochelais,1689,23,21,2,2002-07-14,"11,13,14,15",Géorgie,
top14,2025/2026,Demba Bamba,Racing 92,1100,25,14,11,1998-03-17,3,France,
top14,2025/2026,Diego Escobar,Racing 92,875,20,9,11,2000-04-17,2,Chili,
top14,2025/2026,Diego Jurd,Stade Rochelais,231,7,2,5,2006-08-21,"10,14,15",France,
top14,2025/2026,Diego Mascarenc,USAP,239,5,4,1,2007-06-28,"12,13",France,
top14,2025/2026,Dillyn Leyds,Stade Rochelais,1259,17,17,0,1992-09-12,"11,15",Afrique du Sud,
top14,2025/2026,Dimitri Delibes,Stade Toulousain,746,12,10,2,1999-03-17,"11,12,13,14",France,
top14,2025/2026,Domingo Miotti,Montpellier Herault Rugby,1473,22,21,1,1996-05-22,10,Argentine,
top14,2025/2026,Donovan Taofifenua,Montpellier Herault Rugby,975,17,12,5,1999-03-30,"11,13,14",France,
top14,2025/2026,Dorian Aldegheri,Stade Toulousain,645,16,8,8,1993-08-04,3,France,
top14,2025/2026,Duncan Paia'aua,USAP,276,4,3,1,1995-01-20,"12,15",Samoa,
top14,2025/2026,Dylan Cretin,Lyon,1384,20,18,2,1997-05-04,"5,6",France,
top14,2025/2026,Edouard-Junior Jabea Njocke,Racing 92,236,10,1,9,2006-08-19,"1,3",France,
top14,2025/2026,Efrain Elias,Stade Toulousain,969,21,10,11,2004-04-30,"4,5,6,7",Argentine,
top14,2025/2026,Elia Masi,Racing 92,7,1,0,1,2006-07-26,2,France,
top14,2025/2026,Elyjah Ibsaiene,Union Bordeaux-Begles,20,1,0,1,2006-10-02,8,France,
top14,2025/2026,Emerick Setiano,Bayonne,791,18,12,6,1996-07-19,"1,3",France,
top14,2025/2026,Emilien Gailleton,Section Paloise,1395,20,17,3,2003-07-13,"12,13",France,
top14,2025/2026,Emmanuel Meafou,Stade Toulousain,783,13,12,1,1998-07-12,"4,5",France,
top14,2025/2026,Eneriko Buliruarua,USAP,1061,17,12,5,1997-01-23,"11,12,13,15",Fidji,
top14,2025/2026,Enzo Forletta,Montpellier Herault Rugby,1022,24,13,11,1994-06-15,1,France,
top14,2025/2026,Enzo Herve,Castres Olympique,760,13,8,5,1998-10-13,10,France,
top14,2025/2026,Esteban Abadie,RC Toulon,1136,19,15,4,1997-12-01,"6,7",France,
top14,2025/2026,Esteban Capilla,Bayonne,1108,17,16,1,2003-01-05,"7,8",France,
top14,2025/2026,Esteban Gonzalez,Lyon,649,19,5,14,2005-11-28,9,France,
top14,2025/2026,Ethan Dumortier,Lyon,1012,15,14,1,2000-12-29,"11,14",France,
top14,2025/2026,Ethan Tia,Stade Francais Paris,40,1,1,0,2006-03-19,2,France,
top14,2025/2026,Etienne Falgoux,ASM Clermont Auvergne,367,11,4,7,1993-01-19,1,France,
top14,2025/2026,Etienne Fourcade,ASM Clermont Auvergne,600,21,4,17,1997-04-11,2,France,
top14,2025/2026,Ewan Johnson,Bayonne,1252,23,14,9,1999-06-27,"4,5,6,7,8",Ecosse,
top14,2025/2026,Fabien Brau-Boirie,Section Paloise,1552,20,19,1,2005-12-19,"12,13",France,
top14,2025/2026,Fabien Sanconnie,Racing 92,347,9,5,4,1995-02-21,"4,5,6,7,8",France,
top14,2025/2026,Facundo Bosch,Bayonne,864,20,15,5,1991-08-08,2,Argentine,
top14,2025/2026,Facundo Isa,Section Paloise,1209,22,13,9,1993-09-21,"5,7,8",Argentine,
top14,2025/2026,Facundo Pomponio,US Montauban,663,18,8,10,1992-04-01,3,Argentine,
top14,2025/2026,Federico Mori,Bayonne,689,14,7,7,2000-10-13,"12,13,15",Italie,
top14,2025/2026,Feibyan Tukino,Castres Olympique,312,7,5,2,2001-06-16,8,Nouvelle Zélande,
top14,2025/2026,Felix Lambey,Lyon,596,13,10,3,1994-03-15,4,France,
top14,2025/2026,Florent Vanverberghe,Castres Olympique,1260,22,15,7,2000-07-22,"4,5,6,7,8",France,
top14,2025/2026,Florian Verhaeghe,Montpellier Herault Rugby,1407,20,19,1,1997-04-27,"4,6",France,
top14,2025/2026,Folau Fainga'a,ASM Clermont Auvergne,153,4,1,3,1995-05-05,2,Australie,
top14,2025/2026,Francois Cros,Stade Toulousain,610,9,7,2,1994-03-25,"6,7,8",France,
top14,2025/2026,Frank Bradshaw-Ryan,US Montauban,25,1,0,1,1995-07-27,5,Irlande,
top14,2025/2026,Fred Quercy,US Montauban,759,13,12,1,1991-07-06,"4,6",Espagne,
top14,2025/2026,Gabin Kretchmann,USAP,68,3,0,3,2006-03-15,10,France,
top14,2025/2026,Gabin Lorre,Lyon,1121,15,13,2,2001-12-23,"13,15",France,
top14,2025/2026,Gabin Villiere,RC Toulon,345,6,5,1,1995-12-13,11,France,
top14,2025/2026,Gabriel Bohn,Union Bordeaux-Begles,27,1,0,1,2006-10-14,12,France,
top14,2025/2026,Gabriel Lapegue Lafaye,Bayonne,92,3,0,3,2005-02-20,"12,14,15",France,
top14,2025/2026,Gabriel Ngandebe,Montpellier Herault Rugby,1879,25,24,1,1997-03-30,"11,14",France,
top14,2025/2026,Gael Drean,RC Toulon,1191,15,15,0,2000-10-22,14,France,
top14,2025/2026,Gael Fickou,Racing 92,1204,20,16,4,1994-03-26,"11,12,13,14",France,
top14,2025/2026,Gael Galvan,Stade Rochelais,26,1,1,0,2005-02-11,3,Argentine,
top14,2025/2026,Gaetan Barlot,Union Bordeaux-Begles,626,16,8,8,1997-04-13,2,France,
top14,2025/2026,Gareth Anscombe,Bayonne,164,5,2,3,1991-05-10,"10,15",Pays de Galles,
top14,2025/2026,Gauthier Doubrere,Castres Olympique,320,12,2,10,1995-12-24,9,France,
top14,2025/2026,Gauthier Maravat,Castres Olympique,668,17,6,11,2000-06-11,"4,5,6,7,8",France,
top14,2025/2026,Gela Aprasidze,USAP,335,11,4,7,1998-01-14,"9,10",Géorgie,
top14,2025/2026,Geoffrey Palis,Castres Olympique,813,16,9,7,1991-07-08,"11,13,14,15",France,
top14,2025/2026,George Moala,ASM Clermont Auvergne,200,4,2,2,1990-11-05,12,Tonga,
top14,2025/2026,Georges-Henri Colombe,Stade Toulousain,390,13,2,11,1998-04-09,3,France,
top14,2025/2026,Geronimo Prisciantelli,Racing 92,493,10,7,3,1999-08-23,"10,15",Argentine,
top14,2025/2026,Gia Kharaishvili,Racing 92,792,19,13,6,1999-02-13,"1,3",Géorgie,
top14,2025/2026,Giacomo Nicotera,Stade Francais Paris,1051,20,17,3,1996-07-15,2,Italie,
top14,2025/2026,Gianmarco Lucchesi,RC Toulon,322,7,3,4,2000-09-10,2,Italie,
top14,2025/2026,Gibson Popoali'i,US Montauban,1,1,1,0,1997-07-30,12,Nouvelle Zélande,
top14,2025/2026,Giga Tutisani,ASM Clermont Auvergne,183,4,2,2,2004-02-03,3,Géorgie,
top14,2025/2026,Giorgi Akhaladze,ASM Clermont Auvergne,1025,21,17,4,1999-04-13,1,Géorgie,
top14,2025/2026,Giorgi Beria,USAP,483,13,7,6,1999-11-11,1,France,
top14,2025/2026,Giorgi Dzmanashvili,ASM Clermont Auvergne,308,12,2,10,2002-06-16,3,Géorgie,
top14,2025/2026,Giorgi Javakhia,RC Toulon,459,12,6,6,1996-09-24,"4,5",Géorgie,
top14,2025/2026,Giorgi Melikidze,Stade Francais Paris,1097,26,13,13,1996-05-24,3,Géorgie,
top14,2025/2026,Giorgi Tetrashvili,USAP,630,15,11,4,1993-08-31,1,Géorgie,
top14,2025/2026,Giovanni Habel-Kueffner,Bayonne,373,7,4,3,1995-01-09,"6,7,8",Allemagne,
top14,2025/2026,Gregoire Arfeuil,Section Paloise,1419,19,18,1,2004-12-05,"11,14",France,
top14,2025/2026,Gregory Alldritt,Stade Rochelais,1686,24,22,2,1997-03-23,"6,8",France,
top14,2025/2026,Guillaume Cramont,Stade Toulousain,579,15,7,8,2000-12-29,2,France,
top14,2025/2026,Guillaume Ducat,Castres Olympique,1235,20,17,3,1996-05-25,"4,5",France,
top14,2025/2026,Guillaume Marchand,Lyon,984,22,14,8,1998-06-05,2,France,
top14,2025/2026,Guillaume Martocq,Bayonne,819,15,11,4,1999-08-23,"11,12,13",France,
top14,2025/2026,Guram Gogichashvili,Racing 92,1229,27,17,10,1998-09-04,"1,3",Géorgie,
top14,2025/2026,Guram Papidze,Section Paloise,543,14,7,7,1997-06-16,"1,3",Géorgie,
top14,2025/2026,Hacjivah Dayimani,Racing 92,32,1,0,1,1997-09-23,8,Afrique du Sud,
top14,2025/2026,Hamza Kaabeche,Lyon,479,11,8,3,1996-09-23,1,France,
top14,2025/2026,Harry Plummer,ASM Clermont Auvergne,1893,25,25,0,1998-06-19,10,Nouvelle Zélande,
top14,2025/2026,Hassane Kolingar,Racing 92,718,18,9,9,1998-03-06,1,France,
top14,2025/2026,Herschel Jantjies,Bayonne,807,16,8,8,1996-04-22,9,Afrique du Sud,
top14,2025/2026,Hoani Bosmorin,Stade Rochelais,234,7,1,6,2004-12-27,"11,15",France,
top14,2025/2026,Hugo Auradou,Section Paloise,1374,20,17,3,2003-07-20,"4,5",France,
top14,2025/2026,Hugo Gonzalez,Bayonne,100,4,0,4,2005-05-08,1,Espagne,
top14,2025/2026,Hugo Parrou,Section Paloise,247,7,3,4,2003-01-28,"1,2",France,
top14,2025/2026,Hugo Reus,Montpellier Herault Rugby|Union Bordeaux-Begles|USAP,649,16,8,8,2004-02-21,"10,12",France,
top14,2025/2026,Hugo Zabalza,US Montauban,732,19,9,10,2000-04-12,9,France,
top14,2025/2026,Iakopo Mapu,Stade Francais Paris,207,5,3,2,1997-11-04,8,Nouvelle Zélande,
top14,2025/2026,Ibrahim Diallo,Racing 92,378,9,4,5,1998-01-23,"6,7",France,
top14,2025/2026,Ignacio Calles,Bayonne,439,10,4,6,1995-10-24,"1,2",Argentine,
top14,2025/2026,Ignacio Ruiz,USAP,686,14,8,6,2001-01-03,2,Argentine,
top14,2025/2026,Ihaia West,Stade Rochelais,868,17,10,7,1992-01-16,"9,10,13,15",Nouvelle Zélande,
top14,2025/2026,Iosefo Masi,Lyon,623,11,8,3,1998-05-09,"12,13,14",Fidji,
top14,2025/2026,Irae Simone,ASM Clermont Auvergne,586,17,5,12,1995-07-10,"11,12,14,15",Australie,
top14,2025/2026,Irakli Aptsiauri,Lyon,939,21,12,9,2003-02-23,"1,3",Géorgie,
top14,2025/2026,Isaac Koffi,Stade Francais Paris,3,1,1,0,2005-09-28,1,France,
top14,2025/2026,JT Jackson,US Montauban,1077,17,14,3,1996-07-10,"12,13",Afrique du Sud,
top14,2025/2026,Jack Goodhue,Castres Olympique,1448,21,19,2,1995-06-13,"12,13",Nouvelle Zélande,
top14,2025/2026,Jack Iscaro,Stade Francais Paris,441,11,4,7,1997-08-04,"1,3",Etats-Unis,
top14,2025/2026,Jack Maddocks,Section Paloise,1309,19,17,2,1997-02-05,"10,13,15",Australie,
top14,2025/2026,Jack Nowell,Stade Rochelais,1191,18,17,1,1993-04-11,14,Angleterre,
top14,2025/2026,Jack Willis,Stade Toulousain,1330,23,19,4,1996-12-24,"6,7,8",Angleterre,
top14,2025/2026,Jacobus van Tonder,USAP,1050,18,13,5,1998-03-03,"4,5,6,7,8",Afrique du Sud,
top14,2025/2026,Jacques Botha,Stade Francais Paris,80,1,1,0,2006-11-13,4,Afrique du Sud,
top14,2025/2026,Jake McIntyre,USAP,138,3,3,0,1994-04-28,10,Australie,
top14,2025/2026,James Hall,USAP,877,19,11,8,1996-01-02,9,Afrique du Sud,
top14,2025/2026,Jamie Ritchie,USAP,950,13,12,1,1996-08-16,"6,7",Ecosse,
top14,2025/2026,Janick Tarrit,Racing 92,1105,22,18,4,1998-10-29,2,France,
top14,2025/2026,Janse Roux,Lyon,710,18,9,9,1997-08-28,"4,5",Afrique du Sud,
top14,2025/2026,Jean Penetro,US Montauban,72,4,0,4,2005-11-28,9,France,
top14,2025/2026,Jean Seux,US Montauban,234,3,3,0,2007-07-31,"14,15",France,
top14,2025/2026,Jean-Baptiste Gros,RC Toulon,532,12,8,4,1999-05-29,1,France,
top14,2025/2026,Jean-Luc du Preez,Union Bordeaux-Begles,35,1,0,1,1995-08-05,6,Afrique du Sud,
top14,2025/2026,Jefferson Joseph,USAP,1309,18,17,1,2002-08-29,"11,14",France,
top14,2025/2026,Jefferson Poirot,Union Bordeaux-Begles,912,20,14,6,1992-11-01,"1,2",France,
top14,2025/2026,Jeremie Maurouard,US Montauban,615,17,6,11,1992-09-23,2,France,
top14,2025/2026,Jeremy Fernandez,Castres Olympique,680,19,8,11,1997-05-15,9,France,
top14,2025/2026,Jeremy Nemor,Stade Toulousain,6,1,0,1,2006-02-02,11,France,
top14,2025/2026,Jeremy Sinzelle,RC Toulon,993,16,12,4,1990-07-02,12,France,
top14,2025/2026,Jeremy Toevalu,RC Toulon,94,3,1,2,2005-03-16,2,France,
top14,2025/2026,Jeremy Ward,Stade Francais Paris,1490,23,20,3,1996-01-10,"13,15",Afrique du Sud,
top14,2025/2026,Jermaine Ainsley,Lyon,669,13,10,3,1995-08-08,3,Australie,
top14,2025/2026,Jerome Bosviel,US Montauban,981,17,13,4,1990-04-07,10,France,
top14,2025/2026,Jerome Rey,Lyon,845,19,13,6,1995-05-19,1,France,
top14,2025/2026,Jeronimo de la Fuente,USAP,1291,18,17,1,1991-02-24,"10,12,13",Argentine,
top14,2025/2026,Jimi Maximin,Section Paloise,1142,24,17,7,1999-04-03,5,France,
top14,2025/2026,Jiuta Wainiqolo,Lyon,1530,20,20,0,1999-03-10,"11,14",Fidji,
top14,2025/2026,Joaquin Oviedo,USAP,945,15,12,3,2001-07-16,8,Argentine,
top14,2025/2026,Job Poulet,USAP,439,12,4,8,2003-04-30,"12,13,14,15",France,
top14,2025/2026,Joe Jonas,Stade Francais Paris,178,5,3,2,2000-12-31,"13,14,15",Afrique du Sud,
top14,2025/2026,Joe Marchant,Stade Francais Paris,1481,23,18,5,1996-07-16,"11,12,13,14",Angleterre,
top14,2025/2026,Joe Powell,US Montauban,720,16,10,6,1994-04-11,9,Australie,
top14,2025/2026,Joe Quere Karaba,RC Toulon,654,12,8,4,2004-09-28,"6,7,8",France,
top14,2025/2026,Joe Simmonds,Section Paloise,843,14,10,4,1996-12-19,10,Angleterre,
top14,2025/2026,Joel Kpoku,Section Paloise,90,3,1,2,1999-06-22,"4,5",Angleterre,
top14,2025/2026,Joel Merkler,Stade Toulousain,746,17,12,5,2001-10-25,"3,5",Espagne,
top14,2025/2026,Joel Sclavi,Stade Rochelais,321,10,7,3,1994-06-25,"1,3",Argentine,
top14,2025/2026,Joey Carbery,Union Bordeaux-Begles,379,8,4,4,1995-11-01,"10,11",Irlande,
top14,2025/2026,Jon Echegaray,Montpellier Herault Rugby|Union Bordeaux-Begles,456,7,7,0,2005-06-09,15,France,
top14,2025/2026,Jon Zabala,Section Paloise,212,6,1,5,1996-11-26,3,Espagne,
top14,2025/2026,Jonathan Danty,Stade Rochelais,141,2,2,0,1992-10-07,12,France,
top14,2025/2026,Jonny Gray,Union Bordeaux-Begles|USAP,700,14,8,6,1994-03-14,"4,5",Ecosse,
top14,2025/2026,Jonny Hill,Racing 92,1813,26,23,3,1994-06-08,"4,5,7",Angleterre,
top14,2025/2026,Jordan Joseph,Racing 92,486,12,5,7,2000-07-31,"5,8",France,
top14,2025/2026,Jordan Petaia,USAP,478,9,5,4,2000-03-14,"11,12,13,14,15",Australie,
top14,2025/2026,Jordan Uelese,Montpellier Herault Rugby,927,19,17,2,1997-01-24,2,Australie,
top14,2025/2026,Joris Jurand,ASM Clermont Auvergne,975,14,13,1,1995-11-11,"11,14",France,
top14,2025/2026,Joris Segonds,Bayonne,1610,23,21,2,1997-04-06,10,France,
top14,2025/2026,Joseph Laharrague,Union Bordeaux-Begles,312,9,4,5,2006-06-08,"10,13,15",France,
top14,2025/2026,Joseph Manu,Racing 92,1127,21,13,8,1996-06-29,"10,11,12,14,15",Nouvelle Zélande,
top14,2025/2026,Joshua Brennan,Stade Toulousain,1064,19,18,1,2001-11-28,"4,5,7",France,
top14,2025/2026,Josiah Maraku,Lyon,954,14,14,0,2000-03-30,"12,13",Nouvelle Zélande,
top14,2025/2026,Josua Tuisova,Racing 92,1326,24,15,9,1994-02-04,"11,12,13",Fidji,
top14,2025/2026,Josua Vici,US Montauban,1474,19,19,0,1994-02-20,"13,14",Fidji,
top14,2025/2026,Jovan Sreckovic,RC Toulon,65,1,1,0,2006-08-20,6,France,
top14,2025/2026,Juan Cruz Mallia,Stade Toulousain,155,2,2,0,1996-09-11,"10,11",Argentine,
top14,2025/2026,Juan Ignacio Brex,RC Toulon,992,13,12,1,1992-05-26,13,Italie,
top14,2025/2026,Juan Scelzo,Stade Francais Paris,393,9,6,3,2002-02-12,"4,5,6,8",France,
top14,2025/2026,Juan Segundo Martin Montilla,ASM Clermont Auvergne,32,2,0,2,2007-07-06,"10,15",Espagne,
top14,2025/2026,Judicael Cancoriet,Stade Rochelais,966,14,13,1,1996-04-25,"5,6",France,
top14,2025/2026,Jules Bousquet,US Montauban,18,1,0,1,2006-03-02,4,France,
top14,2025/2026,Jules Coulon,RC Toulon,835,17,7,10,2002-07-04,"5,6,7,8",France,
top14,2025/2026,Jules Favre,Stade Rochelais,1446,21,20,1,1999-03-22,"11,12,13",France,
top14,2025/2026,Julian Montoya,Section Paloise,775,15,13,2,1993-10-29,2,Argentine,
top14,2025/2026,Julien Delbouis,Stade Francais Paris,20,1,0,1,1999-08-04,12,France,
top14,2025/2026,Julien Marchand,Stade Toulousain,638,14,9,5,1995-05-10,2,France,
top14,2025/2026,Junior Kpoku,Racing 92|RC Toulon,522,13,5,8,2005-09-10,"4,6,7,8",Angleterre,
top14,2025/2026,Justo Piccardo,Montpellier Herault Rugby,770,14,10,4,2002-03-25,"11,12,13",Argentine,
top14,2025/2026,Kalvin Gourgues,Stade Toulousain,1180,19,13,6,2005-03-27,"7,10,11,12,13,15",France,
top14,2025/2026,Kane Douglas,Stade Rochelais,450,10,9,1,1989-06-01,"5,7",Australie,
top14,2025/2026,Karl Martin,Montpellier Herault Rugby,125,4,1,3,2002-02-16,"11,12",Irlande,
top14,2025/2026,Karl Sorin,Stade Rochelais,373,10,5,5,2003-08-07,3,France,
top14,2025/2026,Karl Wilkins,US Montauban,746,15,11,4,1996-02-28,"4,6,7,8",Angleterre,
top14,2025/2026,Kevin Firmin,US Montauban,604,15,7,8,1992-04-20,2,France,
top14,2025/2026,Kieran Brookes,USAP,973,20,14,6,1990-08-29,3,Angleterre,
top14,2025/2026,Killian Geraci,Lyon,457,10,5,5,1999-03-25,"4,5,7,8",France,
top14,2025/2026,Killian Tixeront,ASM Clermont Auvergne,1287,22,16,6,2002-01-22,"4,6,7,8",France,
top14,2025/2026,Kirill Fraindt,Stade Rochelais,319,8,4,4,2006-07-24,"4,6,8",Russie,
top14,2025/2026,Kleo Labarbe,Racing 92,236,6,3,3,2004-08-16,"9,11",France,
top14,2025/2026,Kylan Hamdaoui,ASM Clermont Auvergne,1314,19,17,2,1994-04-15,"11,15",France,
top14,2025/2026,Kyle Sinckler,RC Toulon,889,19,12,7,1993-03-30,3,Angleterre,
top14,2025/2026,Kyllian Ringuet,US Montauban,1170,18,15,3,2003-10-03,"6,7",France,
top14,2025/2026,Lachlan Swinton,Union Bordeaux-Begles,234,4,3,1,1997-01-16,"4,5,6",Australie,
top14,2025/2026,Lehopa Leota,Racing 92,43,1,1,0,2006-05-06,3,Nouvelle Zélande,
top14,2025/2026,Lekima Tagitagivalu,Racing 92,1058,23,10,13,1995-12-04,"4,5,6,7,8",Fidji,
top14,2025/2026,Lekso Kaulashvili,Section Paloise,778,16,15,1,1992-08-27,1,Géorgie,
top14,2025/2026,Lenni Nouchi,Montpellier Herault Rugby,1352,20,18,2,2003-11-24,"6,7,8",France,
top14,2025/2026,Lennox Anyanwu,Montpellier Herault Rugby,625,11,10,1,2000-11-29,"11,12",Angleterre,
top14,2025/2026,Leo Ametlla,RC Toulon,507,17,5,12,2004-04-12,1,France,
top14,2025/2026,Leo Aouf,US Montauban,273,8,2,6,1997-02-25,1,France,
top14,2025/2026,Leo Banos,Stade Toulousain,988,18,14,4,2002-08-16,"4,6,7",France,
top14,2025/2026,Leo Barre,Stade Francais Paris,1829,26,21,5,2002-08-20,"10,12,15",France,
top14,2025/2026,Leo Berdeu,Lyon,1044,20,15,5,1998-06-13,"10,13",France,
top14,2025/2026,Leo Carbonneau,Racing 92,1841,26,24,2,2004-10-07,9,France,
top14,2025/2026,Leo Coly,Montpellier Herault Rugby,627,18,5,13,1999-09-09,"9,10",France,
top14,2025/2026,Leo Michaux,ASM Clermont Auvergne,383,9,6,3,2007-09-17,"4,5",France,
top14,2025/2026,Leo Monin,Stade Francais Paris,42,1,1,0,2002-01-25,15,France,
top14,2025/2026,Leon Darricarrere,ASM Clermont Auvergne,1238,18,17,1,2004-06-04,"12,13",France,
top14,2025/2026,Leone Nakarawa,Castres Olympique,171,5,1,4,1988-04-02,"4,5,6",Fidji,
top14,2025/2026,Lester Etien,Stade Francais Paris,353,6,5,1,1995-06-21,"11,12",France,
top14,2025/2026,Levan Chilachava,Castres Olympique,227,10,2,8,1991-08-17,3,Géorgie,
top14,2025/2026,Levani Botia,Stade Rochelais,1225,25,15,10,1989-03-14,"6,7,8",Fidji,
top14,2025/2026,Lewis Bean,US Montauban,376,10,6,4,1992-02-12,"4,5",Angleterre,
top14,2025/2026,Lewis Ludlam,RC Toulon,1225,18,17,1,1995-12-08,"6,7,8",Angleterre,
top14,2025/2026,Liam Allen,Lyon,693,14,8,6,2000-03-17,"7,8",Nouvelle Zélande,
top14,2025/2026,Lilian Baret,Lyon,45,1,1,0,2008-02-24,8,France,
top14,2025/2026,Lohann Gil,RC Toulon,26,1,0,1,2006-05-18,2,France,
top14,2025/2026,Loic Credoz,Section Paloise,1264,24,15,9,1999-05-17,"6,7,8",France,
top14,2025/2026,Lois Guerois-Galisson,Castres Olympique,1008,25,13,12,2001-12-22,1,France,
top14,2025/2026,Lorencio Boyer Gallardo,USAP,92,2,2,0,2005-09-23,1,France,
top14,2025/2026,Loris Zarantonello,Castres Olympique,303,10,5,5,2000-11-17,2,France,
top14,2025/2026,Louis Bielle-Biarrey,Union Bordeaux-Begles,1027,15,12,3,2003-06-19,"11,14,15",France,
top14,2025/2026,Louis Carbonel,Stade Francais Paris,1857,24,24,0,1999-02-04,10,France,
top14,2025/2026,Louis Foursans-Bourdette,Stade Francais Paris,240,3,3,0,2002-01-29,10,France,
top14,2025/2026,Louis Le Brun,Castres Olympique,278,5,4,1,2002-02-28,10,France,
top14,2025/2026,Louis Mary,Union Bordeaux-Begles,37,2,0,2,2000-01-12,1,France,
top14,2025/2026,Louis Penverne,Stade Rochelais,365,12,2,10,2003-02-22,1,France,
top14,2025/2026,Louis Vermeulen,ASM Clermont Auvergne,19,1,0,1,2007-09-26,6,France,
top14,2025/2026,Louka Guilhot,Castres Olympique,163,6,3,3,2006-01-17,"10,14",France,
top14,2025/2026,Lucas Andjisseramatchi,Stade Rochelais,223,9,2,7,2006-04-12,"6,7,8",France,
top14,2025/2026,Lucas Dessaigne,ASM Clermont Auvergne,401,12,6,6,1999-02-27,"4,5,6,7,8",France,
top14,2025/2026,Lucas Dubois,USAP,583,8,7,1,1998-06-09,"10,11,14,15",France,
top14,2025/2026,Lucas Martin,Bayonne,951,23,11,12,2002-12-09,"2,6",France,
top14,2025/2026,Lucas Paulos,Bayonne,996,19,13,6,1998-01-09,"4,5",Argentine,
top14,2025/2026,Lucas Peyresblanques,Stade Francais Paris,777,25,6,19,1998-01-20,2,France,
top14,2025/2026,Lucas Rey,Section Paloise,622,17,7,10,1997-04-27,2,France,
top14,2025/2026,Lucas Seyrolle,US Montauban,571,17,6,11,1995-09-04,1,France,
top14,2025/2026,Lucas Tauzin,ASM Clermont Auvergne,518,9,6,3,1998-05-21,"10,11,12,13,14",France,
top14,2025/2026,Lucas Velarte,USAP,618,11,7,4,1998-10-24,"6,8",France,
top14,2025/2026,Lucas Vigneres,Stade Toulousain,73,2,1,1,2005-07-18,"12,13",France,
top14,2025/2026,Lucas Zamora,ASM Clermont Auvergne,484,18,3,15,2004-11-29,9,France,
top14,2025/2026,Lucien Richardis,Stade Toulousain,117,3,1,2,2005-03-28,"10,15",France,
top14,2025/2026,Lucio Sordoni,US Montauban,330,8,6,2,1998-07-23,3,Argentine,
top14,2025/2026,Luka Azariashvili,US Montauban,42,2,0,2,1999-11-30,3,Géorgie,
top14,2025/2026,Luka Japaridze,Montpellier Herault Rugby,432,11,6,5,1998-09-06,3,Géorgie,
top14,2025/2026,Luke Tagi,Bayonne,464,12,7,5,1997-07-23,3,Fidji,
top14,2025/2026,Luke Whitelock,Section Paloise,850,17,11,6,1991-01-29,"4,6,8",Nouvelle Zélande,
top14,2025/2026,Lyam Akrab,Montpellier Herault Rugby,167,5,1,4,2005-09-06,2,France,
top14,2025/2026,Ma'a Nonu,RC Toulon,292,10,2,8,1982-05-21,"8,12,13",Nouvelle Zélande,
top14,2025/2026,Madosh Tambwe,Montpellier Herault Rugby|Union Bordeaux-Begles,613,10,8,2,1997-05-12,"11,13,14",République Démocratique du Congo,
top14,2025/2026,Mael Castel,US Montauban,565,12,7,5,2004-07-20,9,France,
top14,2025/2026,Mael Moustin,Montpellier Herault Rugby,864,12,11,1,2003-04-22,"11,13,14",France,
top14,2025/2026,Mahamadou Diaby,Montpellier Herault Rugby|USAP,453,13,6,7,1990-08-15,"4,6,7",France,
top14,2025/2026,Malachi Hawkes,Stade Toulousain,51,2,0,2,2002-12-06,"1,2",Australie,
top14,2025/2026,Manex Ariceta,Bayonne,291,11,0,11,2004-03-20,"4,6,7,8",Espagne,
top14,2025/2026,Manu Tuilagi,Bayonne,1100,18,15,3,1991-05-18,12,Angleterre,
top14,2025/2026,Marco Fepulea'i,Bayonne,110,3,1,2,1995-04-25,3,Samoa,
top14,2025/2026,Marco Tauleigne,Montpellier Herault Rugby,445,13,3,10,1993-08-30,"4,6,7,8",France,
top14,2025/2026,Marcos Kremer,ASM Clermont Auvergne,922,13,13,0,1997-07-30,"4,5,7",Argentine,
top14,2025/2026,Marius Domon,RC Toulon,640,14,8,6,2002-06-13,"10,11,14,15",France,
top14,2025/2026,Marko Gazzotti,Union Bordeaux-Begles,865,18,12,6,2004-09-24,"5,6,7,8",France,
top14,2025/2026,Martin Meliande,Lyon,971,17,10,7,2001-12-20,"10,12,15",France,
top14,2025/2026,Martin Page-Relo,Union Bordeaux-Begles,524,11,9,2,1999-01-06,9,Italie,
top14,2025/2026,Marvin Okuya,Lyon,299,7,4,3,2003-12-29,"6,7",France,
top14,2025/2026,Mateo Carreras,Bayonne,787,12,11,1,1999-12-17,11,Argentine,
top14,2025/2026,Mateo Garcia,RC Toulon,587,11,7,4,2002-07-08,10,France,
top14,2025/2026,Mateo Gracieux,RC Toulon,162,3,2,1,2005-01-01,"11,14",France,
top14,2025/2026,Mateo Lorenzo,US Montauban,80,1,1,0,2003-07-09,4,Argentine,
top14,2025/2026,Matheo Frisach,ASM Clermont Auvergne,117,3,0,3,2006-02-10,1,France,
top14,2025/2026,Mathieu Babillot,Castres Olympique,964,16,11,5,1993-09-09,"6,7",France,
top14,2025/2026,Mathieu Hirigoyen,Stade Francais Paris,1135,24,11,13,1999-01-25,"4,5,6,7,8",France,
top14,2025/2026,Mathieu Smaili,RC Toulon,772,12,10,2,1999-08-30,"12,13,15",France,
top14,2025/2026,Mathieu Tanguy,USAP,920,20,12,8,1996-06-05,"4,5",France,
top14,2025/2026,Mathis Castro-Ferreira,Stade Toulousain,382,9,4,5,2004-01-13,"6,7,8",France,
top14,2025/2026,Mathis Ferte,RC Toulon,1609,24,20,4,2004-02-02,"9,11,14,15",France,
top14,2025/2026,Mathis Gil,Stade Toulousain,20,1,0,1,2006-03-29,13,France,
top14,2025/2026,Mathis Ibo,Stade Francais Paris,242,4,3,1,2005-01-22,"14,15",France,
top14,2025/2026,Mathis Sarragallet,Lyon,269,10,2,8,2000-07-06,2,France,
top14,2025/2026,Mathys Belaubre,ASM Clermont Auvergne,158,2,2,0,2005-03-15,"12,13",France,
top14,2025/2026,Mathys Lotrian,USAP,486,12,7,5,2004-02-18,2,France,
top14,2025/2026,Matias Remue,Stade Toulousain,494,7,6,1,2003-03-07,15,Belgique,
top14,2025/2026,Matis Perchaud,Union Bordeaux-Begles,875,24,10,14,2002-09-17,"1,7,8",France,
top14,2025/2026,Matteo Le Corvec,USAP,828,18,11,7,2001-01-04,"4,5,6,7,8",France,
top14,2025/2026,Matthias Haddad,Stade Rochelais,749,15,10,5,2001-03-10,"5,6,7,8",France,
top14,2025/2026,Matthias Halagahu,RC Toulon,173,5,2,3,2001-08-15,"4,5",France,
top14,2025/2026,Matthieu Jalibert,Union Bordeaux-Begles,1065,15,14,1,1998-11-06,10,France,
top14,2025/2026,Matthieu Uhila,Montpellier Herault Rugby,84,3,1,2,2002-04-30,"4,5,7",France,
top14,2025/2026,Matthis Lebel,Stade Toulousain,1442,21,19,2,1999-03-25,"11,13",France,
top14,2025/2026,Max Hicks,USAP,1320,20,17,3,1999-09-15,"6,7,8",Nouvelle Zélande,
top14,2025/2026,Max Spring,Racing 92,1511,22,20,2,2001-03-15,"9,11,15",France,
top14,2025/2026,Maxim Granell,USAP,675,9,9,0,2005-07-26,11,France,
top14,2025/2026,Maxime Baudonne,Racing 92,1888,28,23,5,2002-07-12,"4,6,7,8",France,
top14,2025/2026,Maxime Espeut,US Montauban,1518,22,19,3,2000-02-25,"11,12,13,14",France,
top14,2025/2026,Maxime Gouzou,Lyon,147,4,1,3,1998-09-11,"7,8",France,
top14,2025/2026,Maxime Lamothe,Union Bordeaux-Begles,971,20,11,9,1998-10-03,2,France,
top14,2025/2026,Maxime Lucu,Union Bordeaux-Begles,1051,14,12,2,1993-01-12,9,France,
top14,2025/2026,Maxime Machenaud,Bayonne,226,6,4,2,1988-12-30,9,France,
top14,2025/2026,Maxime Mathy,US Montauban,545,14,5,9,1992-10-24,"10,12,13,14",France,
top14,2025/2026,Mayron Fahy,USAP,124,4,1,3,2007-09-07,"9,15",France,
top14,2025/2026,Melvyn Jaminet,RC Toulon,1091,18,15,3,1999-06-30,"13,15",France,
top14,2025/2026,Melvyn Rates,Montpellier Herault Rugby,168,3,2,1,2006-03-30,"11,14",France,
top14,2025/2026,Merlin Leflamand,US Montauban,107,3,1,2,2006-07-21,10,France,
top14,2025/2026,Mickael Capelli,Section Paloise,611,16,6,10,1997-03-18,"4,5,6",France,
top14,2025/2026,Mickael Guillard,Lyon,789,13,10,3,2000-12-10,"4,5,8",France,
top14,2025/2026,Mikheili Shioshvili,RC Toulon,377,9,4,5,2006-06-02,"6,7,8",Géorgie,
top14,2025/2026,Mohamed Haouas,Montpellier Herault Rugby,766,19,7,12,1994-03-09,3,France,
top14,2025/2026,Monty Ioane,Lyon,843,12,11,1,1994-10-30,"11,14",Italie,
top14,2025/2026,Moses Alo-Emile,Stade Francais Paris,1015,25,15,10,2000-01-15,"1,3",France,
top14,2025/2026,Nadir Megdoud,Bayonne,80,1,1,0,1997-03-26,11,France,
top14,2025/2026,Nafi Ma'afu,US Montauban,1129,23,14,9,1998-06-19,"5,6,8",Etats-Unis,
top14,2025/2026,Naoto Saito,Stade Toulousain,494,14,4,10,1997-08-26,9,Japon,
top14,2025/2026,Nathan Bollengier,Stade Rochelais,211,4,3,1,2004-01-18,"11,13,14",France,
top14,2025/2026,Nathan Decron,Section Paloise,756,11,11,0,1998-02-17,"12,13",France,
top14,2025/2026,Nathan Hughes,Racing 92,1065,24,15,9,1991-06-10,"4,5,7,8",Fidji,
top14,2025/2026,Nathanael Hulleu,Castres Olympique,491,8,6,2,2000-05-16,"11,14,15",France,
top14,2025/2026,Nelson Epee,Stade Toulousain,15,1,0,1,2001-02-20,14,France,
top14,2025/2026,Nemo Roelofse,USAP,361,12,3,9,1995-06-06,"1,3",Afrique du Sud,
top14,2025/2026,Nicolas Corato,Castres Olympique,747,19,8,11,1997-10-07,3,France,
top14,2025/2026,Nicolas Depoortere,Union Bordeaux-Begles,868,12,10,2,2003-01-13,"12,13",France,
top14,2025/2026,Nika Abuladze,Montpellier Herault Rugby,183,6,2,4,1995-10-29,1,Géorgie,
top14,2025/2026,Nika Lomidze,Bayonne,41,1,1,0,2004-01-22,8,Géorgie,
top14,2025/2026,Nika Sutidze,Stade Rochelais,432,12,3,9,2003-09-01,2,Géorgie,
top14,2025/2026,Nikoloz Narmania,RC Toulon,92,3,1,2,2000-09-13,3,Géorgie,
top14,2025/2026,Noa Kanika,US Montauban,989,21,12,9,2002-01-06,"4,5,8",France,
top14,2025/2026,Noa Traversier,Bayonne,153,5,1,4,2005-06-10,"6,7",France,
top14,2025/2026,Noa Zinzen,Racing 92,154,7,1,6,2004-02-24,"6,7,8",France,
top14,2025/2026,Noah Nene,Stade Francais Paris,1213,18,17,1,2004-10-14,12,France,
top14,2025/2026,Noam Moreau,RC Toulon,54,1,1,0,2007-08-31,7,France,
top14,2025/2026,Noe Della Schiava,USAP,152,4,1,3,2002-02-28,6,France,
top14,2025/2026,Nohem Ez Zahouany,ASM Clermont Auvergne,22,1,0,1,2007-02-16,3,France,
top14,2025/2026,Nolann Donguy,Racing 92,140,3,3,0,2005-11-28,11,France,
top14,2025/2026,Nolann Le Garrec,Stade Rochelais,1444,20,18,2,2002-05-14,9,France,
top14,2025/2026,Nolhann Couillaud,Stade Rochelais,212,4,3,1,2006-12-08,9,France,
top14,2025/2026,Nugzar Somkhishvili,US Montauban,211,7,0,7,2001-08-30,1,Géorgie,
top14,2025/2026,Oliver Cowie,RC Toulon,684,12,8,4,2005-06-17,"11,12,13,14",France,
top14,2025/2026,Olivier Klemenczak,Section Paloise,34,1,1,0,1996-06-01,13,France,
top14,2025/2026,Oscar Jegou,Stade Rochelais,1180,17,15,2,2003-05-31,"6,7,8",France,
top14,2025/2026,Owen Sorhaindo,RC Toulon,152,5,0,5,2005-03-06,3,France,
top14,2025/2026,Pablo Uberti,Union Bordeaux-Begles,1357,19,19,0,1997-10-19,"11,13,14",France,
top14,2025/2026,Paddy Jackson,Lyon,422,11,4,7,1992-01-05,"10,15",Irlande,
top14,2025/2026,Paolo Garbisi,RC Toulon,698,11,9,2,2000-04-26,10,Italie,
top14,2025/2026,Pascal Cotet,Bayonne,516,15,3,12,1993-10-12,3,France,
top14,2025/2026,Patrick Sobela,USAP,15,1,0,1,1992-08-12,7,France,
top14,2025/2026,Patrick Tuifua,RC Toulon,52,2,1,1,2004-08-25,"6,7",France,
top14,2025/2026,Paul Abadie,Stade Francais Paris,738,18,8,10,1994-07-28,9,France,
top14,2025/2026,Paul Alo-Emile,Stade Francais Paris,1100,26,14,12,1991-12-22,"1,3",Samoa,
top14,2025/2026,Paul Boudehent,Stade Rochelais,980,15,13,2,1999-11-21,"4,5,6,7",France,
top14,2025/2026,Paul Costes,Stade Toulousain,942,14,12,2,2003-04-04,"12,13",France,
top14,2025/2026,Paul Gabrillagues,Stade Francais Paris,1537,24,20,4,1993-06-03,"4,5",France,
top14,2025/2026,Paul Graou,Stade Toulousain,1297,25,19,6,1997-07-25,"9,14",France,
top14,2025/2026,Paul Jedrasiak,Castres Olympique,263,6,3,3,1993-02-06,"4,5,7",France,
top14,2025/2026,Paul Mallez,Stade Toulousain,433,10,7,3,2001-01-24,"1,3",France,
top14,2025/2026,Paul Vallee,US Montauban,1190,17,16,1,2002-07-05,"11,15",France,
top14,2025/2026,Paulo Tauiliili-Pelesasa,Section Paloise,28,1,0,1,2005-02-08,7,Australie,
top14,2025/2026,Peato Mauvaka,Stade Toulousain,451,10,6,4,1997-01-10,2,France,
top14,2025/2026,Peceli Yato,USAP,881,17,12,5,1993-01-17,"4,5,6,8",Fidji,
top14,2025/2026,Peniasi Dakuwaqa,Stade Francais Paris,1580,21,20,1,1997-04-09,"11,14",Fidji,
top14,2025/2026,Pierre Bochaton,Union Bordeaux-Begles,1021,16,12,4,2001-04-17,"4,6,7",France,
top14,2025/2026,Pierre Bourgarit,Stade Rochelais,321,9,5,4,1997-09-12,"2,7",France,
top14,2025/2026,Pierre Castillon,Bayonne,148,6,0,6,2003-09-20,1,France,
top14,2025/2026,Pierre Colonna,Castres Olympique,463,14,3,11,2001-06-14,2,France,
top14,2025/2026,Pierre Damond,RC Toulon,656,20,7,13,2003-11-27,2,France,
top14,2025/2026,Pierre Fouyssac,ASM Clermont Auvergne,210,4,3,1,1995-03-17,"12,13",France,
top14,2025/2026,Pierre Popelin,Castres Olympique,888,17,11,6,1995-06-23,"10,11,13",France,
top14,2025/2026,Pierre-Henri Azagoh,Stade Francais Paris,1244,26,13,13,1998-07-25,"4,5,6,7,8",France,
top14,2025/2026,Pierre-Louis Barassi,Stade Toulousain,996,15,14,1,1998-04-22,"11,12,13",France,
top14,2025/2026,Pietro Ceccarelli,USAP,667,18,8,10,1992-02-16,3,Italie,
top14,2025/2026,Pio Muarua,ASM Clermont Auvergne,499,18,3,15,1996-06-28,"4,5,6,7,8",Fidji,
top14,2025/2026,Pita Ahki,Stade Toulousain,237,5,4,1,1992-09-24,12,Tonga,
top14,2025/2026,Pita-Gus Sowakula,ASM Clermont Auvergne,1289,20,16,4,1994-10-26,"6,8",Fidji,
top14,2025/2026,Posolo Tuilagi,USAP,411,10,4,6,2004-07-28,"4,5,6",France,
top14,2025/2026,Quentin Lespiaucq,Stade Rochelais,576,15,6,9,1995-02-16,2,France,
top14,2025/2026,Quentin Valentino,Section Paloise,17,1,0,1,2006-03-14,12,France,
top14,2025/2026,Quentin Walcker,Castres Olympique,658,13,10,3,1996-02-21,1,France,
top14,2025/2026,Raphael Marchesin,Bayonne,62,2,1,1,2005-11-19,"7,8",France,
top14,2025/2026,Raphael Portat,Stade Toulousain,27,2,0,2,2003-10-25,"4,7",France,
top14,2025/2026,Rayan Rebbadj,RC Toulon,273,4,4,0,1999-08-15,14,France,
top14,2025/2026,Reda Wardi,Stade Rochelais,948,19,14,5,1995-08-02,1,France,
top14,2025/2026,Reece Hewat,Section Paloise,856,17,12,5,1997-09-25,"6,7,8,12",Australie,
top14,2025/2026,Regis Montagne,ASM Clermont Auvergne,727,15,11,4,2000-09-30,3,France,
top14,2025/2026,Remi Picquette,Section Paloise,357,11,4,7,1995-02-23,"4,5",France,
top14,2025/2026,Remi Seneca,Section Paloise,351,12,1,11,1995-01-16,1,France,
top14,2025/2026,Remy Baget,Castres Olympique,734,11,11,0,1997-07-27,11,France,
top14,2025/2026,Ricky Riccitelli,Montpellier Herault Rugby,340,9,4,5,1995-02-03,2,Nouvelle Zélande,
top14,2025/2026,Rob Leota,Bayonne,753,11,10,1,1997-03-03,8,Australie,
top14,2025/2026,Rob Simmons,ASM Clermont Auvergne,909,18,10,8,1989-04-19,"4,5,7",Australie,
top14,2025/2026,Robin Couly,Racing 92,27,1,0,1,2004-02-07,2,France,
top14,2025/2026,Rodrigo Bruni,Bayonne,1068,16,16,0,1993-09-03,"6,8",Argentine,
top14,2025/2026,Rodrigue Neti,Stade Toulousain,691,14,11,3,1995-04-26,1,France,
top14,2025/2026,Rohan Janse van Rensburg,Union Bordeaux-Begles,785,14,10,4,1994-09-11,"11,12,13",Afrique du Sud,
top14,2025/2026,Romain Briatte,Stade Francais Paris,1369,22,19,3,1993-02-18,"7,8",France,
top14,2025/2026,Romain Buros,Union Bordeaux-Begles,1003,15,13,2,1997-07-31,"14,15",France,
top14,2025/2026,Romain Fonnicola,US Montauban,91,2,0,2,2002-10-26,"11,12",France,
top14,2025/2026,Romain Gardrat,Union Bordeaux-Begles,116,4,1,3,2003-12-31,"7,8",France,
top14,2025/2026,Romain Macurdy,Castres Olympique,28,1,1,0,2001-09-21,6,France,
top14,2025/2026,Romain Ntamack,Stade Toulousain,1265,18,16,2,1999-05-01,10,France,
top14,2025/2026,Romain Taofifenua,Racing 92,1059,20,15,5,1990-09-14,"4,5,7",France,
top14,2025/2026,Romeo Bonnard Martin,Stade Toulousain,78,5,0,5,2006-09-01,"5,6,7",France,
top14,2025/2026,Ru-Hann Greyling,US Montauban,567,12,11,1,1999-05-28,2,Afrique du Sud,
top14,2025/2026,Ryan Chapuis,Stade Francais Paris,419,8,5,3,1997-12-12,"6,7",France,
top14,2025/2026,Sacha Lotrian,ASM Clermont Auvergne,556,17,5,12,2000-08-13,1,France,
top14,2025/2026,Sacha Zegueur,Section Paloise,1138,22,14,8,1999-06-21,"4,6,7,8",France,
top14,2025/2026,Salesi Rayasi,Union Bordeaux-Begles,1098,20,14,6,1996-09-25,"11,12,13,14,15",Nouvelle Zélande,
top14,2025/2026,Sam James,Racing 92,1185,16,16,0,1994-07-03,"10,15",Angleterre,
top14,2025/2026,Sam Simmonds,Lyon,1502,22,20,2,1994-11-10,"7,8",Angleterre,
top14,2025/2026,Sama Malolo,USAP,587,14,7,7,1998-02-19,2,Samoa,
top14,2025/2026,Samuel Ezeala,Stade Francais Paris,1206,22,15,7,1999-12-11,"11,13,14",Espagne,
top14,2025/2026,Santiago Arata,Castres Olympique,1016,17,16,1,1996-09-02,9,Uruguay,
top14,2025/2026,Santiago Chocobares,Stade Toulousain,944,13,13,0,1999-03-31,"12,13",Argentine,
top14,2025/2026,Sebastien Bezy,ASM Clermont Auvergne,307,10,3,7,1991-11-22,9,France,
top14,2025/2026,Segundo Tuculet,US Montauban,556,8,8,0,1994-02-05,"11,14,15",Argentine,
top14,2025/2026,Seilala Lam,ASM Clermont Auvergne|USAP,94,4,0,4,1989-02-18,2,Samoa,
top14,2025/2026,Sekou Macalou,Stade Francais Paris,739,18,8,10,1995-04-20,"5,6,7,8",France,
top14,2025/2026,Selestino Ravutaumada,Racing 92,682,11,10,1,2000-01-17,"11,14",Fidji,
top14,2025/2026,Selevasio Tolofua,ASM Clermont Auvergne,1036,19,13,6,1997-05-31,"5,6,7,8",France,
top14,2025/2026,Semi Lagivala,Stade Rochelais,1018,18,12,6,2003-04-06,"11,12,13,15",Fidji,
top14,2025/2026,Sergo Abramishvili,Stade Francais Paris,277,6,4,2,2003-11-20,1,Géorgie,
top14,2025/2026,Setareki Turagacoke,Stade Francais Paris,48,2,0,2,2006-06-12,"5,6",Fidji,
top14,2025/2026,Setariki Tuicuvu,RC Toulon,960,16,12,4,1995-09-07,"11,12,13,14",Fidji,
top14,2025/2026,Shingi Manyarara,Racing 92,810,16,13,3,2004-02-24,"6,7,8",Zimbabwe,
top14,2025/2026,Siate Tokolahi,Section Paloise,406,13,2,11,1992-03-16,3,Tonga,
top14,2025/2026,Sikhumbuzo Notshe,US Montauban,825,15,9,6,1993-05-28,"6,8",Afrique du Sud,
top14,2025/2026,Simeli Daunivucu,Stade Rochelais,293,7,3,4,2005-02-12,"12,13",Fidji,
top14,2025/2026,Simon Huchet,Stade Rochelais,33,3,0,3,2004-04-07,4,France,
top14,2025/2026,Simon Meka,Castres Olympique,153,3,1,2,2000-03-14,"7,8",France,
top14,2025/2026,Simon Renda,US Montauban,1114,18,13,5,2000-06-07,"12,13,15",France,
top14,2025/2026,Simon Sol,USAP,80,1,1,0,,11,France,
top14,2025/2026,Simon Taty,USAP,54,1,1,0,2007-01-29,6,France,
top14,2025/2026,Sione Mafile'o,US Montauban,534,12,8,4,1993-04-14,3,Nouvelle Zélande,
top14,2025/2026,Sipili Falatea,Union Bordeaux-Begles,395,12,4,8,1997-06-06,3,France,
top14,2025/2026,Sireli Maqala,Bayonne,1124,17,16,1,2000-03-20,13,Fidji,
top14,2025/2026,Soumaila Camara,Racing 92,276,8,4,4,2003-09-30,"6,7,8",France,
top14,2025/2026,Stefan Buruiana,Castres Olympique,16,1,0,1,2003-03-03,2,France,
top14,2025/2026,Stephane Ahmed,US Montauban,439,6,6,0,1999-02-04,"11,14",France,
top14,2025/2026,Stuart Hogg,Montpellier Herault Rugby,215,7,3,4,1992-06-24,"10,12,15",Ecosse,
top14,2025/2026,Suliasi Vunivalu,Stade Rochelais,217,4,4,0,1995-11-27,14,Fidji,
top14,2025/2026,Swan Cormenier,Bayonne,391,11,4,7,1996-01-18,1,France,
top14,2025/2026,Swan Rebbadj,RC Toulon,524,10,8,2,1995-01-15,"4,5",France,
top14,2025/2026,Tanginoa Halaifonua,Stade Francais Paris,1179,21,14,7,1996-09-20,"4,6,8",Tonga,
top14,2025/2026,Tani Vili,Stade Francais Paris,1091,18,13,5,2000-10-31,"6,11,12,13",France,
top14,2025/2026,Taniela Tupou,Racing 92,352,12,1,11,1996-05-10,3,Tonga,
top14,2025/2026,Tavite Veredamu,USAP,579,8,8,0,1989-09-01,14,France,
top14,2025/2026,Tawera Kerr-Barlow,Stade Francais Paris,1098,23,18,5,1990-08-15,9,Nouvelle Zélande,
top14,2025/2026,Teddy Baubigny,RC Toulon,986,21,15,6,1998-09-02,2,France,
top14,2025/2026,Teddy Durand,Castres Olympique,1277,25,18,7,1999-10-14,2,France,
top14,2025/2026,Teddy Thomas,Stade Toulousain,1326,21,15,6,1993-09-18,"11,13,14,15",France,
top14,2025/2026,Temo Matiu,Union Bordeaux-Begles,1269,20,15,5,2001-07-20,"6,7,8",France,
top14,2025/2026,Tevita Ratuva,ASM Clermont Auvergne,552,9,8,1,1995-05-08,"4,5,6,7",Fidji,
top14,2025/2026,Tevita Tatafu,Bayonne,231,6,3,3,2002-10-13,3,France,
top14,2025/2026,Theo Attissogbe,Section Paloise,847,12,11,1,2004-11-19,"14,15",France,
top14,2025/2026,Theo Chabouni,Castres Olympique,1587,22,19,3,2003-12-22,"10,11,15",France,
top14,2025/2026,Theo Forner,USAP,1243,16,16,0,2001-10-17,"11,14,15",France,
top14,2025/2026,Theo Millet,Lyon,1691,22,22,0,1997-07-08,12,France,
top14,2025/2026,Theo Ntamack,Stade Toulousain,642,17,6,11,2002-05-29,"5,6,7,8",France,
top14,2025/2026,Theo William,Lyon,1442,24,17,7,2000-07-04,"4,5,6,7",France,
top14,2025/2026,Thibaud Flament,Stade Toulousain,886,16,9,7,1997-04-29,"4,5",France,
top14,2025/2026,Thibaud Lanen,ASM Clermont Auvergne,596,13,9,4,1998-04-01,"4,5,6",France,
top14,2025/2026,Thibault Daubagna,Section Paloise,985,22,14,8,1994-05-20,9,France,
top14,2025/2026,Thibaut Motassi,Stade Francais Paris,428,15,2,13,2005-01-02,9,France,
top14,2025/2026,Thibaut Regard,Lyon,272,6,3,3,1993-08-06,"12,13",France,
top14,2025/2026,Thierry Paiva,Stade Francais Paris,517,14,4,10,1995-11-19,1,France,
top14,2025/2026,Thomas Alary,Stade Toulousain,80,1,1,0,2006-09-06,15,France,
top14,2025/2026,Thomas Berjon,Stade Rochelais,818,22,7,15,1998-04-12,"9,11,12,14,15",France,
top14,2025/2026,Thomas Bue,US Montauban,1034,20,18,2,2002-07-25,1,France,
top14,2025/2026,Thomas Carol,Section Paloise,18,1,0,1,2001-01-17,14,France,
top14,2025/2026,Thomas Ceyte,ASM Clermont Auvergne,1362,21,20,1,1991-02-13,5,France,
top14,2025/2026,Thomas Darmon,Montpellier Herault Rugby,213,10,0,10,1998-05-12,"12,13",France,
top14,2025/2026,Thomas Fortunel,US Montauban,658,13,10,3,1995-06-07,10,France,
top14,2025/2026,Thomas Jolmes,Section Paloise,683,14,9,5,1995-10-08,"4,5,6,7",France,
top14,2025/2026,Thomas Laclayat,Section Paloise,1042,22,17,5,1997-10-02,3,France,
top14,2025/2026,Thomas Lacombre,Stade Toulousain,645,16,7,9,2004-07-14,"2,6",France,
top14,2025/2026,Thomas Lainault,Racing 92,1129,21,14,7,1993-12-28,"4,5,7",France,
top14,2025/2026,Thomas Larregain,US Montauban,218,4,3,1,1997-04-16,15,France,
top14,2025/2026,Thomas Lavault,Stade Rochelais,800,17,7,10,1999-05-03,"4,5",France,
top14,2025/2026,Thomas Marceline,Lyon,111,4,0,4,2005-06-18,"2,3",France,
top14,2025/2026,Thomas Moukoro,Lyon,709,20,5,15,2002-01-01,1,France,
top14,2025/2026,Thomas Ramos,Stade Toulousain,964,15,12,3,1995-07-23,"10,15",France,
top14,2025/2026,Thomas Serezat,USAP,26,1,0,1,2007-12-31,6,France,
top14,2025/2026,Thomas Souverbie,Section Paloise,348,14,3,11,2004-06-28,"9,13",France,
top14,2025/2026,Thomas Vincent,Montpellier Herault Rugby,320,9,3,6,1999-07-21,"10,11",France,
top14,2025/2026,Tiaan Jacobs,Union Bordeaux-Begles,683,17,8,9,2004-08-16,"4,5,6,7,8",Afrique du Sud,
top14,2025/2026,Timeo Frier,ASM Clermont Auvergne,40,1,0,1,2007-09-20,14,France,
top14,2025/2026,Tjiuee Uanivi,US Montauban,1277,21,15,6,1990-12-31,"4,5,7,8",Namibie,
top14,2025/2026,Tolu Latu,Stade Rochelais,857,20,13,7,1993-02-23,2,Tonga,
top14,2025/2026,Tom Banks,Montpellier Herault Rugby,2071,26,26,0,1994-06-18,"11,15",Australie,
top14,2025/2026,Tom Ecochard,USAP,825,17,11,6,1992-12-14,9,France,
top14,2025/2026,Tom Leveque,Bayonne,136,3,2,1,2006-03-16,"12,14",France,
top14,2025/2026,Tom Raffy,ASM Clermont Auvergne,180,8,1,7,2004-07-26,"10,11,15",France,
top14,2025/2026,Tom Spring,Bayonne,1544,23,19,4,2002-09-26,"10,14,15",France,
top14,2025/2026,Tom Staniforth,Castres Olympique,1028,20,15,5,1994-08-13,"4,5,7,8",Australie,
top14,2025/2026,Toma Taufa,Union Bordeaux-Begles,128,5,0,5,1995-03-09,"1,3",Tonga,
top14,2025/2026,Tomas Albornoz,RC Toulon,715,11,9,2,1997-09-17,10,Argentine,
top14,2025/2026,Tomas Lezana,US Montauban,28,2,1,1,1994-02-16,"6,8",Argentine,
top14,2025/2026,Tomas Rapetti,Stade Toulousain,13,1,0,1,2005-03-04,3,Argentine,
top14,2025/2026,Tommaso Allan,USAP,572,10,6,4,1993-04-26,"10,15",Italie,
top14,2025/2026,Toshi Butlin,Section Paloise,62,1,1,0,2005-02-19,11,Australie,
top14,2025/2026,Tristan Tedder,USAP,761,12,11,1,1996-04-17,"10,15",Afrique du Sud,
top14,2025/2026,Tumua Manu,Section Paloise,353,6,5,1,1993-04-18,"11,12,13,14",Samoa,
top14,2025/2026,Tyler Ardron,Castres Olympique,1143,17,15,2,1991-06-16,"4,7,8",Canada,
top14,2025/2026,Tyler Duguid,Montpellier Herault Rugby,1539,24,20,4,2000-10-17,"5,6",Canada,
top14,2025/2026,Tyrone Viiga,US Montauban,647,13,12,1,1992-06-09,"6,8",Nouvelle Zélande,
top14,2025/2026,Ugo Boniface,Union Bordeaux-Begles,274,9,2,7,1998-07-21,"1,2",France,
top14,2025/2026,Ugo Pacome,Stade Rochelais,378,8,7,1,2005-05-01,15,France,
top14,2025/2026,Ugo Seunes,Racing 92,1243,24,13,11,2000-11-15,"10,15",France,
top14,2025/2026,Uini Atonio,Stade Rochelais,143,3,3,0,1990-03-26,3,France,
top14,2025/2026,Ultan Dillane,Stade Rochelais,296,6,3,3,1993-11-09,"4,5,7",Irlande,
top14,2025/2026,Ulupano Seuteni,Stade Rochelais,1047,19,14,5,1993-12-09,"12,13,15",Samoa,
top14,2025/2026,Upaleto Feao,Stade Rochelais,241,6,6,0,2005-06-18,3,France,
top14,2025/2026,Vaea Fifita,US Montauban,1200,20,13,7,1992-06-17,"6,7,8",Tonga,
top14,2025/2026,Vakhtang Jintcharadze,US Montauban,276,7,2,5,1999-11-08,2,Géorgie,
top14,2025/2026,Valentin Delpy,Stade Toulousain,286,4,4,0,2003-08-22,10,France,
top14,2025/2026,Valentin Hutteau,Union Bordeaux-Begles,348,11,3,8,2007-06-26,9,France,
top14,2025/2026,Valentin Simutoga,US Montauban,499,12,4,8,2003-02-14,3,France,
top14,2025/2026,Valentin Welsch,Montpellier Herault Rugby,136,5,0,5,2003-04-10,"1,3",France,
top14,2025/2026,Veresa Ramototabua,Castres Olympique,593,13,9,4,2000-06-12,"5,7,8",Fidji,
top14,2025/2026,Victor Hannoun,Bayonne,275,5,3,2,2003-08-20,"11,14",France,
top14,2025/2026,Victor Montgaillard,USAP,278,9,4,5,2002-07-16,2,France,
top14,2025/2026,Victor Moreaux,US Montauban,54,2,0,2,1993-09-19,5,France,
top14,2025/2026,Vilimoni Botitu,Castres Olympique,1103,18,14,4,1998-06-15,"12,13,14",Fidji,
top14,2025/2026,Vinaya Habosi,Racing 92,1523,23,17,6,2000-01-30,"11,12,13",Fidji,
top14,2025/2026,Vincent Giudicelli,Bayonne,289,10,0,10,1997-06-25,2,France,
top14,2025/2026,Vincent Rattez,Lyon,175,3,3,0,1992-03-24,"11,15",France,
top14,2025/2026,Vladi Ashvetia,Racing 92,195,4,2,2,2005-04-11,"12,13",France,
top14,2025/2026,Vuate Karawalevu,Castres Olympique,772,12,11,1,2001-03-05,"11,13,14",Fidji,
top14,2025/2026,Wame Naituvi,Racing 92,619,10,8,2,1996-05-18,"11,14",Fidji,
top14,2025/2026,Watisoni Waqanisaravi,Stade Rochelais,101,3,1,2,2003-04-18,"5,6",Fidji,
top14,2025/2026,Wilfrid Hounkpatin,Montpellier Herault Rugby,878,21,14,7,1991-07-29,3,France,
top14,2025/2026,Wilfried Hulleu,Racing 92,1134,17,16,1,2002-06-27,"11,14",France,
top14,2025/2026,Will Collier,Castres Olympique,612,14,9,5,1991-05-05,3,Angleterre,
top14,2025/2026,Will Rowlands,Racing 92,374,7,6,1,1991-09-19,"4,5",Pays de Galles,
top14,2025/2026,Will Skelton,Stade Rochelais,282,6,3,3,1992-05-03,5,Australie,
top14,2025/2026,Xan Mousques,Union Bordeaux-Begles,773,15,9,6,2005-11-18,"10,11,13,15",France,
top14,2025/2026,Xander Iosefo,Section Paloise,52,1,1,0,2006-02-22,6,Australie,
top14,2025/2026,Yacouba Camara,Montpellier Herault Rugby,1071,17,15,2,1994-06-02,"6,7",France,
top14,2025/2026,Yanis Basse,Racing 92,208,11,1,10,2006-08-23,2,France,
top14,2025/2026,Yanis Lux,Stade Francais Paris,26,1,1,0,2005-04-15,3,France,
top14,2025/2026,Yerim Fall,ASM Clermont Auvergne,400,5,5,0,2003-06-24,"11,14",France,
top14,2025/2026,Yoan Tanga,Stade Francais Paris,1242,23,18,5,1996-11-29,"7,8",France,
top14,2025/2026,Yohan Orabe,Bayonne,1206,20,15,5,2002-05-21,"11,13,14,15",France,
top14,2025/2026,Yoram Moefana,Union Bordeaux-Begles,805,12,9,3,2000-07-18,"12,13",France,
top14,2025/2026,Youri Delhommel,Section Paloise,708,20,6,14,1996-03-06,2,France,
top14,2025/2026,Yvan Reilhac,US Montauban,448,8,4,4,1995-06-09,"11,12,13,14,15",France,
top14,2025/2026,Zach Mercer,RC Toulon,1257,21,17,4,1997-06-28,"6,7,8",Angleterre,
top14,2025/2026,Zack Henry,Stade Francais Paris,108,2,1,1,1994-10-01,"10,15",Angleterre,
